name,city,area,cuisines_clean,rating_clean,delivery_mins,minDeliveryTime,maxDeliveryTime,cost_two_clean,visibility_index
Leon Grill,Bangalore,Ashok Nagar,"Arabian, Beverages, Desserts, American",4.4,32,32,32,400,30.39852103
Edesia by Freshmenu,Bangalore,Richmond Town,"Desserts, Bakery, Sweets",,35,35,35,150,
Amulya Veg Restaurant,Bangalore,Gandhi Nagar,"Chinese, Continental, Jain, North, Indian, South, Indian",,39,39,39,350,
homely,Bangalore,Koramangala,"Home, Food, North, Indian, South, Indian, Beverages, Chettinad, Combo, Desserts, Hyderabadi, Indian, Lucknowi, Maharashtrian, Mangalorean, Punjabi, Rajasthani, Snacks, Sweets, Thalis",4.3,52,52,52,200,29.70764555
Hotel Navayuga,Bangalore,Majestic,Andhra,4.3,35,35,35,400,19.84501822
The Pizza Bakery,Bangalore,Ashok Nagar,"Italian, Pizzas, Pastas, Desserts",4.4,36,36,36,700,27.35306684
Beijing Bites,Bangalore,Ashok Nagar,Chinese,4.2,33,33,33,450,26.10974562
KA01,Bangalore,Sampangi Rama Nagar,"North, Indian",,34,34,34,400,
Kabab Magic,Bangalore,Richmond Town,"North, Indian, Chinese",3.3,32,32,32,400,15.22989771
KFC,Bangalore,Ganganagar,"American, Fast, Food, Snacks",3.9,53,53,53,400,26.94414364
Nawabi Khana,Bangalore,Central Bangalore,"Arabian, Biryani",,40,40,40,300,
The Chariot Veg Restaurant,Bangalore,Ashok Nagar,"Chinese, South, Indian, North, Indian, Desserts, Fast, Food, Punjabi",3.9,35,35,35,400,11.87363751
Chung Wah,Bangalore,Malleswaram,"Chinese, Snacks",4,49,49,49,700,24.8664244
The Brooklyn Creamery - Healthy Ice Cream,Bangalore,Residency Road,"Desserts, Ice, Cream, Healthy, Food",,37,37,37,200,
Kanti Sweets,Bangalore,Ashok Nagar,Sweets,4.4,31,31,31,100,17.30003278
New Punjabi Hotel,Bangalore,Indiranagar,"North, Indian, Punjabi, Tandoor, Chinese",3.9,57,57,57,250,24.24476379
Shanti Sagar,Bangalore,Sivanchetti Gardens,"South, Indian",4.3,48,48,48,200,29.70764555
Corner House Ice Cream,Bangalore,Ashok Nagar,"Ice, Cream, Desserts",4.7,31,31,31,250,32.47114746
Hari Super Sandwich,Bangalore,3rd Block Jayanagar,"Fast, Food, Chaat, Snacks, Pizzas, North, Indian, Indian",4,42,42,42,100,27.63501912
Fiero! Pizzeria,Bangalore,Koramangala,"Pizzas, Italian, Pastas, Desserts, Beverages",3.9,57,57,57,400,24.24476379
Truffles,Bangalore,Ashok Nagar,"American, Desserts, Continental, Italian",4.5,29,29,29,450,31.08939651
New Shanti Sagar,Bangalore,Rajajinagar,"South, Indian, Chinese, North, Indian, Fast, Food",4,50,50,50,200,27.63501912
McDonald's,Bangalore,Ashok Nagar,"American, Fast, Food",4.2,28,28,28,400,26.10974562
Pizza Hut,Bangalore,Langford Gardens,"Pizzas, Fast, Food",3.8,36,36,36,600,17.53745796
Punjabi Rasoi,Bangalore,Indiranagar,"North, Indian",4.1,54,54,54,800,28.3258946
RNR Biryani - Taste of 1953,Bangalore,Jayanagar,"Biryani, South, Indian, Kebabs, Combo, Beverages, Desserts",4.1,52,52,52,350,18.92199412
Royal Treat,Bangalore,Koramangala,"North, Indian, Chinese, Seafood, Biryani",4.1,54,54,54,193,25.48808501
Hamza hotel,Bangalore,Shivaji Nagar,"Continental, Fast, Food, Street, Food",4.2,35,35,35,300,29.01677007
7 Plates,Bangalore,Benson Town,"Biryani, Chinese, North, Indian",4.3,48,48,48,350,26.73140623
Roti Ghar,Bangalore,Basavanagudi,"Chinese, South, Indian, North, Indian, Desserts, Fast, Food, Beverages, Mughlai",4.1,48,48,48,400,28.3258946
Mani's Dum Biryani,Bangalore,Sivanchetti Gardens,Biryani,4.3,40,40,40,499,29.70764555
Hyderabad Biriyani House,Bangalore,Srirampura,"Biryani, Chinese, Hyderabadi, Andhra, Fast, Food",4.2,46,46,46,500,26.10974562
Nagarjuna,Bangalore,Ashok Nagar,"Andhra, South, Indian, Biryani, Combo, Beverages, Desserts",4.4,32,32,32,600,30.39852103
Gokul Veg,Bangalore,Basavanagudi,"North, Indian, Jain, Indian, Beverages, Desserts",4.3,53,53,53,500,26.73140623
Nandhana Palace,Bangalore,Indiranagar,"Biryani, Andhra, South, Indian, North, Indian",4.1,58,58,58,500,25.48808501
Madeena Hotel,Bangalore,Koramangala,"Biryani, Mughlai, Indian, Beverages",4.1,54,54,54,250,28.3258946
CakeZone,Bangalore,Domlur,"Desserts, Bakery, Sweets, Ice, Cream, Beverages, Juices, Bengali",4.3,55,55,55,200,26.73140623
Vishnu Garden,Bangalore,Ganganagar,"Chinese, South, Indian, North, Indian",4.4,53,53,53,251,30.39852103
Kerala Food Club,Bangalore,Koramangala,"Kerala, Chinese, Biryani, Seafood, South, Indian",4.2,52,52,52,250,26.10974562
Hotel Moonlight,Bangalore,Malleshwaram,"Indian, Chinese, Biryani, Tandoor",4.1,53,53,53,500,18.92199412
Sri Maruthi Miltry Hotel,Bangalore,Rajajinagar,"Biryani, South, Indian, Combo",3.8,57,57,57,250,23.62310318
New Shanthi Sagar,Bangalore,Jayanagar,"North, Indian, Chinese, Fast, Food",4.1,51,51,51,400,25.48808501
Samosa Party,Bangalore,Ashok Nagar,"Fast, Food, North, Indian, Snacks, Street, Food, Beverages, Chaat",4.5,36,36,36,150,27.97472745
Imperial Restaurant,Bangalore,Shivaji Nagar,"Arabian, Chinese, Desserts, Mughlai, North, Indian, Seafood, South, Indian",4.2,33,33,33,400,19.38350617
PUNJABI DHABA,Bangalore,Majestic,Punjabi,,45,45,45,350,
Call Me Chow,Bangalore,Koramangala,"Chinese, Pan-Asian",4.3,56,56,56,400,29.70764555
Fanoos,Bangalore,Richmond Town,"Biryani, Tandoor, Kebabs, Barbecue, Fast, Food",4.2,33,33,33,300,26.10974562
Priyadarshini Restaurant,Bangalore,Gandhinagar,"South, Indian, Desserts, Fast, Food",4.4,35,35,35,150,27.35306684
Rang De Basanti Dhaba,Bangalore,Domlur,"North, Indian, Kebabs, Biryani, Snacks, Combo, Punjabi, Desserts, Tandoor, Indian",4.2,55,55,55,300,29.01677007
La Pino'z Pizza,Bangalore,Basavanagudi,Pizzas,3.9,51,51,51,220,17.99897002
MEGHDUTH BIRYANIS,Bangalore,Jayanagar,"Andhra, Biryani, South, Indian",4.2,46,46,46,400,19.38350617
South Spicy Bites Xpress,Bangalore,Rajajinagar,"Biryani, Coastal, Mangalorean, Seafood, Chinese, South, Indian",4.2,55,55,55,299,16.51366766
The Bowl Company,Bangalore,Central Bangalore,"Continental, North, Indian, Pan-Asian, Desserts, American, Asian, Beverages, Biryani, Chinese, Combo, European, Grill, Hyderabadi, Indian, Italian, Kebabs, Lucknowi, Mediterranean, Mexican, Mughlai, Oriental, Pastas, Punjab",4.2,53,53,53,300,29.01677007
Domino's Pizza,Bangalore,Central Bangalore,Pizzas,4.1,30,30,30,400,12.48254199
Hotel New Karavali,Bangalore,Banashankari,"North, Indian, Chinese, South, Indian",3.8,53,53,53,250,17.53745796
Karnataka Bhel House,Bangalore,Chamrajpet,Chaat,4.4,37,37,37,100,27.35306684
Szechuan Dragon,Bangalore,Banashankari,"Chinese, Thai",4.1,57,57,57,500,25.48808501
Onesta,Bangalore,Indiranagar,"Italian, Desserts, Pizzas, American, Snacks",3.9,57,57,57,200,24.24476379
SLV Corner Restaurant,Bangalore,Shankarapura,"Chinese, South, Indian, North, Indian, Desserts, Fast, Food",4.3,47,47,47,450,29.70764555
Glen's Bakehouse,Bangalore,Ashok Nagar,"Desserts, Bakery",4.3,34,34,34,500,19.84501822
Paakashala ,Bangalore,Ashok Nagar,"South, Indian, North, Indian, Chinese",4.3,37,37,37,500,19.84501822
99 VARIETY AND DOSA & PAV BHAJI,Bangalore,Koramangala,"South, Indian",4,59,59,59,200,24.8664244
Rajathadri Food Fort,Bangalore,Jayanagar,"Chinese, South, Indian, North, Indian, Desserts, Fast, Food",4.4,47,47,47,350,30.39852103
WarmOven Cake & Desserts,Bangalore,Central Bangalore,"Bakery, Desserts, Ice, Cream",4.2,46,46,46,200,19.38350617
Venus Biryani,Bangalore,Domlur,Biryani,4.1,49,49,49,200,25.48808501
Manjit Da Dhaba,Bangalore,Cox Town,"North, Indian",4.5,51,51,51,350,31.08939651
NIC Natural Ice Creams,Bangalore,Pulikeshi Nagar,"Ice, Cream, Desserts",4.6,40,40,40,120,21.22955438
The Belgian Waffle Co.,Bangalore,Shankarapura,"Desserts, Beverages",4.5,40,40,40,200,20.76804233
Green Onion Chinese,Bangalore,Ashok Nagar,Chinese,4.4,33,33,33,450,27.35306684
Shree Mahalakshmi Sweets,Bangalore,Chamrajpet,"Sweets, Snacks",4.1,59,59,59,200,18.92199412
Nagarjuna Chimney,Bangalore,Jayanagar,"Seafood, Andhra, Biryani, South, Indian, Combo, Desserts, Beverages",4.2,48,48,48,800,29.01677007
Natraj Chole Bhature,Bangalore,Jayanagar,"Indian, Chaat, Sweets",4.2,46,46,46,299,26.10974562
Sagar Delicacy,Bangalore,Sivanchetti Gardens,"North, Indian, South, Indian, Chinese",4.3,51,51,51,300,19.84501822
Biryani by Kilo,Bangalore,Koramangala,"Biryani, Hyderabadi, Lucknowi, Kebabs, Mughlai, North, Indian, Desserts, Beverages",4.1,72,72,72,500,25.48808501
Ancient CHINESE HOUSE,Bangalore,Koramangala,Chinese,4.1,62,62,62,300,18.92199412
Polar Bear,Bangalore,Shankarapura,"Desserts, Fast, Food",4.5,38,38,38,300,20.76804233
MTR,Bangalore,Ashok Nagar,"South, Indian",4.4,28,28,28,300,30.39852103
A2B Veg,Bangalore,Wilson Garden,"South, Indian, North, Indian, Sweets, Chinese",4.2,39,39,39,300,29.01677007
Chopstick,Bangalore,Banashankari,"Chinese, Thai, Seafood, Asian, Combo, Healthy, Food, Beverages",3.8,51,51,51,350,17.53745796
Andhra Gunpowder,Bangalore,Central Bangalore,"Andhra, Biryani",4.3,33,33,33,400,26.73140623
Chinese BAE,Bangalore,Banashankari,"Chinese, Thai, Seafood, Asian, Combo, Healthy, Food, Beverages",3.7,51,51,51,400,23.00144257
Utse Kitchen,Bangalore,Shivaji Nagar,"Chinese, Tibetan, Nepalese, Pan-Asian",4.2,51,51,51,500,19.38350617
Tibetan Mother's Kitchen,Bangalore,Koramangala,"Chinese, Tibetan, Thai",4.1,51,51,51,250,25.48808501
Dal Roti Sabji,Bangalore,New Tippasandra,"North, Indian",4.5,54,54,54,150,20.76804233
Sri Krishna Sagar,Bangalore,Koramangala,"South, Indian, North, Indian, Fast, Food, Beverages, Jain",4.2,53,53,53,126,29.01677007
Chungs Chinese Corner - Cunningham Road,Bangalore,Vasanth Nagar,"Chinese, Snacks",4.2,36,36,36,450,19.38350617
The Purple Pan,Bangalore,Rajajinagar,"Mughlai, North, Indian, Chinese, Arabian",4.1,56,56,56,400,28.3258946
Halli Donne Biryani,Bangalore,Koramangala,"South, Indian",3.7,52,52,52,200,14.54775484
Asha Sweets Center,Bangalore,Basavanagudi,Indian,4.3,47,47,47,1000,19.84501822
Veena Stores,Bangalore,Malleshwaram,"South, Indian",4.5,56,56,56,100,31.08939651
Uttara karnatakadha Jolada rotti Mattu Chapati Angadi ,Bangalore,Basavanagudi,"South, Indian, Snacks, Indian",4.3,49,49,49,100,19.84501822
Taco Bell,Bangalore,Central Bangalore,Mexican,4.2,63,63,63,300,19.38350617
Anand Sweets and Savouries,Bangalore,Shivaji Nagar,"Sweets, Chaat, Snacks, Desserts, North, Indian",4.6,39,39,39,200,28.59638806
Biryani Canteen,Bangalore,Rajajinagar,"Biryani, Chinese, North, Indian, Tandoor",4,58,58,58,400,18.46048207
Nando's,Bangalore,Indiranagar,"Fast, Food, Portuguese, African, Grill, Salads",4.3,53,53,53,450,26.73140623
Sandwich Guru,Bangalore,Basavanagudi,"Snacks, Beverages",4.3,50,50,50,99,19.84501822
Aroma of Asia,Bangalore,Pulikeshi Nagar,Chinese,4.2,45,45,45,400,19.38350617
Khichdi Experiment,Bangalore,Koramangala,"Home, Food, Indian, Healthy, Food, North, Indian, Snacks, Maharashtrian, Sweets, South, Indian, Combo, Desserts, Beverages, Kebabs",4.5,49,49,49,250,20.76804233
Paradise Biryani,Bangalore,Rajajinagar,"Biryani, Kebabs",3.9,59,59,59,400,17.99897002
California Burrito,Bangalore,Central Banglore,"Mexican, American, Salads, Continental, Keto, Healthy, Food",4.5,35,35,35,250,31.08939651
Srinidhi Sagar,Bangalore,Indiranagar,"South, Indian, North, Indian, Indian, Chinese, Beverages, Desserts",4,61,61,61,200,15.72730253
Paratha Experiment,Bangalore,Koramangala,"North, Indian, Punjabi, Home, Food, Indian, Snacks, Combo, Desserts, Beverages, South, Indian, Continental, Chettinad, Healthy, Food, Chinese, Sweets",4.3,52,52,52,200,16.90685022
India Bistro,Bangalore,Indiranagar,"North, Indian, Biryani, Kebabs, Indian, Mughlai, Seafood, Desserts, Beverages",4.4,59,59,59,750,20.30653027
Sampurna - The House of Southern Flavours,Bangalore,Jogupalya,"South, Indian, Hyderabadi, Andhra, Biryani, Desserts, Snacks",4.2,45,45,45,200,19.38350617
Kerala Pavilion,Bangalore,Domlur,"Kerala, Seafood",4.1,55,55,55,300,18.92199412
Kwality Walls Frozen Dessert and Ice Cream Shop,Bangalore,Basavanagudi,"Ice, Cream",4.5,46,46,46,300,13.70035097
Amul Ice-cream parlour,Bangalore,Rajajinagar,"Ice, Cream",,51,51,51,200,
ITC Hotels - Biryani & Pulao Collection,Bangalore,Ashok Nagar,"Biryani, North, Indian, Desserts",,55,55,55,1000,
Anupams Coast II Coast,Bangalore,Ashok Nagar,"Mangalorean, Chinese, North, Indian, Mughlai, Punjabi, Awadhi",4,36,36,36,1200,18.46048207
Grill Biriyanis,Bangalore,Malleshwaram,"Biryani, Andhra, Tandoor, Grill",3.5,59,59,59,300,13.76138971
The Betel Leaf Co.,Bangalore,Sampangiram Nagar,"Paan, Desserts",4.5,51,51,51,100,20.76804233
Kaati Zone Rolls & Wraps,Bangalore,Kodihalli,"Fast, Food, Beverages, Bengali, Biryani, Indian, North, Indian, Snacks, Street, Food",4.3,59,59,59,150,19.84501822
Treat,Bangalore,Indiranagar,"Mughlai, North, Indian",4.5,56,56,56,800,20.76804233
Baskin Robbins,Bangalore,Ashok Nagar,Desserts,4.4,35,35,35,400,17.30003278
Upahara Darshini KIMS Canteen,Bangalore,VV Puram,"South, Indian, North, Indian, Desserts, Chinese",4.4,45,45,45,400,13.39589873
Shree Veerabhadreshwara Rotti Holige Mane,Bangalore,Rajajinagar,"South, Indian",4.1,56,56,56,200,18.92199412
Art Of Delight,Bangalore,Ashok Nagar,"Ice, Cream, Desserts, Beverages",4.6,34,34,34,250,21.22955438
Kouzina Kafe  The Food Court,Bangalore,Central Bangalore,"Bakery, Desserts, Ice, Cream, Beverages, Fast, Food",,48,48,48,200,
In Wok,Bangalore,Richmond Town,Chinese,4.3,44,44,44,500,19.84501822
Tadka Singh,Bangalore,Ashok Nagar,"Punjabi, North, Indian",4.2,38,38,38,300,19.38350617
The Dessert Zone,Bangalore,Central Bangalore,"Bakery, Desserts, Ice, Cream, Beverages",3.9,47,47,47,200,11.87363751
Malabar Biriyani World,Bangalore,Adugodi,"Biryani, Kerala, Seafood",4.3,55,55,55,250,13.09144648
Burger Seigneur,Bangalore,Ashok Nagar,"American, Beverages",4.3,34,34,34,1200,19.84501822
Sweet Truth - Cake and Desserts,Bangalore,Shantinagar,"Ice, Cream, Bakery, Desserts, Beverages",,45,45,45,450,
Shanthi Sagar Grand,Bangalore,Malleshwaram,"North, Indian, South, Indian, Fast, Food",4,57,57,57,200,18.46048207
Airlines Hotel,Bangalore,Ashok Nagar,"South, Indian, North, Indian",4.3,32,32,32,500,19.84501822
Behrouz Biryani,Bangalore,Shantinagar,"Biryani, Mughlai, Lucknowi, Hyderabadi, Kebabs, North, Indian, Persian, Desserts",4.3,48,48,48,500,19.84501822
Subway,Bangalore,Ashok Nagar,"Fast, Food, Salads, Snacks, Desserts, Beverages",4.4,38,38,38,350,20.30653027
Palmgrove Ballal Residency,Bangalore,Ashok Nagar,"Chinese, Coastal, Desserts, Fast, Food, Jain, North, Indian, South, Indian",4.4,37,37,37,400,20.30653027
Antarastriya,Bangalore,Basavanagudi,"Chinese, Tibetan, Mexican, Italian-American",,53,53,53,200,
Jalpaan,Bangalore,Jayanagar,"Desserts, Italian, Jain, Mexican",4.4,54,54,54,650,20.30653027
BOX8 - Desi Meals,Bangalore,New Tippasandra,"North, Indian, Biryani, Combo, Snacks",4.1,61,61,61,250,18.92199412
1947 Restaurant,Bangalore,Malleshwaram,"North, Indian, Chinese, Desserts, Biryani",4.4,60,60,60,900,20.30653027
The Fatty Bao,Bangalore,Ashok Nagar,Asian,4.3,35,35,35,1000,19.84501822
Suzy Q by 1522,Bangalore,Central Bangalore,"Continental, Indian, Seafood, Asian, Chaat, Desserts",4.3,47,47,47,800,13.09144648
Makers of Milkshakes,Bangalore,Koramangala,"Beverages, Desserts",4.2,56,56,56,260,16.51366766
Cake Paradise,Bangalore,Jayanagar,Bakery,,56,56,56,400,
Darjeeling Hot Momos,Bangalore,Koramangala,Chinese,4.2,52,52,52,250,19.38350617
Krispy Kreme,Bangalore,Victoria Layout,"Desserts, Beverages",4.7,33,33,33,170,21.69106643
Sreeraj Lassi Bar,Bangalore,Shivaji Nagar,"Juices, Desserts",4.2,35,35,35,250,12.78699424
Brik Oven,Bangalore,Ashok Nagar,"Pizzas, Italian, Desserts, Beverages",4.5,35,35,35,1000,20.76804233
Ice Thunder - Balaji's Veg,Bangalore,Basavanagudi,"South, Indian, North, Indian, Chinese, Desserts, Fast, Food, Thalis",3.8,50,50,50,200,17.53745796
Tandoori Taal,Bangalore,Sampangi Rama Nagar,Indian,4.5,38,38,38,700,20.76804233
Esplanade,Bangalore,Indiranagar,"Mughlai, Bengali",4.3,54,54,54,1200,19.84501822
Cream Stone,Bangalore,Pulikeshi Nagar,"Ice, Cream, Desserts, Beverages",4.3,45,45,45,400,19.84501822
Cafe Coffee Day,Bangalore,Ashok Nagar,"Beverages, Snacks, Desserts",,38,38,38,300,
Paratha Envy,Bangalore,Central Bangalore,"North, Indian",4.4,48,48,48,400,20.30653027
Subbudus The SnackStop ( Eswaris Homemade snacks ),Bangalore,Indiranagar,"Sweets, Snacks, Indian",4.8,53,53,53,150,14.6137077
Nizam's Kitchens,Bangalore,Koramangala,"Biryani, Andhra, Hyderabadi, South, Indian, North, Indian, Tandoor, Beverages, Desserts",4.1,59,59,59,450,16.12048509
Punjab Express,Bangalore,Central Bangalore,"North, Indian",4.1,47,47,47,300,18.92199412
Mamagoto,Bangalore,Indiranagar,"Chinese, Asian, Pan-Asian, Thai, Oriental",4.2,59,59,59,900,19.38350617
Kota Kachori And Falahaar,Bangalore,Domlur,"Chaat, North, Indian, Snacks, Rajasthani, Sweets, Desserts, Beverages",4.1,50,50,50,15,28.3258946
Dice N Dine,Bangalore,Koramangala,"American, Asian, Chinese, Continental, Desserts, Italian, Jain, Mexican",4,57,57,57,500,24.8664244
Andhra Ruchulu,Bangalore,Jayanagar,"Andhra, Chettinad, Chinese, Desserts, North, Indian, Seafood",4.2,47,47,47,500,19.38350617
Sattvam,Bangalore,Armane Nagar,"Chinese, South, Indian, North, Indian, Continental, Desserts, Italian",4.2,52,52,52,1200,19.38350617
AL- BEK,Bangalore,Rajajinagar,"Mughlai, North, Indian",3.9,58,58,58,400,17.99897002
SWATHI RESTAURANT,Bangalore,Malleshwaram,Indian,4.3,52,52,52,300,13.09144648
SMOOR,Bangalore,Ashok Nagar,"Desserts, Asian, Beverages, Bakery, Italian, Continental, Pizzas, Italian-American",4.3,49,49,49,300,19.84501822
SRI RAJARAJESHWARI IYER MESS,Bangalore,Malleshwaram,"South, Indian",4.4,55,55,55,200,20.30653027
Rosy Roti,Bangalore,Domlur,"Home, Food, North, Indian, Punjabi, Snacks, Combo, Desserts",4.4,55,55,55,200,20.30653027
Sri Udupi Food Hub,Bangalore,Jayanagar - 3rd Block,"South, Indian, North, Indian, Indian, Chinese, Fast, Food, Combo, Chaat, Ice, Cream, Desserts, Beverages",4.3,47,47,47,199,26.73140623
Biryani Blues,Bangalore,Church Street,"Biryani, Kebabs, Lucknowi, Hyderabadi",4.2,38,38,38,400,16.51366766
Mainland China,Bangalore,Ashok Nagar,"Chinese, Oriental, Thai, Pan-Asian, Seafood, Asian, Desserts",4.3,40,40,40,850,19.84501822
Big Bowl Company,Bangalore,Koramangala,"North, Indian, Chinese, Biryani, Fast, Food",4.1,53,53,53,250,18.92199412
Sharief Bhai,Bangalore,Pulikeshi Nagar,"Biryani, North, Indian, Kebabs, Mughlai, Grill, Fast, Food, Beverages, Combo, Sweets, Desserts",4.1,48,48,48,400,28.3258946
Bhartiya Jalpan,Bangalore,Shivaji Nagar,"North, Indian, Fast, Food, Punjabi, Beverages, Desserts",4.3,40,40,40,270,26.73140623
Marwadi Chaat & Tiffin Services Shanti nagar,Bangalore,Shanti Nagar,"North, Indian",3.9,37,37,37,300,17.99897002
Kailash Parbat,Bangalore,Armane Nagar,"Fast, Food, North, Indian, Street, Food",4.2,53,53,53,300,26.10974562
Vidyarthi Bhavan,Bangalore,Gandhi Bazaar,"South, Indian",4.3,49,49,49,150,29.70764555
Raidan,Bangalore,R.T. Nagar,"Arabian, Chinese, Fast, Food, Beverages, Mughlai",3.9,57,57,57,400,17.99897002
Suchi Ruchi,Bangalore,Malleshwaram,"South, Indian, Chinese, Chaat, North, Indian, Fast, Food, Snacks",4,56,56,56,200,24.8664244
Saapaad,Bangalore,Frazer Town,"South, Indian, Biryani, Beverages",,54,54,54,400,
Anjappar,Bangalore,Ashok Nagar,"Chettinad, Thalis, Biryani, Chinese, Tandoor, South, Indian, North, Indian",4.1,37,37,37,400,18.92199412
FreshMenu,Bangalore,Richmond Town,"Chinese, Continental, Italian, Mediterranean, Thai, Lebanese, American, Asian, Beverages, Bakery, Biryani, Desserts, Mexican, North, Indian, Salads, Pizzas",4.1,38,38,38,250,28.3258946
Hyderabad Biryaani House,Bangalore,Victoria Layout,Indian,4.3,35,35,35,499,19.84501822
Richie Rich,Bangalore,Seshadripuram,"Desserts, Snacks, Chaat, Ice, Cream",4.4,36,36,36,500,27.35306684
Yumlane Pizza,Bangalore,Central Bangalore,"Pizzas, Beverages, Desserts, Snacks",3.9,45,45,45,300,17.99897002
Tandoor Hut,Bangalore,Koramangala,"Biryani, Chinese, North, Indian, South, Indian",4.4,59,59,59,300,20.30653027
Sagar Restaurant,Bangalore,Seshadripuram,"Chinese, South, Indian, North, Indian",4.3,54,54,54,500,19.84501822
RUMI,Bangalore,Indiranagar,"Indian, North, Indian, Awadhi, Mughlai, Kebabs, Biryani",4,61,61,61,500,18.46048207
Sardarji Londonwaley,Bangalore,Koramangala,"Indian, North, Indian, Punjabi, Chinese, Biryani",4,55,55,55,350,24.8664244
Main Lassi Shop,Bangalore,Shivaji Nagar,"Beverages, Juices, Ice, Cream, Pizzas, Desserts",3.8,38,38,38,250,17.53745796
ARAMANE DONNE BIRIYANI,Bangalore,Koramangala,Indian,4.3,49,49,49,300,19.84501822
Ambur Star Briyani Since 1890,Bangalore,Indiranagar,"Biryani, Chettinad, Andhra, Beverages, Seafood",4.3,48,48,48,600,29.70764555
Asha Food Camp,Bangalore,Malleshwaram,"Indian, Beverages, Biryani, Chinese, Desserts, Ice, Cream, Juices, Tandoor, North, Indian, Street, Food, Chaat, South, Indian",4.5,54,54,54,250,27.97472745
Karama,Bangalore,Pulikeshi Nagar,"Arabian, Biryani, Desserts, Mughlai, North, Indian",4.2,58,58,58,400,26.10974562
EatFit,Bangalore,Central Bangalore,"Healthy, Food, Pizzas, North, Indian, Thalis, Biryani",4.4,38,38,38,270,27.35306684
Dal Chawal Roti Sabji,Bangalore,Shantinagar,"Thalis, Combo, North, Indian",,46,46,46,200,
Fabelle Chocolates - ITC Gardenia,Bangalore,Ashok Nagar,"Bakery, Desserts, Sweets",,34,34,34,600,
Karnataka biryani point,Bangalore,Srirampura,Biryani,4.1,47,47,47,250,18.92199412
Swathi Greenland,Bangalore,Vijayanagar,"Chinese, North, Indian, Desserts, Andhra, Beverages, Seafood, Punjabi, Hyderabadi",4.4,62,62,62,400,17.30003278
Dhaba Estd 1986 Delhi,Bangalore,Indiranagar,"Biryani, Hyderabadi, North, Indian, Indian, Tandoor, Punjabi",4.2,58,58,58,900,19.38350617
Uttara Karnataka Jolad Rotti & Chapathi Store,Bangalore,Shankarapura,"South, Indian",4,50,50,50,200,18.46048207
The Salad Studio,Bangalore,Indiranagar,"Healthy, Food, Salads, Cafe, Fast, Food, Beverages",4.4,55,55,55,300,20.30653027
Church Street Social,Bangalore,Ashok Nagar,"Indian, Chinese, South, Indian, American, Fast, Food, Kebabs, Mughlai, Biryani, Combo",4.2,38,38,38,500,19.38350617
DONUT HUBB,Bangalore,Frazer Town,"Desserts, Beverages",,53,53,53,150,
Mad Over Donuts,Bangalore,Ashok Nagar,"Desserts, Sweets, Bakery",4.2,51,51,51,200,16.51366766
ITC Gardenia - Flavours,Bangalore,Ashok Nagar,"Indian, Continental, North, Indian, Biryani, Desserts",4.2,49,49,49,1000,12.78699424
Sri Udupi Grand Veg,Bangalore,Shanti Nagar,"Beverages, North, Indian, South, Indian",4.1,38,38,38,250,18.92199412
Om Shiva Shakthi chats center,Bangalore,Basavanagudi,"Fast, Food, Chaat, Beverages",4.4,51,51,51,150,17.30003278
Oven Story Pizza,Bangalore,Shantinagar,Pizzas,4.1,44,44,44,600,18.92199412
BASAVESHWAR KHANAVALI,Bangalore,Jayanagar,Indian,4.2,48,48,48,300,19.38350617
New Krishna Sagar,Bangalore,New Tippasandra,"South, Indian, North, Indian, Chinese, Snacks",4.1,59,59,59,100,16.12048509
Voosh Thalis & Bowls,Bangalore,Basavanagudi,"North, Indian, Home, Food, Indian, Beverages, Thalis, Combo",3.5,55,55,55,199,13.76138971
Malleshwaram dose corner,Bangalore,Malleshwaram,"South, Indian, Snacks",4.4,54,54,54,120,27.35306684
Altaf's Chillies Restaurants,Bangalore,Cooke Town,"North, Indian, Chinese",4.3,55,55,55,250,26.73140623
Momoz,Bangalore,Banashankari,"Chinese, Thai, Seafood, Asian, Combo, Malaysian",3.8,53,53,53,350,23.62310318
Hotel Dwarka,Bangalore,Basavanagudi,"South, Indian",4.4,52,52,52,200,30.39852103
Great Indian Khichdi,Bangalore,Rajajinagar,"Indian, Home, Food, Healthy, Food, Snacks",4.2,56,56,56,200,26.10974562
Magnolia Bakery,Bangalore,Indiranagar,"Desserts, Bakery, Ice, Cream",4.6,54,54,54,500,21.22955438
RS Shiv Sagar,Bangalore,Seshadripuram,"North, Indian, Chinese, South, Indian, Mexican",4.3,61,61,61,500,19.84501822
Fresh Bites,Bangalore,Indiranagar,"North, Indian, South, Indian, Chinese, Fast, Food, Juices, Tandoor",4.1,53,53,53,200,25.48808501
Kim Lee,Bangalore,Jogupalya,Chinese,4.4,50,50,50,650,20.30653027
Theobroma,Bangalore,Central Bangalore,"Desserts, Bakery, Beverages",4.5,33,33,33,500,27.97472745
Happy Platter,Bangalore,Rajajinagar,"Chinese, Combo, Italian, Pastas, Snacks",4,56,56,56,300,18.46048207
Delicacy,Bangalore,Pulikeshi Nagar,"Chinese, Thai",4.2,56,56,56,400,26.10974562
HUNGRY CHANG,Bangalore,Koramangala,"Chinese, Fast, Food, Pan-Asian, Combo",3.8,57,57,57,280,17.53745796
Gudbud,Bangalore,Koramangala,"Ice, Cream, Desserts",4.6,51,51,51,300,28.59638806
New kadai restaurant,Bangalore,Ganganagar,"Tandoor, Chinese, Juices, Ice, Cream",4.1,53,53,53,400,18.92199412
Food Paradise,Bangalore,Malleshwaram,"Mughlai, North, Indian, Chinese, Fast, Food",3.9,53,53,53,326,17.99897002
Punjabi Unplugged,Bangalore,Koramangala,"North, Indian, Chinese, Indian, Mughlai",3.9,54,54,54,300,24.24476379
Dock Frost'd -Ice Cream & Milkshakes,Bangalore,Koramangala,"Desserts, Ice, Cream, Beverages",4.4,54,54,54,250,27.35306684
Chung Wah Opus,Bangalore,Jayanagar,"Chinese, Pan-Asian",3.8,47,47,47,300,17.53745796
Kamat Bugle Rock,Bangalore,Basavanagudi,"North, Indian, South, Indian",4.4,57,57,57,400,20.30653027
Barbeque Nation,Bangalore,Domlur,"North, Indian, Mughlai, Seafood, Biryani, Desserts, Kebabs",3.8,50,50,50,600,14.9409374
GREEN CHILLY,Bangalore,Rajajinagar,"Chinese, North, Indian, Indian",4.3,62,62,62,300,19.84501822
M/s. SUKHSAGAR HOTEL GANDHINAGAR,Bangalore,Gandhi Nagar,"North, Indian",4.2,46,46,46,200,16.51366766
DELHI CHAAT HOUSE,Bangalore,Indiranagar,"Chaat, Indian",3.6,60,60,60,225,10.96028078
Sree Ganesha Fruit Juice Centre,Bangalore,Frazer Town,"Beverages, Juices, Snacks, Fast, Food",,51,51,51,300,
Savoury,Bangalore,Pulikeshi Nagar,"Biryani, Mughlai, Kebabs, Desserts",4.4,48,48,48,800,30.39852103
The Congee Concept,Bangalore,Indiranagar,"South, Indian",4.6,50,50,50,300,21.22955438
Pipabu,Bangalore,Koramangala,"Pizzas, Italian, American, Continental, Salads, Desserts",4,59,59,59,250,24.8664244
Frozen Coast,Bangalore,Malleshwaram,"Indian, Snacks, Beverages",,68,68,68,300,
Adithya Tiffin Centre,Bangalore,Shanti Nagar,"North, Indian",,46,46,46,200,
YUM YUM KOLKATA,Bangalore,Indiranagar,"Bengali, Indian, Chinese",4.4,63,63,63,400,20.30653027
Bikaner Sweets,Bangalore,Jayanagar,Sweets,3.7,50,50,50,99,11.26473302
Candice's Gourmet Sandwiches,Bangalore,Indiranagar,"Continental, American",4.4,55,55,55,650,20.30653027
Bheemavarma's Biryani,Bangalore,Indiranagar,"Biryani, Andhra, Chettinad, South, Indian, Hyderabadi, Kebabs, Combo",4.2,59,59,59,600,16.51366766
Rice Spice & That Thing Nice,Bangalore,Indiranagar,"Kerala, Combo, Indian, Beverages",4.2,55,55,55,500,19.38350617
RJ 14 KITCHEN,Bangalore,Rajajinagar,"North, Indian, Thalis",,63,63,63,300,
Keventers Ice Creamery,Bangalore,Koramangala,"Ice, Cream, Desserts",4.9,57,57,57,200,14.91815994
ATH - All Things Healthy!,Bangalore,Indiranagar,"Healthy, Food, Indian, Bakery, Snacks, North, Indian, Keto",4.5,57,57,57,200,20.76804233
Sea Spice Multicuisine Restaurant,Bangalore,Malleshwaram,"Seafood, Chinese, Biryani",,59,59,59,400,
BigBites,Bangalore,Frazer Town,"Street, Food, Fast, Food, Tex-Mex",,56,56,56,300,
Thali Wala,Bangalore,Banashankari,"Indian, Chinese, Desserts",,62,62,62,300,
South Ruchi's,Bangalore,Chickpet,"Chinese, Fast, Food, North, Indian, South, Indian",4,47,47,47,150,12.17808975
Pure Veg Meals by Lunchbox,Bangalore,Shantinagar,"North, Indian, Desserts, Biryani",,45,45,45,200,
The Biryani Experiment,Bangalore,Indiranagar,"Biryani, Hyderabadi, Indian, Kebabs, North, Indian, South, Indian, Andhra, Afghani, Combo, Desserts, Beverages, Punjabi, Kerala, Sweets, Arabian, Lucknowi, Parsi, Tandoor",3.9,52,52,52,500,17.99897002
The Golden Scoop,Bangalore,Malleshwaram,Indian,,61,61,61,300,
NOTO - Healthy Ice Cream,Bangalore,Rajajinagar,"Ice, Cream, Healthy, Food, Desserts",4.3,54,54,54,250,19.84501822
Eat O Clock,Bangalore,Jayanagar,"Chaat, Snacks, Street, Food, North, Indian, South, Indian",,50,50,50,200,
Grand Vaishno Dhaba,Bangalore,Koramangala,"North, Indian",,61,61,61,200,
Barbecue by Punjab Grill,Bangalore,MANTRI SQARE MALL,"North, Indian, Indian, Biryani, Punjabi, Kebabs, Mughlai, Desserts",,61,61,61,900,
Thalis  Bowls & More,Bangalore,Central Bangalore,"Pizzas, North, Indian, American, Thalis, Beverages, Combo, Punjabi",,50,50,50,300,
Khan Saheb Grills and Rolls,Bangalore,Commercial Street,"Tandoor, Mughlai, North, Indian, Kebabs",4.3,39,39,39,300,16.90685022
Fishs of the day,Bangalore,Malleshwaram,Seafood,,67,67,67,400,
Kitchens of China,Bangalore,Koramangala,"Chinese, Combo, Asian",,56,56,56,350,
Flying Kombucha,Bangalore,Brigade road,"Juices, Beverages",,44,44,44,200,
Shawarma Grill House,Bangalore,Rajajinagar,Arabian,,56,56,56,200,
The Higher Taste Stores - ISKCON,Bangalore,Malleshwaram,"Sweets, Fast, Food, North, Indian, Italian, Beverages, Desserts",4.4,59,59,59,200,27.35306684
Responsible Biryani,Bangalore,Indiranagar,"Biryani, North, Indian, Mughlai, Tandoor, Kebabs",4.2,55,55,55,450,16.51366766
BurgerHaus Gourmet Burgers,Bangalore,Indiranagar,"American, Continental, Beverages, Desserts",3.9,58,58,58,600,17.99897002
RENUKA FOODS,Bangalore,Frazer Town,"Indian, Biryani, Chinese",,54,54,54,300,
English thyme restaurant,Bangalore,Koramangala,Indian,,59,59,59,300,
Sendhoor Coffee,Bangalore,Cambridge layout,"South, Indian, Indian, Beverages",4.3,46,46,46,200,29.70764555
Dwarkamai Pure Veg Restaurant,Bangalore,Basavanagudi,"North, Indian, Chinese, Tandoor",4.1,49,49,49,400,18.92199412
Smoky and Snacky,Bangalore,Basavanagudi,"Chinese, Fast, Food, Indian",,49,49,49,180,
Sai cafe veg,Bangalore,Malleshwaram,"South, Indian",4.3,54,54,54,250,19.84501822
S R BIRIYANI HOUSE,Bangalore,Indiranagar,"Biryani, Indian",2.7,53,53,53,150,8.220210582
Maven Kitchen,Bangalore,Viveka Nagar,"Naga, Chinese",4.6,50,50,50,199,21.22955438
Third Wave Coffee,Bangalore,Ashok Nagar,"Beverages, Bakery, Continental",4.4,33,33,33,400,20.30653027
Shetty's Karavali,Bangalore,Frazer Town,"South, Indian, Seafood, Biryani, Beverages",,50,50,50,500,
Wandercrust,Bangalore,Richmond Town,"Pizzas, Italian",,40,40,40,350,
DNA cuisine-Doctor Nutri Ambrosia,Bangalore,Rajajinagar,"Salads, Healthy, Food, Beverages",,71,71,71,250,
The Momo Co.,Bangalore,Koramangala,"Chinese, Pan-Asian, Tibetan",3.8,55,55,55,250,14.9409374
Pathaan Sir,Bangalore,Pulikeshi Nagar,"Fast, Food",4.2,47,47,47,300,19.38350617
Auntie Fungs,Bangalore,Indiranagar,"Chinese, Thai, Asian",4,59,59,59,600,18.46048207
Food Adda,Bangalore,Basavanagudi,Pizzas,,55,55,55,500,
MiMi Takeout by Taiki,Bangalore,Jayanagar,"Chinese, Asian, Thai",4.4,63,63,63,850,13.39589873
Asian Hawker,Bangalore,Vasanth Nagar,"Chinese, Pan-Asian, Desserts, Beverages",,50,50,50,350,
Aalishan Restaurant & Caterer,Bangalore,Koramangala,"Mughlai, North, Indian",4.3,52,52,52,290,19.84501822
Lazeez Ambur Dum Biryani,Bangalore,Ejipura,"Biryani, Chinese, North, Indian, Punjabi, Snacks, Fast, Food",,59,59,59,250,
CANDY CLOUD FACTORY,Bangalore,Basavanagudi,"Beverages, Desserts, Fast, Food, Ice, Cream",,50,50,50,300,
Oh! Calcutta,Bangalore,Ashok Nagar,Bengali,4.3,36,36,36,800,19.84501822
Rolls Kitchen,Bangalore,Langford Gardens,"Fast, Food",4.4,35,35,35,200,27.35306684
La-Casa,Bangalore,Sheshadripuram,"Desserts, Ice, Cream, Beverages",,49,49,49,150,
The Sugar Free Keto Kafe - By Artinci,Bangalore,Domlur,"Ice, Cream, Healthy, Food, Keto, Desserts, Snacks, Beverages, Bakery",4.7,60,60,60,200,18.47958047
Karnataka Bhel House,Bangalore,Malleshwaram,"Chaat, Snacks",4.2,54,54,54,100,16.51366766
Gopaljee Cafe,Bangalore,Koramangala,"Indian, North, Indian, Fast, Food",4.3,55,55,55,350,19.84501822
london dairy,Bangalore,Guttahalli,"Ice, Cream",,50,50,50,250,
McCafe by McDonald's,Bangalore,Jogupalya,"Beverages, Desserts",,52,52,52,250,
69 DACKER'S LANE,Bangalore,Indiranagar,"Bengali, Biryani",,61,61,61,250,
Punjab Mail,Bangalore,Malleshwaram,"North, Indian, Punjabi, Thalis, Chinese, Combo, Snacks",4.1,53,53,53,300,18.92199412
ITC Sunfeast Baked Creations,Bangalore,Cox Town,"Bakery, Desserts",4.6,57,57,57,600,21.22955438
ITC Master Chef Creations,Bangalore,Cox Town,"North, Indian, Indian, Punjabi, Biryani, Chaat, Kebabs, Tandoor, Mughlai, Combo, Desserts",4.4,64,64,64,650,27.35306684
Yelneer Katte,Bangalore,Basavanagudi,Beverages,3.4,55,55,55,130,10.35137629
Ketogenic Foods,Bangalore,Vasanth Nagar,"Continental, Desserts, Healthy, Food",4.2,44,44,44,1200,12.78699424
HAPPY KYDZ CAFE,Bangalore,Indiranagar,"Fast, Food, Beverages",,61,61,61,200,
Nisarga Garden,Bangalore,Basavanagudi,"North, Indian, South, Indian, Chaat, Beverages",4.1,56,56,56,200,18.92199412
Skoosh Bubble Tea,Bangalore,Basavanagudi,Beverages,4.4,48,48,48,300,13.39589873
Punjabi Momos,Bangalore,Central Bangalore,"Chinese, Fast, Food, Snacks, Desserts, Beverages, Asian, Tibetan",,46,46,46,300,
Green G Juice Bar,Bangalore,Indiranagar,"Beverages, Continental, Desserts",4.2,60,60,60,200,12.78699424
ITC Windsor - Gourmet Couch,Bangalore,Vasanth Nagar,"North, Indian, Mughlai, Biryani, Grill, Seafood, Kebabs, Desserts",4.5,55,55,55,2500,13.70035097
RCB CAFE,Bangalore,Central Bangalore,Bakery,,47,47,47,700,
Deja Bowl,Bangalore,Domlur,"North, Indian, Home, Food, Combo, Desserts, Indian, Punjabi, Chinese",4.2,57,57,57,300,12.78699424
Kitchen of Joy,Bangalore,Indiranagar,"Bengali, Fast, Food, Chinese",4.4,55,55,55,250,20.30653027
Chichas,Bangalore,Basavanagudi,"Chinese, Indian",,49,49,49,250,
Davanagere Benne Dose,Bangalore,Jayanagar,"South, Indian",4.1,49,49,49,120,18.92199412
Holy Doh!,Bangalore,Central Bangalore,"Pizzas, Italian",,50,50,50,600,
Taste Of Tibet,Bangalore,Central Bangalore,Chinese,4.6,39,39,39,250,18.08639791
154 Breakfast Club,Bangalore,Koramangala,"Continental, American",4.4,61,61,61,1000,20.30653027
Chaat House,Bangalore,Koramangala,"Beverages, Ice, Cream, North, Indian, Snacks",,59,59,59,200,
Dr.Gelato,Bangalore,Indiranagar,Desserts,4.5,40,40,40,300,17.69321535
Goodness Grills,Bangalore,Richmond Town,"Healthy, Food, Continental, Keto, Indian, Salads",3.8,39,39,39,350,17.53745796
Vegan kitchen - By Infinitea,Bangalore,Indiranagar,"Continental, Desserts, Italian, Healthy, Food",4.5,55,55,55,1200,13.70035097
Juice Shop,Bangalore,Rajajinagar,"Juices, Beverages, Desserts, Ice, Cream",3.8,57,57,57,150,17.53745796
MAHESHWARI CHAATS CENTRE,Bangalore,Frazer Town,"Chaat, Snacks",,49,49,49,99,
U.S Pizza,Bangalore,Shivaji Nagar,"Pizzas, Fast, Food, Beverages, Salads, Pastas, Desserts",,44,44,44,400,
RCB Bar & Cafe,Bangalore,Ashok Nagar,"Indian, Asian, Continental",4.3,46,46,46,750,16.90685022
Biggies Burger 'n' More,Bangalore,Ashok Nagar,"Fast, Food, American, Attractive, Combos, Available, Beverages, Combo, Desserts, Snacks",4.1,38,38,38,300,16.12048509
Say Cheese! Pizza,Bangalore,Indiranagar,"Pizzas, Italian, Desserts, Pastas",3.4,54,54,54,400,10.35137629
Chai Point,Bangalore,Ashok Nagar,"Bakery, Combo, Beverages, Maharashtrian, Snacks, Street, Food, South, Indian, Punjabi, Fast, Food",4.5,36,36,36,150,27.97472745
SUVARNA VEG RESTAURANT,Bangalore,Vijayanagar,"Indian, North, Indian, Beverages",,64,64,64,300,
BTR - Bhatinda Tiffin Room,Bangalore,Malleshwaram,"North, Indian, Thalis, Punjabi, Combo",4.1,55,55,55,250,18.92199412
Chetty's Corner,Bangalore,Chickpet,"Fast, Food",4,51,51,51,200,12.17808975
Thalaivars Biryani,Bangalore,Central Bangalore,"Biryani, Indian",4.3,40,40,40,200,19.84501822
Hakkachow,Bangalore,Ashok Nagar,Asian,4.1,45,45,45,500,12.48254199
Flodeis,Bangalore,Vijayanagar,"Continental, Desserts, Beverages, Snacks",,64,64,64,400,
Sriracha,Bangalore,Ashok Nagar,Asian,4,45,45,45,1600,12.17808975
Sanchez,Bangalore,Ashok Nagar,"Mexican, Salads",4.7,45,45,45,1200,14.30925546
Chaipatty,Bangalore,Indiranagar,"Fast, Food, Beverages, Pizzas, Street, Food, Snacks",3.9,56,56,56,200,15.33411997
Shehzadas Biryani,Bangalore,Koramangala,"Biryani, Hyderabadi, Andhra, North, Indian, South, Indian, Tandoor, Chinese, Seafood",4.2,66,66,66,350,12.78699424
Smoke House Deli,Bangalore,Ashok Nagar,"European, Italian, American, Pastas, Salads, Juices, Desserts, Combo",4.5,39,39,39,800,27.97472745
RR Spicy Bangarpet Chat House,Bangalore,Majestic,"Chaat, Fast, Food",,59,59,59,150,
New Agarwal Bhavan,Bangalore,Malleshwaram,"Bakery, Sweets, Snacks",4.2,51,51,51,150,19.38350617
Uttara Karnataka  foods,Bangalore,Basavanagudi,"South, Indian, Snacks",,51,51,51,200,
Sri Ganesh Juice Center,Bangalore,New Tippasandra,Beverages,4.5,61,61,61,200,17.69321535
Breakfast Express,Bangalore,Indiranagar,"Continental, North, Indian, South, Indian, American, Beverages, British, Cafe, Combo, European, Desserts",4.2,52,52,52,200,26.10974562
Bombay Kulfi,Bangalore,Sudhama Nagar,"Desserts, Ice, Cream",3.9,38,38,38,100,15.33411997
Lassi Corner,Bangalore,Koramangala,"Beverages, Ice, Cream",3.3,53,53,53,199,10.04692404
Hotel Revoli Inn,Bangalore,Sudhama Nagar,"Indian, Chinese, Tandoor, South, Indian",4,38,38,38,400,15.72730253
RJ 19 Cafe,Bangalore,Shanti Nagar,"North, Indian",,47,47,47,200,
GOURMET GLOCAL - SANDWICHES & SALADS,Bangalore,Indiranagar,"Continental, Beverages",,61,61,61,500,
Pure & Sure Organic Cafe,Bangalore,Jayanagar,"Italian-American, Continental, Juices, Beverages",,49,49,49,350,
Dadi Di Rasoi,Bangalore,Shanti Nagar,"North, Indian",3.7,44,44,44,200,11.26473302
Sree Venkateshwara Foods,Bangalore,Indiranagar,"Hyderabadi, Andhra, Continental",3.8,51,51,51,500,14.9409374
XO Belgian Waffle,Bangalore,Koramangala,Desserts,4.3,50,50,50,250,19.84501822
Bangalore Mandarin,Bangalore,Indiranagar,Chinese,4.3,51,51,51,800,26.73140623
Snack A Way by ITC Master Chef,Bangalore,Cox Town,"Fast, Food, Mughlai, Lebanese, Chaat, Snacks, Desserts",4,62,62,62,450,12.17808975
Tandoor and Tadka,Bangalore,Indiranagar,"North, Indian, Tandoor, Chinese",3.8,59,59,59,250,14.9409374
Tree Tops Bar & Kitchen,Bangalore,Ashok Nagar,"Indian, Fast, Food, Pastas, Desserts",,38,38,38,800,
Chung Wah Express,Bangalore,Ashok Nagar,Chinese,,46,46,46,450,
Rajasthani Dhaba,Bangalore,Shanti Nagar,"North, Indian",3.8,40,40,40,200,17.53745796
Jaynagar Thindi Mane,Bangalore,Jayanagar,"South, Indian, North, Indian, Chinese, Beverages, Chaat",,54,54,54,200,
Hotel Tom's Restaurant,Bangalore,Ashok Nagar,"Mangalorean, Biryani, Seafood, Chinese, North, Indian, Desserts, South, Indian, Combo",4.4,35,35,35,400,20.30653027
BOWLSS OF BLISS,Bangalore,Ashok Nagar,"Ice, Cream, Healthy, Food, American, Desserts, Beverages, Keto",,38,38,38,150,
ANDHRA HOME BIRIYANI,Bangalore,Kodihalli,Biryani,,70,70,70,250,
Hungry Panda - Deliciously Chinese,Bangalore,Indiranagar,"Chinese, Asian, Thai",3.2,63,63,63,600,9.742471801
The Fast Food,Bangalore,Malleshwaram,Indian,4.3,61,61,61,150,16.90685022
HIMADRI ICE CREAM,Bangalore,Majestic,"Ice, Cream, Beverages, Desserts",,40,40,40,250,
Cantan,Bangalore,Ashok Nagar,"Chinese, Asian, Vietnamese, Pan-Asian, Seafood, Desserts",4.5,35,35,35,1000,20.76804233
TIMES SQUARE CAFE,Bangalore,Ashok nagar,"Fast, Food, Desserts, Combo, Beverages",,38,38,38,300,
Juice Junction,Bangalore,Ashok Nagar,"Juices, Fast, Food",4.5,31,31,31,150,20.76804233
Easy Bites by Hotel Empire,Bangalore,Ashok Nagar,"Snacks, American",,44,44,44,200,
The Empire Juice Shop,Bangalore,Ashok Nagar,"Juices, Ice, Cream",3.5,39,39,39,200,10.65582853
Paratha House,Bangalore,Shanti Nagar,"North, Indian",,45,45,45,200,
Udupi Sri Krishna Bhavan,Bangalore,Majestic,"South, Indian",,39,39,39,200,
Salasar Balaji Restaurant,Bangalore,Shanti Nagar,"North, Indian",,54,54,54,200,
Akkad Bakkad - Kids Meals,Bangalore,Indiranagar,"North, Indian, Punjabi, Street, Food, South, Indian",,53,53,53,400,
Portland Steak House,Bangalore,Ashok Nagar,"American, European",4.1,45,45,45,1500,16.12048509
Anjana Iyengar Bakery And Chats,Bangalore,Indiranagar,"Bakery, Desserts, Snacks",,57,57,57,200,
New TAJ BRIYANI,Bangalore,Indiranagar,"Biryani, Chinese",,55,55,55,200,
Friends Euro Restaurant ,Bangalore,Koramangala,"Chinese, Continental, Indian, Fast, Food",,65,65,65,599,
Shawarma Time,Bangalore,J.C.Nagar,Arabian,4.3,48,48,48,150,16.90685022
five star chicken and koli hut,Bangalore,Malleshwaram,"Fast, Food, Snacks, Kebabs",,55,55,55,150,
Goli Vada Pav No .1,Bangalore,Indiranagar,"Maharashtrian, North, Indian, Fast, Food, Street, Food",4.4,47,47,47,100,20.30653027
1131 BAR+KITCHEN,Bangalore,Indiranagar,Indian,3.9,60,60,60,1200,11.87363751
Wow! China,Bangalore,Ashok Nagar,"Tibetan, Chinese, Asian, Snacks, Continental, Desserts, Beverages",3.7,37,37,37,300,17.07594591
Blue Tokai Coffee Roasters,Bangalore,Shivaji Nagar,"Healthy, Food, American, Lebanese, Mediterranean, European, Juices, Middle, Eastern",4.7,38,38,38,800,18.47958047
Sheeshkebab,Bangalore,Pulikeshi Nagar,"Persian, Arabian, Indian, Middle, Eastern, Biryani",4.2,55,55,55,600,19.38350617
Vallari Roti and Snacks Ghar,Bangalore,Malleshwaram,Indian,4.4,53,53,53,250,17.30003278
Garden city hotel,Bangalore,Wilson Garden,"North, Indian, Chinese, Tandoor, Biryani",,49,49,49,250,
Cake Pastries,Bangalore,Rajajinagar,Bakery,3.9,58,58,58,500,11.87363751
Salad Matters,Bangalore,Koramangala,"Salads, Healthy, Food, Desserts, Beverages",4.5,65,65,65,550,20.76804233
Papacream,Bangalore,Koramangala,"Ice, Cream",,59,59,59,350,
Tunday Kababi,Bangalore,Koramangala,"Mughlai, Lucknowi",4.1,56,56,56,300,18.92199412
Hokart - Sri Vinayaka chats,Bangalore,Malleshwaram,"Chaat, Street, Food, Snacks, Indian",,59,59,59,120,
Via Milano,Bangalore,Jayanagar,"Pizzas, Italian, European, Mediterranean, Pastas, Continental, Seafood, Middle, Eastern, Grill, Greek, Salads, Oriental",4.5,46,46,46,800,13.70035097
Keventers - Milkshakes and Desserts,Bangalore,Central Bangalore,"Beverages, Ice, Cream, Desserts, Healthy, Food",4.4,47,47,47,300,17.30003278
Terra Bites,Bangalore,Koramangala,"Continental, American, Italian, Mexican",4.4,61,61,61,700,13.39589873
Badmaash,Bangalore,Ashok Nagar,"North, Indian, Biryani, Indian, Punjabi, Kebabs, Mughlai, Fast, Food, Hyderabadi, Desserts, Seafood",,38,38,38,600,
Grand Foodies Restaurant,Bangalore,Central Bangalore,"Street, Food, Indian, Chinese, Biryani",,46,46,46,220,
BASMATI'S BRIYANI NATION,Bangalore,Koramangala,"Biryani, Andhra, Hyderabadi, South, Indian, North, Indian, Tandoor, Beverages, Desserts",3.4,56,56,56,300,10.35137629
LOT LIKE CREPES INDIRANAGAR,Bangalore,Indiranagar,"French, American, Italian, Desserts",4.3,58,58,58,500,16.90685022
Uday Sweets,Bangalore,Koramangala,"Fast, Food",3.9,49,49,49,100,15.33411997
GULBARGA REFRESHMENTS,Bangalore,Rajajinagar,"South, Indian, North, Indian, Beverages",,56,56,56,200,
HOUSE OF BELGIAN,Bangalore,Basavanagudi,"Desserts, Beverages, Snacks",,59,59,59,250,
China Pearl,Bangalore,Koramangala,"Chinese, Asian",4.5,64,64,64,1100,31.08939651
The Dessert Corner,Bangalore,Indiranagar,"Bakery, Desserts",4.5,60,60,60,200,13.70035097
ROYCE' Chocolate,Bangalore,Ulsoor,"Desserts, Sweets, Snacks",4.9,48,48,48,750,14.91815994
Voosh Dakshin,Bangalore,Battarahalli,"South, Indian, Beverages, Snacks, Combo",,57,57,57,129,
Yum In My Tum,Bangalore,Koramangala,"Chinese, Continental, Beverages, Pizzas, Italian, North, Indian, Pastas, Desserts, Tibetan, Healthy, Food",3.9,54,54,54,200,24.24476379
Friendly Neighbourhood Pizza-Man VV Puram,Bangalore,Basavanagudi,Pizzas,,47,47,47,260,
Amma's Pastries,Bangalore,Frazer Town,"Bakery, Desserts",4.4,44,44,44,350,17.30003278
Absolute Combos,Bangalore,Indiranagar,"Andhra, Biryani, Chinese",,58,58,58,400,
NH8,Bangalore,Indiranagar,"Rajasthani, Gujarati, North, Indian, Snacks, Desserts, Beverages, Thalis, Chaat",4,63,63,63,350,15.72730253
Burger It Up,Bangalore,Central Bangalore,"American, Continental, Beverages, Desserts, Fast, Food",4.1,47,47,47,200,12.48254199
Momo Monk,Bangalore,Central Bangalore,"Pan-Asian, Chinese",4.2,39,39,39,180,12.78699424
HOPSHAUS,Bangalore,Indiranagar,"Pizzas, American, Indian, Pan-Asian, Chinese, Kebabs",,69,69,69,600,
New Dillibite,Bangalore,Jogupalya,"Bengali, Chinese, Indian",,47,47,47,300,
Carols Pastries & Bakers,Bangalore,Central Bangalore,Bakery,4.5,45,45,45,500,13.70035097
Atithi Satkaar,Bangalore,Nagarathpete,Indian,,46,46,46,350,
Bombay Kulfis,Bangalore,Basavanagudi,"North, Indian, Desserts, Fast, Food",4.7,37,37,37,100,21.69106643
Sri Ganesha Fruit Juice Centre,Bangalore,DOMLUR,"Juices, Beverages",,63,63,63,100,
Snack House,Bangalore,Central Bangalore,"Fast, Food, Street, Food",4.2,40,40,40,300,16.51366766
CHASKA,Bangalore,Rajajinagar,"Fast, Food, Snacks, Beverages",,68,68,68,200,
Yogisthaan,Bangalore,Indiranagar,"Healthy, Food, North, Indian, Beverages, Indian, Mediterranean, Italian, Salads",4.2,57,57,57,600,19.38350617
Chinita Real Mexican Food,Bangalore,Indiranagar,"Mexican, Beverages, Salads",4.5,53,53,53,1000,27.97472745
Tata Cha now Qmin,Bangalore,Vasanth Nagar,"Beverages, Bakery, Chaat, Desserts, Fast, Food, Home, Food, Maharashtrian, Snacks, Street, Food, Sweets, Indian, Combo, Parsi",4.2,46,46,46,200,19.38350617
Momo Rice Noodles,Bangalore,Ejipura,"Chinese, Thai",4.2,56,56,56,350,19.38350617
Paratha Plaza,Bangalore,Indiranagar,"North, Indian",4.4,53,53,53,250,20.30653027
The Biryani Life,Bangalore,Shantinagar,"Biryani, Hyderabadi, Lucknowi, North, Indian, Mughlai, Combo, Desserts",4,38,38,38,250,12.17808975
HUDA BAKERY AND CHATS,Bangalore,Central Bangalore,"Desserts, Chaat",,44,44,44,100,
Mandarin Oak- The Heavenly Chinese,Bangalore,Indiranagar,"Chinese, Asian, Thai",,55,55,55,350,
Cupcake Noggins - CakesPastries and Desserts,Bangalore,Koramangala,"Desserts, British, Bakery, Pizzas, Snacks",4.3,57,57,57,150,19.84501822
Tea Brew,Bangalore,Domlur,"American, Italian, Beverages, Continental, Chinese, Pastas, Pizzas, Fast, Food",4.1,57,57,57,350,18.92199412
Kanpur Ki Kachauri,Bangalore,Indiranagar,"North, Indian, Combo",4.5,63,63,63,275,17.69321535
Lubov Patisserie by Frozen Bottle,Bangalore,Brigade Road,Bakery,,36,36,36,2000,
Pizza Club 1987,Bangalore,Koramangala,Pizzas,,78,78,78,250,
Amadora Gourmet Ice Cream & Sorbet,Bangalore,Ashok Nagar,Desserts,4.5,33,33,33,450,13.70035097
SHREYAS NON VEG,Bangalore,Guttahalli,Indian,,54,54,54,400,
Chinese Wok (Wok Express),Bangalore,Malleshwaram,"Chinese, Asian, Tibetan, Desserts",3.9,61,61,61,250,17.99897002
Sweet Rascal,Bangalore,Adugodi,"Bakery, Salads, Biryani, Combo",,55,55,55,500,
Savory Platters by UPP,Bangalore,Domlur,"American, Continental, French, Beverages",4,66,66,66,300,12.17808975
Sakath Momos,Bangalore,Basavanagudi,Chinese,,47,47,47,150,
Golden Chai,Bangalore,Jayanagar,"Beverages, Snacks, Fast, Food",4.3,50,50,50,200,13.09144648
Tasty Paradise,Bangalore,Malleshwaram,"Andhra, Chinese, Mughlai, North, Indian, Seafood",3.9,52,52,52,330,17.99897002
Hatti Kaapi - Coffee and more,Bangalore,Basavanagudi,"Beverages, Fast, Food, South, Indian, Bakery, Combo, Cafe, Snacks",4.2,45,45,45,150,16.51366766
Tricky Shakes,Bangalore,Koramangala,"Ice, Cream, Beverages",5,62,62,62,250,15.22261219
Lassi Shop,Bangalore,Chickpet,"Juices, Fast, Food",,46,46,46,200,
Brown Burger Co.,Bangalore,Koramangala,"American, Fast, Food, Beverages, Pizzas, Snacks, Juices, Desserts",4.4,60,60,60,300,13.39589873
Globo Combo,Bangalore,Koramangala,"Chinese, North, Indian, Combo",,58,58,58,300,
ROLLS & WRAPS,Bangalore,Koramangala,Pizzas,,56,56,56,200,
Bistro Oui,Bangalore,Koramangala,Continental,4.2,59,59,59,800,19.38350617
By 2 Coffee,Bangalore,Chamrajpet,"South, Indian",4.4,45,45,45,100,20.30653027
The Baklava Company,Bangalore,Central Bangalore,Desserts,,49,49,49,300,
MANWAR ENERGY ADDAA,Bangalore,Basavanagudi,Indian,,59,59,59,350,
Apna Ghar,Bangalore,Basavanagudi,"Punjabi, North, Indian, Combo, Thalis",,45,45,45,200,
Bhojnayala,Bangalore,Basavanagudi,"Punjabi, North, Indian, Combo, Thalis",,45,45,45,200,
Purani Dehli,Bangalore,Seshadripuram,"North, Indian, Combo, Snacks, Chinese, Sweets, Beverages",3.7,63,63,63,300,14.54775484
Bihar Babu,Bangalore,Basavanagudi,"Punjabi, North, Indian, Combo, Thalis",,39,39,39,200,
Milano Ice Cream,Bangalore,Indiranagar,"Ice, Cream, Desserts",4.7,51,51,51,200,29.21804868
Bangarapet bhel house,Bangalore,Basavanagudi,"Indian, Snacks, Beverages",,54,54,54,110,
Trippy Goat Cafe & Wine,Bangalore,Cunningham Road,"Beverages, Continental, Italian",,51,51,51,1500,
paivihar,Bangalore,Vasanth Nagar,"Chinese, Indian",,38,38,38,300,
Hotel Bilal Biriyani Centre,Bangalore,Azad Nagar,Biryani,3.9,58,58,58,180,11.87363751
Singhs Desi Swad,Bangalore,Indiranagar,"Indian, Snacks, Beverages",,68,68,68,400,
Five Star Chicken,Bangalore,Jayamahal,Biryani,4.3,46,46,46,300,16.90685022
NAMMA KUDLA RESTAURANT,Bangalore,Wilson Garden,Indian,4.1,53,53,53,300,12.48254199
PRM BIRYANI,Bangalore,Indiranagar,Biryani,,56,56,56,400,
Home Plate,Bangalore,Rajajinagar,"Home, Food, North, Indian, Andhra, Healthy, Food, Thalis, Desserts, Indian, Punjabi",4.1,57,57,57,160,18.92199412
ABC Kolkata kitchen,Bangalore,Ashok Nagar,"Indian, Chinese, Seafood, Kebabs, Snacks, Combo",,45,45,45,250,
Ministry of Ice Creams,Bangalore,Indiranagar,"Ice, Cream, Desserts, Beverages",,54,54,54,350,
Wicked Brownies,Bangalore,Indiranagar,"Ice, Cream, Desserts, Beverages",,57,57,57,350,
J K Fish Land,Bangalore,Basavanagudi,"Coastal, Seafood",4.1,53,53,53,300,12.48254199
Punjabi Bowl,Bangalore,Shankarapura,"Home, Food, North, Indian, Thalis, Beverages, Chinese, Healthy, Food, Indian, Combo, Punjabi",,53,53,53,300,
Paandikadai-Chettinad kitchen by Salt,Bangalore,Adugodi,"Biryani, Combo, South, Indian, Chettinad",3.9,60,60,60,400,11.87363751
Laali Da Dhaba,Bangalore,Indiranagar,Indian,,66,66,66,300,
Dhishoom -Dhaba by Salt,Bangalore,Adugodi,"North, Indian, Kebabs, Tandoor, Biryani, Combo",4.3,56,56,56,400,13.09144648
Nutribites,Bangalore,Richmond Town,"Healthy, Food, Juices",4.6,47,47,47,150,21.22955438
The Deagh,Bangalore,Pulikeshi Nagar,"Indian, Chinese, Mughlai, Seafood",4.1,46,46,46,500,25.48808501
Cane Fresh,Bangalore,Pulikeshi Nagar,"Indian, Beverages, Desserts",4.4,39,39,39,50,17.30003278
Natural Ice Cream,Bangalore,Ashok Nagar,"Ice, Cream",4.7,31,31,31,150,21.69106643
Suryawanshi,Bangalore,Domlur,"Maharashtrian, Seafood",4.1,54,54,54,600,18.92199412
SHYAM MISHRA JUICE CENTRE LLP,Bangalore,Majestic,"Juices, Beverages",,47,47,47,160,
Nisarga Restaurant,Bangalore,Basavanagudi,"North, Indian, Chinese, Snacks",,53,53,53,300,
Zoroy Luxury Chocolates,Bangalore,Ashok Nagar,Desserts,,36,36,36,250,
Mad Mex,Bangalore,Ashok Nagar,"Mexican, Fast, Food, Salads",4.5,51,51,51,1000,13.70035097
Babaji Bites,Bangalore,Indiranagar,"Chinese, Tandoor",,59,59,59,250,
The Grill and Cheese Cafe,Bangalore,Pulikeshi Nagar,"Snacks, Fast, Food, Bakery",4.3,52,52,52,450,16.90685022
Homelike,Bangalore,Rajajinagar,"Thalis, Combo, Beverages, Pizzas, Indian",3.2,55,55,55,300,9.742471801
Baba Chill,Bangalore,Koramangala,"North, Indian, Chinese, Fast, Food",,56,56,56,500,
Rocket Wok,Bangalore,Indiranagar,"Chinese, Thai, Asian, Combo, Vietnamese, Pan-Asian",4.2,54,54,54,400,19.38350617
BOHEMIANS,Bangalore,Indiranagar,"Indian, Italian, Chinese, American",,63,63,63,1200,
SICILIA PONT (ITALIAN RESTAURANT ),Bangalore,Rajajinagar,"Pizzas, Italian, Desserts, Beverages, Fast, Food, Snacks",4,55,55,55,300,12.17808975
Samrat in Chalukya,Bangalore,Sampangi Rama Nagar,"North, Indian, South, Indian",4.2,45,45,45,600,26.10974562
YMIA Naidu Caterers,Bangalore,Frazer Town,"South, Indian, Biryani, Chinese, Indian",,55,55,55,300,
Craft of Biryani,Bangalore,Koramangala,"North, Indian, Biryani, Kebabs, Beverages, Desserts",4.2,61,61,61,500,19.38350617
Sweet Chariot,Bangalore,Ashok Nagar,Desserts,,36,36,36,50,
Happy Buddha,Bangalore,Ashok Nagar,"Chinese, Oriental",,46,46,46,450,
The Downtown pizzeria,Bangalore,Ejipura,"Italian, Pizzas, Desserts, Salads",4.2,63,63,63,200,12.78699424
Lakeview Milkbar,Bangalore,Ashok Nagar,"Desserts, Ice, Cream, Bakery, Fast, Food",4.1,31,31,31,450,18.92199412
THE PAROTTA COMBO,Bangalore,Koramangala,"North, Indian, Punjabi, Mughlai, Combo, Beverages, Desserts",,60,60,60,250,
C Sharp Kitchen,Bangalore,Ashok Nagar,"Chinese, Continental, Fast, Food",,33,33,33,300,
Food Court By Kitchens@,Bangalore,Koramangala,"North, Indian, Biryani, Chinese, Mughlai, Seafood, Snacks, Beverages, Ice, Cream, Desserts",,68,68,68,450,
Big Biriyani Company,Bangalore,Richmond Town,"Biryani, Mughlai",2.5,37,37,37,350,7.611306094
Naachiyar's,Bangalore,Sivanchetti Gardens,"Biryani, Chettinad",4.2,44,44,44,600,19.38350617
Roomali,Bangalore,Ashok Nagar,"North, Indian, Indian",4.4,35,35,35,1000,20.30653027
Cafe Medley,Bangalore,Koramangala,"Desserts, American, Continental, Italian, Bakery, Beverages",3.6,65,65,65,450,10.96028078
Monsoon,Bangalore,Sivanchetti Gardens,"Andhra, Asian, Bengali, Biryani, Chettinad, Coastal, Continental, Desserts, Fast, Food, Italian, Mughlai, North, Indian, Pan-Asian, Seafood, South, Indian",4.5,50,50,50,700,13.70035097
Tewari Bros Mithai Shop,Bangalore,Sivanchetti Gardens,"Gujarati, Rajasthani, Fast, Food",3.1,38,38,38,150,9.438019557
Chai Days,Bangalore,Kodihalli,"Beverages, Snacks, Combo, Bakery",4.4,53,53,53,200,30.39852103
AMBARSARIA STREET,Bangalore,Central Bangalore,"Indian, Combo",,39,39,39,450,
HOTEL GEO,Bangalore,Central Bangalore,"Coastal, Goan, Indian",,36,36,36,650,
Super Svaad,Bangalore,Malleshwaram,Chinese,,58,58,58,500,
Burma Burma,Bangalore,Indiranagar,"Pan-Asian, Burmese",4.5,61,61,61,1300,20.76804233
Green Theory,Bangalore,Ashok Nagar,"Italian, Continental, Healthy, Food",4.3,39,39,39,1000,16.90685022
Hungry B,Bangalore,Domlur,"North, Indian, Indian, Continental, Biryani, Beverages, Combo",3.8,60,60,60,250,11.56918526
Britalian Kitchen,Bangalore,Benson Town,"British, Italian, French",,52,52,52,600,
TEA LOUNGE CAFE,Bangalore,Central Bangalore,"North, Indian, Fast, Food",,36,36,36,300,
Cafe Reset,Bangalore,Koramangala,"Cafe, Indian, Desserts",,62,62,62,900,
Toscano,Bangalore,Ashok Nagar,"Italian, Pizzas, Pastas, Continental, Salads, Desserts, Beverages, Combo",4.3,39,39,39,1200,19.84501822
Biergarten Brewery & Kitchen,Bangalore,Koramangala,"Continental, Pizzas, North, Indian, Chinese, Asian, South, Indian",4.1,62,62,62,750,18.92199412
Pabrai's Fresh & Naturelle Ice creams,Bangalore,Ashok Nagar,"Ice, Cream, Desserts",4.4,36,36,36,180,13.39589873
Metropole Restaurant,Bangalore,Shivaji Nagar,"South, Indian, North, Indian, Chinese, Fast, Food",,48,48,48,300,
The Good Bowl,Bangalore,Shantinagar,"North, Indian, Biryani, Chinese, Asian, Pastas, Desserts",4.2,39,39,39,400,12.78699424
Sultans of Spice,Bangalore,Koramangala,"North, Indian, Chinese, Biryani",4.3,60,60,60,599,16.90685022
Kempe Gowda Biryani (Nati Style),Bangalore,Basavanagudi,"Biryani, North, Indian",,54,54,54,500,
COOL TOWN,Bangalore,Central Bangalore,"Fast, Food, Beverages, Desserts, Juices, Snacks",,49,49,49,200,
Frosty Crumble,Bangalore,Ashok Nagar,"Desserts, Ice, Cream, Beverages",4.9,36,36,36,450,14.91815994
Bangarpete Chats,Bangalore,Malleshwaram,Snacks,,64,64,64,199,
Hoppipola,Bangalore,Ashok Nagar,"Fast, Food, Combo, Salads, Pizzas, Italian, Continental, European, Mediterranean, Desserts",,34,34,34,600,
Pizza 997 AD,Bangalore,Central Bangalore,"Pizzas, Beverages, Desserts, Snacks",,55,55,55,350,
Miller's 46,Bangalore,Vasanth Nagar,"Steakhouse, American, Continental",4.4,47,47,47,1100,20.30653027
Bullet Biryani,Bangalore,Central Bangalore,"Biryani, Hyderabadi, Mughlai",4.4,38,38,38,280,13.39589873
Ragoo's,Bangalore,Jayanagar,"North, Indian, Italian",4.1,49,49,49,800,16.12048509
Parimala Sweets,Bangalore,Jayanagar,"Snacks, Sweets",,54,54,54,200,
CHINESE KITCHEN,Bangalore,Koramangala,"Chinese, Indian",4.1,65,65,65,300,25.48808501
McDonald's Gourmet Burger Collection,Bangalore,Central Bangalore,"American, Continental, Fast, Food, Desserts, Beverages",4.1,32,32,32,600,12.48254199
Burger and Beyond,Bangalore,Ashok Nagar,"American, Fast, Food, Beverages",3.9,48,48,48,250,11.87363751
Starbucks Coffee,Bangalore,Ashok Nagar,Beverages,4.2,44,44,44,400,19.38350617
KNIGHT BITE,Bangalore,Central Bangalore,"American, Continental, Beverages, Desserts",,51,51,51,280,
Punjabi pure veg Restaurant since1994,Bangalore,Chickpet,"Chinese, Jain, North, Indian",3.7,45,45,45,250,14.54775484
Biryani Trip,Bangalore,Central Bangalore,"Biryani, Hyderabadi, Indian",4.2,32,32,32,400,19.38350617
The Chinese Food Company,Bangalore,Ashok Nagar,"Chinese, Seafood, Pan-Asian, Vietnamese, Malaysian, Singaporean, Thai",4,36,36,36,300,12.17808975
Carnival De Goa,Bangalore,Sivanchetti Gardens,"Goan, Mangalorean, Kerala, South, Indian, Seafood, Coastal, Continental",4.1,48,48,48,500,18.92199412
Gufha,Bangalore,Jayanagar,"North, Indian, Biryani, Afghani",,52,52,52,1400,
Chakum Chukum,Bangalore,New Tippasandra,Chinese,4.3,56,56,56,400,29.70764555
Waffle Magic,Bangalore,New Tippasandra,"Beverages, Desserts, Continental",4.2,57,57,57,200,19.38350617
Chaat Paavlian,Bangalore,Chickpet,"Fast, Food",,48,48,48,150,
South Ruchis Square,Bangalore,Gandhi Nagar,"Biryani, Chinese, Desserts, Fast, Food, Jain, North, Indian, South, Indian",4.2,48,48,48,500,16.51366766
The Bowl Life,Bangalore,Indiranagar,"Asian, North, Indian, Continental, Healthy, Food, Punjabi, Home, Food, Oriental, Desserts, Beverages, Pan-Asian, Bengali, Mangalorean, Kashmiri, Lucknowi, Chinese, Sweets, Kebabs, Combo, Rajasthani, Awadhi",4.3,52,52,52,250,19.84501822
IMPERIO RESTAURANT,Bangalore,Koramangala,"Biryani, Mughlai, North, Indian, Tandoor, Kerala, Chinese, Seafood, Combo, Beverages, Desserts",3.9,56,56,56,300,17.99897002
Sri Ramji sweets,Bangalore,Sanjay Nagar New BEL Road,Sweets,,51,51,51,75,
Bombay Vadapav Corner,Bangalore,Malleshwaram,"North, Indian",4.4,39,39,39,100,20.30653027
BTC (Bathinda Thali Company),Bangalore,Koramangala,Indian,,58,58,58,300,
Polamma's Mess,Bangalore,Adugodi,"Indian, Biryani",4.2,45,45,45,250,19.38350617
The Chaap Factory,Bangalore,Central Bangalore,"Thalis, Combo, North, Indian, Pizzas, Beverages",4.2,46,46,46,300,12.78699424
The Cafe By Foodhall,Bangalore,Ulsoor,"Fast, Food, Pan-Asian, Continental",4,50,50,50,1000,12.17808975
Pizza Factory,Bangalore,Indiranagar,Pizzas,,66,66,66,400,
Mahesh Lunch Home,Bangalore,Indiranagar,"Indian, Seafood, Oriental",4.1,62,62,62,1000,16.12048509
Aalis Rolls N Kebabs,Bangalore,Indiranagar,"Turkish, Arabian",,55,55,55,400,
Kulcha Stories,Bangalore,Koramangala,"North, Indian, Punjabi",3.8,56,56,56,250,11.56918526
Paratha Box - 2X Filling,Bangalore,Rajajinagar,"North, Indian, Punjabi, Fast, Food, Indian, Beverages, Snacks, Healthy, Food",4,57,57,57,250,18.46048207
SOROS Flavor Coffee,Bangalore,Central Bangalore,"Beverages, American, Italian-American, Desserts",,48,48,48,300,
Cafe Azzure,Bangalore,Ashok Nagar,"American, Italian",,47,47,47,1000,
Puppy's Gastronomy,Bangalore,Central Bangalore,"Continental, Italian, Snacks, Beverages",,50,50,50,1000,
Breakfast Junction,Bangalore,Basavanagudi,"Punjabi, North, Indian",,45,45,45,200,
LUCKY FAST FOOD,Bangalore,Ejipura,Indian,,59,59,59,300,
Chaayos Meri Wali Chai,Bangalore,Cunningham Road,"Bakery, Beverages, Chaat, Desserts, Fast, Food, Home, Food, Italian, Maharashtrian, Snacks, Street, Food, Sweets",4.7,39,39,39,250,14.30925546
Raffaele's Ristorante Pizzeria,Bangalore,Indiranagar,"Pizzas, Continental, Pastas, Fast, Food, Beverages",4.3,60,60,60,800,19.84501822
Big Bites,Bangalore,Central Bangalore,"Fast, Food",,53,53,53,400,
SLAY Coffee,Bangalore,Shantinagar,"Beverages, Desserts",4.4,44,44,44,200,13.39589873
Smokey Tribe,Bangalore,Koramangala,"Naga, Continental, Seafood",4.3,59,59,59,700,19.84501822
Thayi Mane Utta,Bangalore,Lingarajapuram kammanahalli,"South, Indian, Biryani, Desserts, Beverages",,57,57,57,300,
Little Cafe,Bangalore,Shankarapura,"Beverages, Chinese, Continental, Desserts, Ice, Cream, Italian, Jain",3.7,48,48,48,300,11.26473302
Little Kolkata,Bangalore,Koramangala,"North, Indian, Bengali, Chinese",4.1,59,59,59,300,12.48254199
Wow! Momo,Bangalore,Ashok Nagar,"Tibetan, Fast, Food, Healthy, Food, Asian, Chinese, Snacks, Continental, Desserts, Beverages",4.3,38,38,38,250,13.09144648
Cheese Meets Bread,Bangalore,Indiranagar,"Snacks, Beverages",4.6,57,57,57,300,18.08639791
Madras Meal Company,Bangalore,Central Bangalore,"South, Indian, Chettinad",4.1,39,39,39,250,18.92199412
Food Corner,Bangalore,Frazer Town,"North, Indian, Arabian, Snacks, Biryani",,50,50,50,250,
Umpire chicken county,Bangalore,Central Bangalore,"Chinese, Tandoor, North, Indian, Biryani",,50,50,50,300,
Dalma,Bangalore,Koramangala,"Oriya, Seafood, Thai",4.2,60,60,60,197,19.38350617
Srinidhi Sagar Deluxe,Bangalore,Domlur,"South, Indian, North, Indian, Indian, Chinese, Beverages, Desserts",3.9,54,54,54,200,17.99897002
Punjabi Bowl,Bangalore,Central Bangalore,"Home, Food, North, Indian, Beverages, Indian, Combo, Chinese, Thalis",4.2,45,45,45,300,12.78699424
ENERGY BOWLS,Bangalore,R.T. Nagar,"Snacks, Fast, Food",,62,62,62,150,
Butter Delivery,Bangalore,Central Bangalore,"North, Indian, Tandoor, Punjabi",,37,37,37,600,
The tasty planet,Bangalore,Koramangala,"Beverages, Fast, Food, Salads, Snacks",,48,48,48,70,
Apsara Ice Creams,Bangalore,Indiranagar,"Ice, Cream, Desserts",4.5,48,48,48,150,17.69321535
Bhartiya Jalpan - Sweets Dry Fruit and Savouries,Bangalore,Shivaji Nagar,"Indian, Sweets",3.8,36,36,36,300,11.56918526
Chung's,Bangalore,Rajajinagar,"Thai, Chinese",,60,60,60,400,
Srinidhi Sagar Food Line,Bangalore,Indiranagar,"Chinese, South, Indian, North, Indian",,55,55,55,400,
CREAMS & BITES,Bangalore,Basavanagudi,"Ice, Cream",5,50,50,50,200,15.22261219
Lo! - Low Carb and Keto Foods,Bangalore,Kodihalli,"Healthy, Food, Keto, North, Indian, Continental",4.5,54,54,54,150,20.76804233
Happy Hours,Bangalore,Seshadripuram,"Desserts, Beverages",,53,53,53,300,
Lush - Renaissance Bengaluru Race Course Hotel By Marriott.,Bangalore,Gandhi Nagar,"Indian, Continental, Oriental, Asian",,55,55,55,800,
Firangi Bake,Bangalore,Shantinagar,"Italian, Mexican, Pastas",4.5,45,45,45,400,13.70035097
Ganesh Dharshini,Bangalore,Malleshwaram,"South, Indian",4.3,55,55,55,100,19.84501822
Dhaba Co.,Bangalore,Ashok Nagar,"North, Indian",,38,38,38,650,
Plutos Kitchen,Bangalore,Indiranagar,"Mangalorean, North, Indian",,65,65,65,450,
SWAAD KUTIRRA,Bangalore,Chamrajpet,"South, Indian",,56,56,56,500,
Healthy Beverages by Adigas,Bangalore,Chickpet,"Beverages, Juices, Healthy, Food",,47,47,47,200,
Burritos & Bowls Mexican Kitchen,Bangalore,Koramangala,"Mexican, Salads",4.2,60,60,60,450,12.78699424
Ashok Vattika,Bangalore,Jayanagar,"North, Indian, Chinese, Tandoor, Beverages, Desserts",3.6,48,48,48,400,16.61443386
Halli Mane Rotti,Bangalore,Indiranagar,"South, Indian",4.1,60,60,60,200,16.12048509
SECRETSPOT CAFE,Bangalore,Jayanagar,"Pizzas, Continental, Beverages, Snacks",,57,57,57,199,
Frozen Bottle,Bangalore,Ashok Nagar,"Beverages, Ice, Cream, Desserts",3.8,34,34,34,250,11.56918526
Sri Sai Foods,Bangalore,Jayanagar,"South, Indian",,56,56,56,149,
MMA Kabab & Rolls,Bangalore,Sarvagnanagar,"Biryani, Chinese, Mughlai, Arabian",4,49,49,49,200,18.46048207
Slurpy Shakes,Bangalore,Central Bangalore,"Beverages, Ice, Cream, Desserts",,45,45,45,150,
sonar bangla,Bangalore,Koramangala,"Bengali, North, Indian",3.7,59,59,59,256,11.26473302
The Shake Company,Bangalore,Rajajinagar,"Beverages, Desserts",,53,53,53,300,
Chickpet Donne Biriyani House,Bangalore,Rajajinagar,"Indian, Chinese",3.8,52,52,52,200,17.53745796
BENGALI KHABAR,Bangalore,Kodihalli,Bengali,3.7,69,69,69,250,17.07594591
The Coorg Food Co.,Bangalore,Koramangala,"South, Indian",4.3,58,58,58,750,19.84501822
The Naati Bar And Kitchen,Bangalore,Koramangala,Indian,4.2,61,61,61,500,12.78699424
The Brekkie Shop - All Day Menu,Bangalore,Indiranagar,"British, Italian, Indian, Chinese, South, Indian, North, Indian, Desserts",4.3,57,57,57,200,26.73140623
Cafe Terra,Bangalore,Indiranagar,Continental,4.3,54,54,54,299,19.84501822
Chianti,Bangalore,Ashok Nagar,"Italian, Pizzas, Salads, Pastas, Desserts",4.7,46,46,46,1250,18.47958047
Mint Masala,Bangalore,Malleshwaram,"North, Indian, Chinese, Continental",4.2,57,57,57,375,19.38350617
ISARELI FALAFEL KITCHEN,Bangalore,Indiranagar,"Mediterranean, Lebanese, Arabian",,61,61,61,400,
Goodness Bakery,Bangalore,Koramangala,"Bakery, Desserts",,64,64,64,100,
Donne Biryani Adda,Bangalore,Indiranagar,"Biryani, South, Indian, Desserts, Beverages",3.8,49,49,49,200,11.56918526
Side dish,Bangalore,Indiranagar,"Tandoor, North, Indian, Chinese, Snacks, Beverages, Desserts",4,53,53,53,200,12.17808975
Moriz Nano,Bangalore,Pulikeshi Nagar,"North, Indian, Chinese, Biryani, Seafood",,50,50,50,500,
HomeSe Just Veg,Bangalore,Chickpet,"South, Indian, North, Indian, Fast, Food",,52,52,52,200,
Smoodies,Bangalore,Kodihalli,"Snacks, Healthy, Food, Juices, Beverages, Desserts",4.2,60,60,60,140,16.51366766
The Flying Squirrel,Bangalore,Ashok Nagar,Cafe,,40,40,40,450,
Biryani Khazana,Bangalore,Indiranagar,Biryani,3.7,59,59,59,250,14.54775484
Lot Like Crepes,Bangalore,Koramangala,"Desserts, Continental, Cafe, Fast, Food",4.4,56,56,56,600,17.30003278
Ibaco,Bangalore,Ashok Nagar,Desserts,4.7,38,38,38,800,14.30925546
Royal Restaurant,Bangalore,Shivaji Nagar,"Chinese, North, Indian, Tandoor, indian",3.8,38,38,38,300,17.53745796
FoodX Restaurant,Bangalore,Central Bangalore,"Indian, Chinese, Fast, Food, Juices",,39,39,39,200,
Asia Kitchen By Mainland China,Bangalore,Ashok Nagar,"Asian, Chinese, Oriental",4.3,46,46,46,850,16.90685022
Aligarh House,Bangalore,Central Bangalore,"Biryani, Mughlai, Kebabs, North, Indian, Desserts, Beverages, Combo",3.8,40,40,40,400,17.53745796
Kerala Home Food,Bangalore,Central Bangalore,"Kerala, Biryani, Seafood",,47,47,47,250,
Hokart - Soori Chaats,Bangalore,Koramangala,"Fast, Food, Street, Food, Snacks, Chaat",4.9,59,59,59,150,14.91815994
Vijayalakshmi Veg,Bangalore,Kadugondanahalli,"Chinese, South, Indian, Fast, Food",4.3,56,56,56,100,19.84501822
Goli Vada Pav No .1,Bangalore,Jayanagar,"Maharashtrian, North, Indian, Fast, Food, Street, Food",4.5,40,40,40,100,17.69321535
The Circle Dream,Bangalore,Koramangala,"Pizzas, Italian, Pastas, Desserts, Beverages, Continental, Indian, Mediterranean",4.4,64,64,64,500,20.30653027
Hotel Green Tara,Bangalore,Central Bangalore,"Chinese, Tibetan",,36,36,36,300,
The Coconut Tales!,Bangalore,Sampangi Rama Nagar,"Biryani, Indian, Thalis, Combo, South, Indian",,45,45,45,350,
Ghar Ka Tadka,Bangalore,Ejipura,"North, Indian, Home, Food, South, Indian",4,58,58,58,400,12.17808975
MAGGINATION,Bangalore,Indiranagar,"Fast, Food",,61,61,61,200,
BaHa Smoothies & Shakes,Bangalore,Jayanagar,"Healthy, Food, Juices, Beverages, Snacks, Desserts",4,52,52,52,200,15.72730253
Gourmet Ice Cream Cakes by Baskin Robbins,Bangalore,Central Bangalore,"Desserts, Ice, Cream, Bakery",,33,33,33,400,
Karavali Kolimane,Bangalore,Wilson Garden,"South, Indian, Chinese, Seafood, Tandoor, North, Indian",3.7,52,52,52,400,11.26473302
Aubree,Bangalore,Ashok Nagar,"Desserts, Bakery",4.3,29,29,29,800,19.84501822
The Bar Stock Exchange,Bangalore,Ashok Nagar,"Chinese, North, Indian, Continental, Pan-Asian, Thai",,39,39,39,800,
Basmati Express,Bangalore,Koramangala,"Biryani, Andhra, Hyderabadi, South, Indian, North, Indian, Tandoor, Beverages, Desserts",3.6,56,56,56,300,10.96028078
Hotel Annapoorna,Bangalore,Majestic,"Biryani, Andhra",4.5,38,38,38,450,20.76804233
The Local-Terrace Drinkery,Bangalore,Koramangala,"American, Indian",,64,64,64,600,
Fresh Pressery Cafe,Bangalore,Ashok Nagar,"Italian, Salads, Healthy, Food, French",4.2,33,33,33,1000,19.38350617
pastries park,Bangalore,Malleshwaram,"Bakery, Desserts",,64,64,64,100,
Guntur Spice,Bangalore,Jayanagar,"Indian, Chinese, Beverages",4.3,44,44,44,500,13.09144648
Habibi Falafel,Bangalore,Indiranagar,"Arabian, Mediterranean, Lebanese, Fast, Food, Middle, Eastern",4.3,57,57,57,300,29.70764555
Chinese Trail,Bangalore,Banashankari,"Chinese, Thai, Seafood, Asian, Combo, Healthy, Food, Beverages",3.3,57,57,57,350,10.04692404
30 Square,Bangalore,Koramangala,Chinese,,64,64,64,300,
Bangaliana,Bangalore,Koramangala,Bengali,4,57,57,57,300,24.8664244
Bo Tai,Bangalore,Ashok Nagar,"Chinese, Pan-Asian, Thai, Oriental",,36,36,36,600,
Ajji Ruchi Kitchen,Bangalore,Koramangala,Indian,4.1,57,57,57,300,18.92199412
Kati Rolls Junction,Bangalore,New Tippasandra,Indian,3.3,63,63,63,300,10.04692404
Shezan,Bangalore,Vasanth Nagar,"North, Indian, Chinese, Continental, Mughlai",4.3,44,44,44,600,19.84501822
Hotel Zam Zam,Bangalore,Frazer Town,"Biryani, North, Indian, Chinese",,64,64,64,250,
THARAVADU MALABAR BIRYANI,Bangalore,Koramangala,"Biryani, Kerala, South, Indian, North, Indian, Beverages, Desserts",3.4,57,57,57,230,15.69140976
Dairy Day Ice Creams,Bangalore,Koramangala,"Ice, Cream, Desserts",4.5,59,59,59,200,13.70035097
Havmor Ice Cream Havfun Parlour,Bangalore,Seshadripuram,"Ice, Cream, Desserts",4.2,45,45,45,200,12.78699424
Shanghai Social,Bangalore,Indiranagar,Chinese,,70,70,70,300,
KARAVALI MESS,Bangalore,Rajajinagar,Indian,4.3,59,59,59,250,13.09144648
Senoritas Mexican kitchen by Little Italy,Bangalore,Jayanagar,"Mexican, Salads, Combo, Snacks, Healthy, Food",3.8,56,56,56,500,11.56918526
Dolci Desserts,Bangalore,Vasanth Nagar,"Desserts, Pastas",4.5,40,40,40,600,17.69321535
SLAY Coffee Bar,Bangalore,Indiranagar,"Beverages, Desserts",4.3,49,49,49,200,19.84501822
Madurai Idly Shop,Bangalore,Koramangala,"South, Indian",4.3,54,54,54,150,26.73140623
Hungry Burgers,Bangalore,New Tippasandra,"Continental, Fast, Food",,64,64,64,300,
Chinese Bistro,Bangalore,Koramangala,"Chinese, Biryani",,63,63,63,200,
Sree Krishna Kafe,Bangalore,Koramangala,"South, Indian",4.5,57,57,57,137,27.97472745
HOT MOMOS,Bangalore,Indiranagar,Indian,,64,64,64,200,
SushiBLR,Bangalore,Indiranagar,Continental,,63,63,63,750,
Haagen Dazs,Bangalore,Central Bangalore,"Ice, Cream",4.4,32,32,32,600,13.39589873
ARAKU Coffee,Bangalore,Indiranagar,"Cafe, Beverages, Bakery, Continental, Desserts, Healthy, Food, European",,53,53,53,400,
Cafe Imroze,Bangalore,Indiranagar,"Chinese, Seafood, Continental",,62,62,62,300,
Nasi and Mee,Bangalore,Koramangala,"Pan-Asian, Singaporean, Malaysian, Japanese, Asian, Chinese, Indonesian",4.6,61,61,61,1200,21.22955438
Pockets and Bowls,Bangalore,Adugodi,"Thai, Asian, Lebanese, Burmese, Japanese, Malaysian",,65,65,65,350,
Ghee and Turmeric,Bangalore,Cunningham Road,"North, Indian, Tandoor, Punjabi, Beverages, Desserts, Mughlai",4.2,44,44,44,500,12.78699424
Coastal Home Food,Bangalore,Indiranagar,"Indian, Seafood",,65,65,65,249,
Sattuani,Bangalore,Ashok Nagar,"North, Indian, Chinese",,36,36,36,200,
The Blue bawarchi restaurant(odia and Bengali food,Bangalore,Indiranagar,"Bengali, Oriya, Indian",2.8,63,63,63,300,8.524662826
Dezire SugarFree Sweets & Bakes,Bangalore,Basavanagudi,"Sweets, Bakery, Beverages",4.1,51,51,51,400,12.48254199
SHAWARMA21,Bangalore,Malleshwaram,"Arabian, Fast, Food",4.3,54,54,54,150,13.09144648
Sri Krishna Nanda Gokula Veg,Bangalore,Jogupalya,"South, Indian, Chinese",4.3,52,52,52,200,16.90685022
Kitchens of Punjab,Bangalore,Koramangala - Bangalore,"Punjabi, North, Indian, Thalis, Desserts, Beverages",,61,61,61,350,
Red Chilies,Bangalore,Basavanagudi,"Chinese, South, Indian",,58,58,58,300,
Kadamba Foodline,Bangalore,Central Bangalore,"South, Indian",,47,47,47,400,
Cakes Joint,Bangalore,Malleshwaram,"Bakery, Desserts",,64,64,64,200,
Peetuk,Bangalore,Domlur,"Bengali, Chinese",4,53,53,53,500,27.63501912
TADKA CAFE,Bangalore,Shantinagar,"Indian, Chinese",,57,57,57,300,
Quattro,Bangalore,Ashok Nagar,"Italian, Mexican, Pizzas, Pastas",,46,46,46,1000,
Amrita Foods,Bangalore,Majestic,"South, Indian",,38,38,38,250,
ARMANI KITCHEN,Bangalore,Rt Nagar,"Chinese, Indian, Tandoor",3.9,53,53,53,300,17.99897002
Say Noodles,Bangalore,Banashankari,"Chinese, Thai, Seafood, Asian, Combo, Healthy, Food, Beverages",3.3,52,52,52,300,12.97502459
Bamboo veg house,Bangalore,Malleshwaram,"Indian, Chinese, Sweets",,66,66,66,250,
The Food Corner,Bangalore,Vasanth Nagar,"Chinese, North, Indian",4.5,38,38,38,150,13.70035097
Sarposh Restaurant and Tea Room,Bangalore,Indiranagar,"North, Indian, Kashmiri",4.2,66,66,66,1200,12.78699424
Shiro,Bangalore,Ashok Nagar,"Japanese, Asian",4.4,44,44,44,1400,20.30653027
Kedia's Funfood,Bangalore,Jayanagar,"Street, Food",4.3,49,49,49,200,26.73140623
Kudla Beach,Bangalore,Rajajinagar,"North, Indian, Chinese, Seafood, South, Indian",3.9,59,59,59,400,11.87363751
Chinese Nalapaka,Bangalore,Guttahalli,"Chinese, Indian",3.9,56,56,56,200,15.33411997
Tottos pizza,Bangalore,Central Bangalore,"Continental, Italian",4.6,44,44,44,500,18.08639791
Azuki Japan Travel  Bistro And Sake,Bangalore,Central Bangalore,"Japanese, Desserts, Pan-Asian, Bakery, Snacks",4.6,49,49,49,1200,18.08639791
Chaat Street,Bangalore,Koramangala,"Fast, Food, Snacks, Chaat, Street, Food, Beverages, Combo, North, Indian, Indian, Maharashtrian, Rajasthani",4.2,58,58,58,200,19.38350617
The Ritz-Carlton - The Market,Bangalore,Ashok Nagar,"Indian, Continental, Asian",4.1,52,52,52,1000,12.48254199
Hari Super Sandwich,Bangalore,Ashok Nagar,"Fast, Food",4,30,30,30,100,18.46048207
Chat and cool corner,Bangalore,R.T. Nagar,"Fast, Food, Chaat",,57,57,57,100,
Piazza pizza by Little Italy,Bangalore,Jayanagar,"Pizzas, Salads, Combo, Italian, Mexican, Desserts, Beverages, Pastas",3.8,53,53,53,500,11.56918526
LAKSHMI SUPER SANDWICH,Bangalore,Central Bangalore,"Pizzas, Chaat, Snacks",,36,36,36,149,
Pure and Natural,Bangalore,Central Bangalore,"Juices, Continental",,47,47,47,450,
Southern Soul Restaurant,Bangalore,Koramangala,"South, Indian",4.1,56,56,56,250,18.92199412
Kava - Fairfield by Marriott Rajajinagar,Bangalore,Rajajinagar,"Indian, Continental",3.3,65,65,65,700,10.04692404
Waffle Head,Bangalore,Banashankari,"Desserts, Beverages",,48,48,48,250,
JW Kitchen - JW Marriott,Bangalore,Ashok Nagar,"Indian, Continental",4.1,40,40,40,1000,16.12048509
Mozon Burger,Bangalore,Koramangala,"Fast, Food, Salads, Desserts",,57,57,57,250,
Cafe Felix,Bangalore,Ulsoor,"American, Continental, Desserts, Pizzas, Pastas",4,50,50,50,1000,12.17808975
Kapoors Chaat Bhandaar,Bangalore,Rajajinagar,"Street, Food, North, Indian, Desserts",4.2,55,55,55,250,19.38350617
Tea Villa Cafe,Bangalore,Jayanagar,"Chinese, Continental, Desserts, Fast, Food, Italian, Mexican, Pan-Asian",4.2,50,50,50,1000,16.51366766
SIMPLI NAMDHARI,Bangalore,Ashok Nagar,"Chinese, European, Italian, North, Indian, Salads",4.4,46,46,46,500,13.39589873
Taiki,Bangalore,Jayanagar,"Pan-Asian, Japanese, Korean, Thai, Sushi, Beverages, Asian, Chinese",4,55,55,55,800,18.46048207
Andhra Biryanis,Bangalore,Indiranagar,"Andhra, Biryani, Hyderabadi, Chinese, Tandoor",4.2,54,54,54,400,19.38350617
Sugo,Bangalore,Ejipura,"Italian, Pastas, Pizzas, Desserts",4,60,60,60,300,18.46048207
Raffaele's Ristorante Pizzeria,Bangalore,Koramangala,"Pizzas, Continental, Pastas, Fast, Food, Beverages",4.3,61,61,61,800,19.84501822
THE CAKE HOUSE,Bangalore,Basavanagudi,"Indian, Bakery, Sweets",4.3,54,54,54,280,13.09144648
Voosh Thalis & Bowls,Bangalore,Frazer Town,"North, Indian, Home, Food, Indian, Beverages, Thalis, Combo",4.1,52,52,52,199,16.12048509
Lavender Bakery by Fresh Pressery,Bangalore,Koramangala,"Bakery, American, Beverages, Pastas, Desserts",4.3,66,66,66,250,19.84501822
Juno,Bangalore,Koramangala,"Pan-Asian, Oriental, Chinese, Indian, Persian",,68,68,68,300,
Uff (Urban Food Factory),Bangalore,Jayanagar,"Indian, Seafood, Chinese, Snacks",3.9,49,49,49,300,11.87363751
XOOX Brewmill,Bangalore,Koramangala,"North, Indian, Chinese, Pizzas, Continental, Desserts, Pastas, Fast, Food, American, Italian, Salads, Combo",4.5,64,64,64,500,13.70035097
Kaati Zone Rolls and Wraps,Bangalore,Central Bangalore,"Fast, Food, Beverages",3.9,40,40,40,200,15.33411997
Orbis Restaurant,Bangalore,Indiranagar,"North, Indian, Biryani, Arabian, Chinese, Snacks, Beverages, Desserts",3.8,51,51,51,400,23.62310318
Momo Zone The Momo Company,Bangalore,Indiranagar,"Chinese, Fast, Food",4.4,64,64,64,200,13.39589873
Wok & Talk,Bangalore,Koramangala,Chinese,,61,61,61,300,
Kolkata famous Kati Roll,Bangalore,Chamrajpet,"Snacks, Fast, Food, Beverages",,52,52,52,99,
Le Gateau - The Cake Shop,Bangalore,Domlur,Desserts,4.3,66,66,66,400,19.84501822
Watson's,Bangalore,Vasanth Nagar,"Fast, Food",,53,53,53,450,
Bheemas,Bangalore,Ashok Nagar,Andhra,4.3,31,31,31,550,19.84501822
LEPCHA DARJEELING MOMOS,Bangalore,Koramangala,Chinese,,58,58,58,150,
five star chicken koli hut,Bangalore,Basavanagudi,"Fast, Food, Thai",,61,61,61,100,
Salt Mango Tree,Bangalore,Indiranagar,"Kerala, South, Indian, Seafood, Biryani, Indian",4.2,54,54,54,300,19.38350617
Basaveshwara Khanavali,Bangalore,Gandhi Nagar,"South, Indian",4.2,47,47,47,200,12.78699424
Arabian palace restaurant,Bangalore,Majestic,"Chinese, Tandoor, Indian",,62,62,62,200,
New Ambur Biryani,Bangalore,Sudhama Nagar,Biryani,,45,45,45,300,
THE SOUP PROJECT,Bangalore,Basavanagudi,"Chinese, Continental",,55,55,55,300,
Crazy Pizza,Bangalore,Ashok Nagar,"Fast, Food, Italian",,48,48,48,400,
ITC Hotels- Nutmeg The Cake Shop,Bangalore,Ashok Nagar,Desserts,,49,49,49,1000,
Faasos,Bangalore,Shantinagar,"Combo, Snacks, Beverages, Desserts, Indian",4.1,34,34,34,200,18.92199412
Paris Panini - French Street Food,Bangalore,Indiranagar,"French, Street, Food",4.4,57,57,57,450,30.39852103
The Bangalore Kitchen,Bangalore,Central Bangalore,"Biryani, Fast, Food, Barbecue",,46,46,46,300,
Madurai Idly shop - Express,Bangalore,Central Bangalore,"South, Indian",4.2,38,38,38,150,19.38350617
Salt - Indian Restaurant Bar & Grill,Bangalore,Adugodi,"North, Indian, Biryani, Thalis, Desserts",4.4,56,56,56,1300,20.30653027
ROMEO LASSI SHOP,Bangalore,Shivaji Nagar,"Beverages, Ice, Cream, Snacks, Desserts",,38,38,38,250,
RUCHI VIRUNDU,Bangalore,Koramangala,"Biryani, South, Indian",,61,61,61,250,
Rolls on Wheels,Bangalore,Vasanth Nagar,"Fast, Food",4.3,38,38,38,300,19.84501822
SAVERA LASSI SHOP,Bangalore,Shivaji Nagar,"Juices, Beverages, Snacks, Ice, Cream",,38,38,38,250,
New Shanti Upahar,Bangalore,Jayanagar,"South, Indian",4.4,50,50,50,200,27.35306684
APPU'S DONNE BIRYANI,Bangalore,Koramangala,Biryani,,57,57,57,400,
Maravanthe,Bangalore,Indiranagar,Seafood,4.3,54,54,54,800,19.84501822
Bangarpet chats,Bangalore,Central Bangalore,Chaat,,37,37,37,110,
4th Tea block,Bangalore,Jayanagar,"Beverages, Snacks",4.6,47,47,47,100,18.08639791
ZED THE BAKER,Bangalore,Central Bengalore,"Italian, Pizzas, Pastas, Indian",4,34,34,34,500,12.17808975
Patio 805,Bangalore,Jayanagar,"Pan-Asian, Fast, Food, Cafe",3.5,53,53,53,300,10.65582853
WOWFFLES,Bangalore,Indiranagar,"Desserts, Bakery",4.1,57,57,57,400,16.12048509
WOOD FIRED PIZZA,Bangalore,Indiranagar,Pizzas,,60,60,60,300,
The Thick Shake Factory,Bangalore,Pulikeshi Nagar,Beverages,4.4,44,44,44,200,20.30653027
Punjabi Zaika,Bangalore,Rajajinagar,"Continental, Italian, Fast, Food",4.1,55,55,55,300,16.12048509
Prowl Foods By Tiger Shroff,Bangalore,Indiranagar,"North, Indian, Continental, Pan-Asian, Oriental",4.4,64,64,64,500,17.30003278
Stegi,Bangalore,Jayanagar,Italian,,50,50,50,1200,
Kudla - Hotel Ramanashree,Bangalore,Sampangi Rama Nagar,"Mangalorean, Seafood, South, Indian, Desserts",,38,38,38,1500,
Chotu Motu Vadapavwala,Bangalore,Basavanagudi,"Fast, Food, Beverages",,50,50,50,100,
Pai Vihar Grand,Bangalore,Nagarathpete,"Chinese, North, Indian, South, Indian",4.3,32,32,32,250,16.90685022
Kunafa World,Bangalore,Pulikeshi Nagar,"Middle, Eastern",4.4,49,49,49,500,20.30653027
Hotel Udupi Ruchi,Bangalore,Rajajinagar,"South, Indian, Chinese, Desserts, North, Indian",4.1,51,51,51,300,18.92199412
Chaatimes,Bangalore,Ashok Nagar,"Chaat, Beverages",4.4,34,34,34,150,13.39589873
Sri Sai Ram Chats and Juice Centre,Bangalore,Malleshwaram,"Chaat, Snacks",4.1,60,60,60,200,18.92199412
ROLLING DOUGH CAFE,Bangalore,Jogupalya,"Italian, Seafood, Desserts, Continental, Salads, Pizzas, Pastas, Beverages",4.1,49,49,49,700,18.92199412
Five star chicken Domlur,Bangalore,Domlur,"Fast, Food",,66,66,66,400,
No.10 Fort Cochin,Bangalore,Ashok Nagar,"Seafood, Kerala, Biryani",4.2,32,32,32,250,29.01677007
Udta Punjab Cafe,Bangalore,Shanti Nagar,"North, Indian",,48,48,48,150,
Vegan Vogue,Bangalore,Indiranagar,"Healthy, Food, Mexican",,65,65,65,1000,
Malleshwaram Holige Mane,Bangalore,Malleshwaram,"Desserts, South, Indian, Sweets",4.4,54,54,54,120,20.30653027
Indus Spice House [ish],Bangalore,Koramangala,"North, Indian",,68,68,68,700,
Spice It by IBIS,Bangalore,Basavanagudi,"Snacks, Beverages",,40,40,40,400,
Sri Sai Cafe,Bangalore,Chamrajpet,"Fast, Food",4.3,52,52,52,150,13.09144648
IDC Kitchen,Bangalore,Gandhi Nagar,"South, Indian, North, Indian",4.4,44,44,44,150,20.30653027
Sikandar Rolls,Bangalore,Ashok Nagar,"North, Indian, Fast, Food, Biryani, Kebabs, Combo, Beverages, Desserts",4.5,45,45,45,300,20.76804233
Ujwal Family bar and restaurant,Bangalore,Central Bangalore,"Chinese, North, Indian, South, Indian",,40,40,40,800,
KC DAS Sweet bite,Bangalore,Pulikeshi Nagar,"Bengali, Snacks, Sweets",4.4,45,45,45,100,20.30653027
HOTEL NEW PRASHANTH NAATI STYLE,Bangalore,Majestic,"Chinese, Indian, Biryani, Seafood",,49,49,49,300,
89 EXPRESS DHABA,Bangalore,Rajajinagar,"North, Indian",,72,72,72,320,
TRENDY JUICE & FOODIES,Bangalore,Basavanagudi,"Fast, Food, Chinese, Snacks",,58,58,58,300,
The Rendezvous,Bangalore,Koramangala,"Continental, Italian, Indian, Chinese",4,70,70,70,600,12.17808975
24/7 - The Lalit Ashok Bangalore,Bangalore,Seshadripuram,"American, Asian, Chinese, Continental, North, Indian, Pan-Asian",3.7,55,55,55,600,11.26473302
Savi Sagar,Bangalore,Sampangiram Nagar,"Beverages, Chinese, Fast, Food, Jain, North, Indian, South, Indian",4.2,55,55,55,300,12.78699424
Khamma ghani sa,Bangalore,Koramangala,"North, Indian, Rajasthani",4.6,59,59,59,500,14.00480321
Chefmaster,Bangalore,Jayanagar,"South, Indian, Kerala, Seafood",4.1,55,55,55,300,18.92199412
The Bier Library,Bangalore,Koramangala,"Continental, North, Indian, Pizzas, American, Mexican, Italian, Beverages",4.3,61,61,61,600,16.90685022
New Life Kerala Mess,Bangalore,Indiranagar,"South, Indian",4.3,50,50,50,200,19.84501822
Indotalian I I Cafe,Bangalore,Malleshwaram,"Italian, Fast, Food, Snacks, Beverages, Ice, Cream, Desserts",,56,56,56,300,
Hotel Karavali Beach,Bangalore,Gandhi Nagar,Seafood,,47,47,47,300,
Chaska Bun,Bangalore,Koramangala,"Street, Food",4.4,57,57,57,178,20.30653027
The Ritz-Carlton - Ganache,Bangalore,Ashok Nagar,"Indian, Bakery",3.5,55,55,55,1000,10.65582853
CLOUD KITCHEN CHINNI CON COOK,Bangalore,Indiranagar,"Continental, Indian, Chinese, Beverages",,65,65,65,300,
Oye Kulcha!,Bangalore,Ashok Nagar,"North, Indian, Punjabi, Street, Food, South, Indian",,37,37,37,200,
Mumbai Xpress,Bangalore,Basavanagudi,"Chaat, Street, Food, Fast, Food",4.1,50,50,50,300,12.48254199
Toast & Tonic,Bangalore,Ashok Nagar,"European, Continental",4.3,40,40,40,900,13.09144648
Tall Blonde French,Bangalore,Koramangala,"American, European",4.2,56,56,56,250,12.78699424
South Kitchen,Bangalore,Basavanagudi,"Fast, Food, South, Indian",4.5,53,53,53,150,20.76804233
AL PIZZA CORNER,Bangalore,Shivaji Nagar,"Pizzas, Ice, Cream, Continental, Desserts",,44,44,44,250,
Imli,Bangalore,Indiranagar,"North, Indian, Punjabi",3.8,52,52,52,400,17.53745796
Cafe Grey By Dongle & Co,Bangalore,Indiranagar,"Beverages, Pizzas, Fast, Food, Bakery, Desserts",,63,63,63,450,
Aaliyar Ambur Dum Biryani,Bangalore,Ashok Nagar,Indian,,37,37,37,200,
Zin Box,Bangalore,Central Bangalore,"Asian, Continental, Italian, Pan-Asian",,46,46,46,700,
The Cafe Bar - Jayanagar,Bangalore,Jayanagar,"Beverages, European, Combo",,54,54,54,250,
Nanav Stores and Cafe,Bangalore,Indiranagar,"Beverages, Fast, Food",,64,64,64,350,
Just Shawarma,Bangalore,Indiranagar,Arabian,3.9,53,53,53,180,17.99897002
Brown Burger Co Jayanagar,Bangalore,Jayanagar,"Fast, Food, Beverages",4.4,54,54,54,199,13.39589873
ZAMA,Bangalore,Indiranagar,Turkish,,57,57,57,250,
PVR Cafe,Bangalore,Adugodi,"Snacks, Fast, Food, American",,63,63,63,400,
Shakers Cafe,Bangalore,Indiranagar,"Juices, Desserts, Indian, Fast, Food",,58,58,58,200,
Maggi Mane,Bangalore,Srirampura,"Beverages, Fast, Food, Italian",4.3,52,52,52,200,13.09144648
NEETH MEDAPPA PATISSERIE,Bangalore,Ashok Nagar,Desserts,,47,47,47,300,
Hokart - Special Hot Momos,Bangalore,Koramangala,"Fast, Food, Street, Food, Snacks, Chinese",4.3,47,47,47,150,16.90685022
CHINESE HOT,Bangalore,Vasanth Nagar,"Chinese, Thai, North, Indian",4.4,48,48,48,350,20.30653027
The Paan Studio,Bangalore,Pulikeshi Nagar,Paan,4.2,48,48,48,300,16.51366766
Earthen Delights,Bangalore,Jogupalya,Kerala,4.6,52,52,52,240,18.08639791
The Grill House - Steaks & Sizzlers,Bangalore,Sivanchetti Gardens,"American, Steakhouse, Italian, Mexican, Continental, Mediterranean, Desserts, Grill, Salads, Pastas, Pizzas, Lebanese",4.2,52,52,52,1100,19.38350617
CONRAD BENGALURU,Bangalore,Someshwarpura,"Asian, Indian, North, Indian, Chinese, Biryani, Lucknowi, Pan-Asian, European, Mughlai, Bakery, Awadhi, Japanese, Sweets, Sushi",,58,58,58,1200,
Brooks and Bonds Brewery,Bangalore,Koramangala,Indian,,66,66,66,200,
Gullu's Chaat,Bangalore,Malleshwaram,"Chaat, Snacks, Fast, Food",3.8,45,45,45,250,17.53745796
Ciro's Pizzeria,Bangalore,Central Bangalore,"Pizzas, Italian, Continental, American, Desserts",4,37,37,37,1000,15.72730253
SRI UDUPI VAIBHAV,Bangalore,Indiranagar,"South, Indian, North, Indian, Chinese",4.5,48,48,48,199,20.76804233
Wraps Rolls & Bowls,Bangalore,Indiranagar,"North, Indian, Chinese, Fast, Food, Desserts",4.3,62,62,62,250,13.09144648
House Of Kebab's,Bangalore,Jayanagar,"North, Indian, Chinese, Biryani",3.7,51,51,51,500,14.54775484
Foodism.in,Bangalore,Shankarapura,"Home, Food, North, Indian, Biryani, Thalis, Beverages, Chinese, Healthy, Food, Indian, Combo",,49,49,49,300,
JAI MATHARANI CHATS,Bangalore,Basaveshwaranagar,"Chaat, Juices, Beverages",,57,57,57,200,
Twiststick House,Bangalore,Shankarapura,"Jain, North, Indian, Continental, Fast, Food, Italian, Beverages, Thai",4.3,47,47,47,300,19.84501822
Vegan kitchen,Bangalore,Vasanth Nagar,"Continental, Desserts, Italian, Healthy, Food",,40,40,40,1200,
Artinci - Indulge Guilt Free!,Bangalore,Indiranagar,"Ice, Cream, Healthy, Food, Keto, Desserts, Snacks, Beverages, Bakery",4.7,56,56,56,200,18.47958047
IDC Kitchen,Bangalore,Indiranagar,"South, Indian, Beverages, Snacks",4.2,53,53,53,200,19.38350617
MEJESTIC CAFE,Bangalore,Majestic,"South, Indian, Indian, Chinese, Beverages",,51,51,51,250,
Zomoz - The Momo Company,Bangalore,Indiranagar,"Tibetan, Chinese, Asian, Street, Food",4.2,55,55,55,200,19.38350617
Chung Wah,Bangalore,Ashok Nagar,Chinese,4.3,38,38,38,800,19.84501822
Popat,Bangalore,Jogupalya,"Fast, Food, North, Indian",4.4,48,48,48,200,20.30653027
Hokart - Darjeeling Momos,Bangalore,Ejipura,"Fast, Food, Street, Food, Snacks, Chinese",,66,66,66,150,
MRS Hotel,Bangalore,Sivanchetti Gardens,"North, Indian",,45,45,45,200,
Cafe Mondo,Bangalore,Basavanagudi,"Pizzas, Italian",4.4,52,52,52,500,17.30003278
Maharaja Military Canteen,Bangalore,Central Bangalore,"South, Indian",3.9,38,38,38,400,17.99897002
Harshi Super Sandwich,Bangalore,Basavanagudi,"Snacks, Fast, Food, Chaat",3.7,55,55,55,100,11.26473302
UBQ by Barbeque Nation,Bangalore,Domlur,"North, Indian, Mughlai, Seafood, Biryani, Desserts, Kebabs",3.9,48,48,48,300,17.99897002
Rickshaw Wala,Bangalore,Central Bangalore,"Indian, North, Indian",,34,34,34,350,
Pure Punjabi Dhaba,Bangalore,Central Bangalore,"Indian, North, Indian, Snacks",,40,40,40,200,
Lazio Steaks & More,Bangalore,Pulikeshi Nagar,"Steakhouse, Pastas, American, Pizzas, Italian, Desserts, Chinese",4.5,54,54,54,800,20.76804233
Taco Street,Bangalore,Indiranagar,"Mexican, Desserts, Beverages",,63,63,63,250,
Bhagatram Sweets,Bangalore,Shivaji Nagar,"Indian, Chinese, North, Indian, Snacks",3.9,36,36,36,250,17.99897002
BB BUCKET BIRYANI,Bangalore,Central Bangalore,"Biryani, North, Indian, Chinese, Seafood",,36,36,36,700,
Roll-a-Pao,Bangalore,Indiranagar,"Fast, Food",,61,61,61,450,
Mom Made,Bangalore,Ashok Nagar,"North, Indian",,36,36,36,450,
Adiga's,Bangalore,Chickpet,"South, Indian, North, Indian, Chinese, Thalis, Fast, Food, Juices, Desserts",3.9,39,39,39,200,17.99897002
Durga Chats club road,Bangalore,Vijayanagar,"Chaat, Juices",3.6,54,54,54,100,10.96028078
Trattoria by Toscano,Bangalore,Jayanagar,"Italian, Pizzas, Pastas, Continental, Salads, Desserts, Beverages, Combo",4.1,46,46,46,900,18.92199412
Parijata pure veg,Bangalore,Richmond Town,"South, Indian",4.2,33,33,33,200,12.78699424
Kapoor's Cafe,Bangalore,Jayanagar,"North, Indian",4.1,51,51,51,500,25.48808501
A-1 Biriyani Combo 75,Bangalore,Malleshwaram,"Biryani, South, Indian",3.5,62,62,62,260,13.76138971
GEET'S KITCHEN,Bangalore,Srirampura,"North, Indian, South, Indian",,52,52,52,199,
Sukh Sagar,Bangalore,Koramangala,"South, Indian",4.3,57,57,57,400,19.84501822
Ragoos Express,Bangalore,Jayanagar,"Italian, Mexican, Beverages, Desserts",,55,55,55,350,
Drunken Monkey,Bangalore,Koramangala,"Healthy, Food, Beverages, Juices",,58,58,58,300,
Green cravings,Bangalore,Pulikeshi Nagar,"Healthy, Food, Continental, Keto, Indian, Salads",3.9,47,47,47,350,15.33411997
LunchBox,Bangalore,Shantinagar,"North, Indian, Chinese, Desserts, Biryani",4.1,38,38,38,200,18.92199412
Khawa Karpo,Bangalore,Koramangala,Chinese,4.6,53,53,53,178,21.22955438
Lazeez,Bangalore,Koramangala,"North, Indian, Mughlai",4.2,55,55,55,500,26.10974562
Sri Krishna Sweets,Bangalore,Indiranagar,Sweets,4.7,48,48,48,200,18.47958047
NAMMUR JOINT,Bangalore,Jayanagar,"Fast, Food, Snacks, Beverages, Ice, Cream",,50,50,50,200,
Chai Mane,Bangalore,Basavanagudi,"Fast, Food, Snacks, Beverages",3.7,47,47,47,100,11.26473302
The Baker's Dozen,Bangalore,Domlur,Bakery,4.3,48,48,48,300,19.84501822
The Bangalore Cafe,Bangalore,Shanti Nagar,"North, Indian, Chaat, Chinese, Pizzas, Desserts",4.1,40,40,40,400,18.92199412
Keventers Ice Cream,Bangalore,Central Bangalore,"Ice, Cream, Desserts",,38,38,38,300,
Southly Healthy,Bangalore,Chickpet,"South, Indian, Healthy, Food",3.6,47,47,47,200,10.96028078
Hotel Chandrika,Bangalore,Vasanth Nagar,"North, Indian, Chinese, Andhra, Biryani, Desserts, Ice, Cream, South, Indian, Beverages",4.3,37,37,37,300,19.84501822
COAL FLAME BIRIYAANI,Bangalore,Jayanagar,"Mughlai, Indian, Biryani, Combo, Andhra, Beverages, Kebabs, Sweets, Hyderabadi, Tandoor",,67,67,67,400,
Viceroy's Sarathi,Bangalore,Indiranagar,"Chinese, North, Indian, Beverages, Seafood",,62,62,62,600,
GAMA GAMA HOTEL,Bangalore,Basavanagudi,"Street, Food, South, Indian, Indian",4.4,55,55,55,150,20.30653027
Milkshake Memories by Gudbud,Bangalore,Koramangala,Beverages,,57,57,57,250,
Annapurna,Bangalore,Srirampura,"North, Indian, Tandoor, Chinese",,60,60,60,150,
K c kabab corner,Bangalore,Central Bangalore,"Indian, Biryani",,38,38,38,200,
Kabab Magic Roll,Bangalore,Neelasandra,Snacks,,54,54,54,400,
A1 Chips,Bangalore,Indiranagar,"Snacks, Sweets",4.5,46,46,46,250,20.76804233
Mama Mia!,Bangalore,Seshadripuram,"Desserts, Ice, Cream",,51,51,51,200,
santhanam sweets,Bangalore,Shivaji Nagar,Sweets,4.3,36,36,36,200,19.84501822
Sera's Cuisine,Bangalore,Koramangala,"Indian, Biryani, Seafood",4.2,60,60,60,300,12.78699424
Bakery by Foodhall,Bangalore,Ulsoor,"Bakery, Italian, Desserts",4.5,51,51,51,300,17.69321535
Lovespell Ice creams,Bangalore,Koramangala,"Ice, Cream, Beverages",,56,56,56,200,
Chaat Street Express,Bangalore,Koramangala,"Fast, Food, Snacks, Chaat, Street, Food, Beverages, Combo, North, Indian, Indian, Maharashtrian, Rajasthani",,59,59,59,150,
Cold Stone Creamery,Bangalore,Ashok Nagar,"Ice, Cream, Desserts, Beverages",4,48,48,48,200,15.72730253
Sigdee,Bangalore,Pulikeshi Nagar,Indian,,64,64,64,500,
Robin Brown ice cream,Bangalore,Shivaji Nagar,Desserts,,52,52,52,250,
Just Bake - Bakery Desserts Cakes & Confectioners,Bangalore,Banashankari,Desserts,3.9,45,45,45,400,15.33411997
desserted,Bangalore,Malleshwaram,"Beverages, Snacks, Fast, Food, Indian, Chinese, Italian",,44,44,44,600,
India Chai Lounge,Bangalore,Central Bangalore,"Fast, Food, Beverages",,47,47,47,250,
Manchurian Corner,Bangalore,Basavanagudi,Chinese,,53,53,53,300,
Toscano's Crafted Cakes and Desserts,Bangalore,Ashok Nagar,"Desserts, Bakery",4.5,34,34,34,600,13.70035097
The Rice Bowl,Bangalore,Ashok Nagar,Chinese,4.2,36,36,36,450,19.38350617
CREAM AND FUDGE,Bangalore,Malleshwaram,"Beverages, Desserts",,64,64,64,200,
Sri sai ram juice and chats,Bangalore,Malleshwaram,Snacks,,60,60,60,150,
Karavali Family Restaurant,Bangalore,Ashok Nagar,"Mangalorean, Seafood, Chinese, Coastal",4.1,35,35,35,200,16.12048509
Jain and Veg Cuisines,Bangalore,Basavanagudi,"Indian, Jain, Beverages, Chinese",3.6,47,47,47,300,10.96028078
Mudpipe Cafe,Bangalore,Vasanth Nagar,"Mexican, Continental",4.2,46,46,46,500,12.78699424
Rollswich Point,Bangalore,Indiranagar,"Fast, Food",,61,61,61,400,
D-Zaprino,Bangalore,Malleswaram,"North, Indian, Continental, American, Desserts, Fast, Food, Italian, Beverages, Seafood",3.9,63,63,63,300,17.99897002
That Pizza Place,Bangalore,Koramangala,"Pizzas, Italian, Fast, Food, Desserts, Continental, Mediterranean, American, Mexican, Indian, Combo, Beverages, Bakery, French, Sweets, European, Lebanese, Snacks",4.3,55,55,55,500,16.90685022
Giani Ice Cream,Bangalore,Indiranagar,"Ice, Cream, Beverages",4.3,54,54,54,300,16.90685022
Dande's Hyderabad Biryani,Bangalore,Koramangala,"Biryani, Andhra, Hyderabadi, South, Indian, North, Indian, Tandoor, Beverages, Desserts",3.3,56,56,56,350,10.04692404
EUROTRIP - EUROPEAN,Bangalore,Ashok Nagar,"Pizzas, Fast, Food",,45,45,45,600,
Lifetree,Bangalore,Langford Gardens,"Continental, Indian, Beverages, Desserts, Biryani",,39,39,39,350,
Tiwari's Ghee Paratha & Chaat,Bangalore,Basavanagudi,Rajasthani,4.1,54,54,54,300,16.12048509
Bamey's Restro Cafe,Bangalore,Koramangala,"Chinese, Thai, Nepalese",4.4,56,56,56,400,20.30653027
Chuckling Chinese,Bangalore,Koramangala,"Chinese, Fast, Food",4.1,63,63,63,300,18.92199412
Waffle Royale,Bangalore,Ashok Nagar,Desserts,,38,38,38,200,
Desi Khana,Bangalore,Banashankari,"North, Indian, Chinese, Thalis",,68,68,68,300,
Kalmane Koffees,Bangalore,Seshadripuram,Cafe,,53,53,53,350,
Misu,Bangalore,Ashok Nagar,"Pan-Asian, Chinese, Vietnamese, Malaysian, Desserts, Singaporean, Sushi",4.4,37,37,37,1300,20.30653027
Jams Kitchen,Bangalore,Rajajinagar,"Chinese, Italian, Mexican, Desserts",,62,62,62,200,
A NAIDU'S OOTADA MANE,Bangalore,Indiranagar,Indian,3.6,52,52,52,250,14.15457228
Bob's Bar,Bangalore,Indiranagar,"South, Indian, North, Indian, Fast, Food, Desserts",4.3,55,55,55,300,19.84501822
Cakewala,Bangalore,Jayanagar,Desserts,4.3,51,51,51,450,19.84501822
Eden Park,Bangalore,Shivaji Nagar,"North, Indian, Chinese, Seafood, Andhra, Biryani, Desserts, Jain, Mughlai, South, Indian, Coastal, Beverages",4.2,36,36,36,1000,19.38350617
Kodial Cafe ( We Use Ideal Icecream ) Malleshwaram,Bangalore,Malleshwaram,"Mangalorean, Ice, Cream, Snacks",4.3,55,55,55,250,16.90685022
Shyvan Fast Food,Bangalore,Langford Gardens,"North, Indian, Chinese",4.7,39,39,39,200,14.30925546
Nadan Pothichoru,Bangalore,Koramangala,"South, Indian, Kerala, Biryani",3.4,57,57,57,200,13.36820715
Go Native,Bangalore,Ashok Nagar,"Healthy, Food, Jain, North, Indian, South, Indian",4.2,38,38,38,600,19.38350617
Kund Indian Barbeque,Bangalore,Indiranagar,"Mughlai, North, Indian, Biryani, Kebabs, Desserts",4.2,58,58,58,200,19.38350617
La Heaven,Bangalore,Malleshwaram,"Desserts, Bakery, Beverages",4.1,58,58,58,384,18.92199412
Chichabas Taj,Bangalore,Pulikeshi Nagar,"Mughlai, North, Indian, Biryani",4.2,54,54,54,532,19.38350617
Andhra Mess,Bangalore,Domlur,"Andhra, South, Indian, Biryani, Chinese, Hyderabadi",3.7,57,57,57,250,17.07594591
Happy Belly Bakes- Cakes and Desserts,Bangalore,Ashok Nagar,"Desserts, Bakery, Beverages",4.7,37,37,37,350,21.69106643
SWAGAT RESTAURANT,Bangalore,Rajajinagar,"Indian, Beverages, Ice, Cream",4.1,57,57,57,350,12.48254199
EMPEROR,Bangalore,Indiranagar,"North, Indian, Chinese, South, Indian",,56,56,56,300,
Maiyas Restaurants,Bangalore,Jayanagar,"South, Indian, Fast, Food",4.3,47,47,47,250,26.73140623
LeanCrust Pizza - ThinCrust Experts,Bangalore,New Tippasandra,"Pizzas, Italian",3.5,60,60,60,350,13.76138971
EK DUM DESI,Bangalore,Koramangala,"North, Indian",,64,64,64,400,
MANTAP ICE CREAM,Bangalore,Seshadripuram,"Ice, Cream",4.7,44,44,44,200,14.30925546
Urban Solace,Bangalore,Sivanchetti Gardens,"American, Continental",,48,48,48,500,
Hungry budget,Bangalore,Rajajinagar,"Biryani, Kebabs, Combo",,62,62,62,300,
3 Mangos,Bangalore,Indiranagar,"Beverages, Ice, Cream",,56,56,56,100,
Fishland,Bangalore,Gandhi Nagar,"Seafood, North, Indian, Chinese",4.4,44,44,44,500,17.30003278
Singh Da Punjabi Dhaba,Bangalore,Koramangala,"Punjabi, Tandoor, Chinese",3.8,54,54,54,200,17.53745796
Brahmins' Thatte Idli,Bangalore,Malleshwaram,"South, Indian, Combo",4.4,48,48,48,150,27.35306684
Friends Chinese corner,Bangalore,Rajajinagar,"Chinese, Kebabs",,61,61,61,200,
The Handi Crust,Bangalore,Halsuru,"Indian, Chaat",,54,54,54,350,
,,,,,,,,,
,,,,,,,,,
Mexicano Griller,Chennai,Nungambakkam,"Mexican, Continental",3.9,64,64,64,800,11.87363751
SPOTLIGHT Cafe,Chennai,Annanagar,"Fast, Food, Pizzas, Beverages",,66,66,66,50,
Fromage,Chennai,Raja Annamalai Puram,"Italian, Continental",4.3,77,77,77,1000,16.90685022
Hotel Khaja Empire ,Chennai,Poongavanapuram,"Chinese, North, Indian",4,37,37,37,300,12.17808975
RICE AND CURRY,Chennai,Choolaimedu,"Indian, Chinese",,73,73,73,250,
Go Grill,Chennai,Arumbakkam,"North, Indian, Grill, Biryani, Snacks",4.1,72,72,72,300,12.48254199
Chickwalk,Chennai,Vadapalani,"Fast, Food, Continental, Beverages, Ice, Cream",4.4,85,85,85,300,13.39589873
SMOOR,Chennai,Royapettah,"Bakery, Beverages",4.7,51,51,51,300,18.47958047
Le Wrap Factorie,Chennai,Chetpet,"Mexican, Continental",4.4,57,57,57,200,13.39589873
Lassi Cream-Citi Centre,Chennai,Mylapore,"Desserts, Beverages, Ice, Cream, Bakery",4,63,63,63,150,12.17808975
havmor havfunn,Chennai,Mogappair,"Ice, Cream, Indian",,80,80,80,300,
GURU BABA STORE,Chennai,Perambur,"Snacks, Chaat",4.3,52,52,52,150,19.84501822
Seena Bhai 1977 Dosa Centre,Chennai,Kilpauk,"South, Indian",3.3,38,38,38,150,12.97502459
CAKE GALATTA,Chennai,Triplicane,"Desserts, Bakery, Continental, Pizzas",,43,43,43,100,
JIMMY'S KITCHEN,Chennai,Perambur,"Arabian, Chinese, Tandoor, Grill, Combo, Beverages",,63,63,63,300,
Hotel Ganapathy Bhavan,Chennai,Anna Nagar,"South, Indian, North, Indian, Chinese",4.4,62,62,62,300,20.30653027
Only Combo's,Chennai,Mylapore,"Chinese, Combo",,59,59,59,400,
Modo,Chennai,Kilpauk,"North, Indian, Chinese, Indian, Jain, Biryani, Desserts, Beverages, Italian, Pastas, Continental, Thai, Mediterranean, Pan-Asian",4.4,52,52,52,600,20.30653027
Meat Com,Chennai,Royapettah,"North, Indian",,45,45,45,400,
Single Tea Machi,Chennai,Arumbakkam,"Fast, Food, Juices, Chaat, Desserts, Beverages",,84,84,84,120,
S3 Elite family dining,Chennai,T Nagar,"Chinese, Thalis",3.5,71,71,71,250,10.65582853
MURUGAN KAAPPI,Chennai,Kodambakkam,"Cafe, Snacks, Continental",4.1,78,78,78,50,18.92199412
Hotel Friends Food Court,Chennai,Peravallur,"South, Indian, North, Indian, Chinese",4.1,60,60,60,250,18.92199412
Soupman Shop,Chennai,Perambur,"North, Indian, Chinese",4.1,59,59,59,150,18.92199412
J J Juicy world,Chennai,Kodungaiyur,"Chaat, Juices",4.1,64,64,64,250,12.48254199
MANIAMMAL CATERING & HOMEMADE FOOD,Chennai,Perambur,"South, Indian",4.1,83,83,83,200,16.12048509
Pulusu ( Anna Nagar ),Chennai,Annanagar East,"Andhra, Biryani, Chettinad, South, Indian, Desserts, Beverages",4.1,58,58,58,300,25.48808501
Viswanathan Chettinadu Hotel,Chennai,Mylapore,"South, Indian",4.1,55,55,55,200,18.92199412
Hot Chappathies,Chennai,Kodambakkam,"North, Indian, Chinese, Biryani, Chaat, Indian, Tandoor",4.1,77,77,77,180,28.3258946
Sri Ganesh Chettinadu Hotel,Chennai,Gopalapuram,"Fast, Food, South, Indian",4.1,49,49,49,400,18.92199412
MIRCHI EXPRESS,Chennai,Egmore,"Arabian, Continental, Italian, Grill, Thai, Biryani, Indian, Mughlai, Chinese",4.1,44,44,44,250,12.48254199
Hotel Pentagon,Chennai,Anna Nagar West Extension,"Chinese, North, Indian, South, Indian",4.1,73,73,73,350,12.48254199
Nolita,Chennai,Nungambakkam,"Italian, Beverages, Ice, Cream, Pizzas, Snacks, Desserts, Pastas, Greek, Salads, Continental",4.1,51,51,51,1200,18.92199412
VANAKKAM,Chennai,Kilpauk,"South, Indian, Snacks",,52,52,52,100,
Best Fast Food,Chennai,Choolai,Chinese,3.9,30,30,30,250,11.87363751
ARABIAN EXPRESS,Chennai,Perambur,"Indian, Arabian",4.4,65,65,65,300,13.39589873
CHENNAI FAST FOOD,Chennai,Perambur,Indian,,58,58,58,160,
Atho Man Ecstasy,Chennai,Old Washermanpet,"Chaat, Chinese, Desserts, Fast, Food, Ice, Cream, Italian, Snacks",,60,60,60,300,
Lo Cal By Dumbell,Chennai,Nungambakkam,"Healthy, Food, Indian, Keto, Desserts",4.2,72,72,72,250,19.38350617
Hot Breads,Chennai,Royapettah,Bakery,4.4,39,39,39,150,20.30653027
Cafe Adoniya,Chennai,Chetpet,"Bakery, Fast, Food, Desserts",4.3,46,46,46,500,13.09144648
SPLASH,Chennai,Annanagar,Beverages,,69,69,69,300,
Tandoori Combo Co,Chennai,Nungambakkam,"North, Indian, Indian, Tandoor, Mughlai, Lucknowi, Combo",4.4,50,50,50,300,20.30653027
Creamy Cake Pops,Chennai,Mylapore,Bakery,,67,67,67,800,
WOK OF LIFE,Chennai,Nungambakkam,"Chinese, Combo, Beverages",,50,50,50,600,
AMRIN BIRIYANI,Chennai,Triplicane,Biryani,4.3,41,41,41,250,13.09144648
Ox & Tomato,Chennai,Thousand Lights,"Italian, Pizzas, Pastas, Desserts, Continental, Salads",4.4,55,55,55,500,17.30003278
STONE AGE BBQ'S,Chennai,Kodambakkam,"Indian, Chinese, Tandoor",,76,76,76,450,
Srinivasan Andhra Mess,Chennai,Mylapore,Indian,3.6,52,52,52,250,16.61443386
DEGH BIRYANI,Chennai,Gopalapuram,Biryani,,53,53,53,400,
HOLD ON,Chennai,Arumbakkam,"Continental, Juices, Snacks, Beverages",,70,70,70,150,
Cafe Mingles,Chennai,Perambur,"Lebanese, Arabian, Beverages",3.8,55,55,55,200,17.53745796
Orange Wok,Chennai,Anna Nagar,"Chinese, Beverages, Desserts, Combo",4,70,70,70,500,18.46048207
Madurai Military Hotel,Chennai,Anna Nagar,"South, Indian, Biryani",4.2,63,63,63,300,19.38350617
Kommune,Chennai,T Nagar,"Desserts, Italian, North, Indian, Salads",,65,65,65,350,
National Lodge,Chennai,George Town,"South, Indian",,49,49,49,300,
Gita's Homemade,Chennai,Annanagar,"Andhra, South, Indian, Indian",,72,72,72,200,
sandwich town,Chennai,Egmore,Snacks,,39,39,39,200,
Kabab Corner,Chennai,Thousand Lights,"Mughlai, North, Indian",4.4,45,45,45,350,20.30653027
Kaidi Kitchen,Chennai,Mylapore,"North, Indian, Chinese, Mexican, Italian, Thai, Lebanese",4.5,63,63,63,900,20.76804233
COLLAGE BY TOSCANO,Chennai,Anna Nagar,"Italian, Indian, Asian, Pizzas, Pastas, Salads, Desserts",4.2,82,82,82,600,19.38350617
Ente Keralam,Chennai,Teynampet,Kerala,4.5,58,58,58,750,20.76804233
Kanishka Kulfi,Chennai,George Town,"Ice, Cream",3.8,50,50,50,150,11.56918526
Lassi Nation,Chennai,Perambur,Beverages,3.7,60,60,60,200,17.07594591
The Right Place - The Residency,Chennai,T. Nagar,"Indian, Continental",,71,71,71,1000,
Chin Chin - The Residency,Chennai,T. Nagar,Chinese,4.3,72,72,72,1900,16.90685022
YUMMY SHAWARMA,Chennai,George Town,Arabian,,57,57,57,200,
Hakka Xpress (Chinese),Chennai,Anna Nagar,"Chinese, Fast, Food, Snacks, Combo, Asian",4.3,71,71,71,300,19.84501822
ZWARMA,Chennai,Choolaimedu,"Snacks, Fast, Food, Pizzas, Arabian, Beverages",,62,62,62,200,
Bombay Brasserie,Chennai,Thousand Lights,Indian,4.3,48,48,48,900,19.84501822
Thickshake town,Chennai,Egmore,Juices,,38,38,38,200,
Fresh Pressery cafe,Chennai,Thousand Lights,"Healthy, Food, Cafe, Desserts",4.5,49,49,49,500,27.97472745
FOOD CRAVINGS,Chennai,Alwarpet,"Chinese, Grill",,59,59,59,200,
Just 79/- only,Chennai,Shenoy Nagar,"Chinese, Beverages, Desserts",3.9,52,52,52,150,17.99897002
Havmor,Chennai,Alwarpet,"Ice, Cream, Desserts",4.7,55,55,55,300,21.69106643
Sree Gupta Bhavan,Chennai,Annanagar,"North, Indian",4.3,64,64,64,200,19.84501822
Batter,Chennai,Thousand Lights,"Desserts, Ice, Cream",4.1,39,39,39,300,16.12048509
THE EARTHEN FOODS,Chennai,T Nagar,"Biryani, Italian, Chinese",3.3,70,70,70,300,10.04692404
Dezire Sugar Free Health Cafe,Chennai,Cit Nagar,"Bakery, Desserts, Sweets",4.4,69,69,69,150,17.30003278
Artinci - Indulge Guilt Free!,Chennai,Annanagar,"Ice, Cream, Healthy, Food, Keto, Desserts, Snacks, Beverages, Bakery",4.2,66,66,66,200,19.38350617
Malabar Point,Chennai,26,"Biryani, Kerala, South, Indian, Thalis",4.2,58,58,58,450,19.38350617
Sri Sai Foods,Chennai,Arumbakkam,"Fast, Food",,67,67,67,10,
Kambi Kari,Chennai,Perambur,"South, Indian, Kebabs, Combo",,66,66,66,300,
Ponnusamy Hotels,Chennai,Nungambakkam,"Tandoor, Indian, Mughlai",4,54,54,54,300,18.46048207
NEW STAR HOTEL,Chennai,Perambur,"Biryani, Chinese, South, Indian",,50,50,50,300,
TN10 SHAWARMA AND SHAKE FACTORY,Chennai,Vadapalani,"Beverages, Fast, Food",,85,85,85,350,
Superstar Pizza,Chennai,Anna Nagar,"Pizzas, Fast, Food",4.2,67,67,67,500,12.78699424
Sudhas Chaat and Sweets,Chennai,Annanagar,"Chaat, Combo, North, Indian",,69,69,69,200,
PIZZA MECHANICS,Chennai,Annanagar,Pizzas,,87,87,87,200,
Pind,Chennai,Egmore,"Mughlai, North, Indian, Chinese",4.4,44,44,44,550,20.30653027
Pizza Square (pursaiwakkam),Chennai,Purasaiwakkam,Pizzas,,44,44,44,300,
10 Downing Street,Chennai,T. Nagar,"Indian, Continental, Tandoor",4,77,77,77,1000,12.17808975
PACHCHA KATHTHI,Chennai,T Nagar,Indian,,78,78,78,400,
Shero Home - Sambar Poriyal & Rasam,Chennai,Kodungaiyur,"South, Indian, Home, Food, Healthy, Food, Desserts",4.1,84,84,84,350,16.12048509
Brijwasi Sweets,Chennai,Teynampet,"North, Indian",3.9,63,63,63,300,26.94414364
Burmese Bowl,Chennai,Perambur,"Chinese, Beverages, Ice, Cream",,74,74,74,200,
Mujiba Restaurant,Chennai,Choolaimedu,"Indian, Chinese",,92,92,92,300,
Amdavadi Gujarati Restaurant,Chennai,T. Nagar,Gujarati,3.9,67,67,67,400,17.99897002
Lassi Shop - kolathur,Chennai,Ponniammanmedu,"Ice, Cream, Beverages, Snacks",4.2,66,66,66,200,19.38350617
Shmoozie's Hand-Crafted Ice creams,Chennai,Egmore,"Ice, Cream, Desserts",,46,46,46,200,
Topi Vappa Biriyani,Chennai,Cit Nagar,"Biryani, Indian, Chinese, South, Indian",3.8,71,71,71,300,11.56918526
A1 FOOD WORLD,Chennai,Purasawalkam,"Chinese, American, Pizzas, Snacks",,46,46,46,250,
MilkyWay,Chennai,Egmore,"Ice, Cream, Desserts, Chaat",4.3,31,31,31,100,16.90685022
Cholan Mess,Chennai,Annanagar,"Indian, Chinese, Biryani, Beverages",4.1,70,70,70,800,12.48254199
Madurai mamiyar mess,Chennai,Kodambakkam,"South, Indian",,71,71,71,120,
Asian Station,Chennai,Anna Nagar,Asian,4.5,66,66,66,1400,20.76804233
A M BIRYANI,Chennai,Perambur,"Biryani, Chinese, Fast, Food, Snacks",3.7,72,72,72,350,11.26473302
Rasoee,Chennai,George Town,"North, Indian, Street, Food, Chinese, Fast, Food",4,38,38,38,150,18.46048207
Sweetsoul Buddha Bowls,Chennai,Teynampet,"Healthy, Food, Salads, Desserts",4.5,64,64,64,1100,20.76804233
Lassi No 1,Chennai,Vadapalani,"Beverages, Desserts",,72,72,72,200,
Benaras,Chennai,T Nagar,"Chaat, Snacks, Fast, Food, Beverages",4.3,66,66,66,300,16.90685022
Sin & Tonic,Chennai,T Nagar,"Continental, Indian, Chinese",,74,74,74,1000,
MLR RESTAURANT,Chennai,Annanagar,"Indian, Biryani, Asian, Tandoor, Grill, Barbecue",,61,61,61,450,
BALAJI SANDWICH STALL,Chennai,Egmore,"Snacks, Continental",4.6,40,40,40,200,14.00480321
Latitude - The Park,Chennai,T. Nagar,"Salads, Desserts, Italian, Juices, Beverages, Grill",,84,84,84,1400,
Vimalam mess,Chennai,Anna Nagar,"South, Indian",4.3,60,60,60,700,19.84501822
Symphony - Ramada,Chennai,Egmore,"Indian, Chinese, Tandoor",4,39,39,39,200,15.72730253
Chai world,Chennai,Perambur,"Beverages, Snacks",4.4,52,52,52,250,17.30003278
Krishna sweet,Chennai,Kodambakkam,Sweets,3.9,73,73,73,100,11.87363751
GOSIP,Chennai,Kilpauk,"Italian, Fast, Food, Beverages",4.2,49,49,49,200,12.78699424
Sandwich Square,Chennai,George Town,"Snacks, Pastas, Fast, Food, Beverages",4.3,62,62,62,200,16.90685022
Hotel Kanthaa's,Chennai,Ayanavaram,"South, Indian, Beverages, North, Indian, Snacks, Fast, Food, Chinese",3.9,49,49,49,150,17.99897002
1BY2,Chennai,T Nagar,"Beverages, Snacks",4.9,79,79,79,250,14.91815994
McDonald's Gourmet Burger Collection,Chennai,Egmore,"American, Continental, Fast, Food, Desserts, Beverages",4.3,40,40,40,600,19.84501822
DELIGHT CAKE TREAT,Chennai,Perambur,"Bakery, Desserts",,53,53,53,400,
Fabcafe By Fabindia,Chennai,Teynampet,"Healthy, Food, North, Indian, Biryani, Beverages",4.3,57,57,57,1000,19.84501822
Parvathi Bavan Sweets,Chennai,Teynampet,"Sweets, Snacks, Desserts, North, Indian, South, Indian",4.4,51,51,51,250,20.30653027
Truffle delight,Chennai,Teynampet,"Bakery, Desserts, Beverages, Snacks, Juices, Pizzas",3.9,60,60,60,200,17.99897002
Spectra at The Leela Palace,Chennai,Raja Annamalai Puram,"North, Indian, South, Indian, Pan-Asian, Continental, Biryani, Pizzas",,86,86,86,1200,
TIKKA MAN,Chennai,Kodambakkam,"North, Indian",,67,67,67,200,
Ponnusamy Hotel Royapettah,Chennai,Royapettah,"South, Indian, Biryani, North, Indian, Chettinad",4.2,50,50,50,400,19.38350617
Le Cafe Et Gateaux,Chennai,Chennai,"American, Bakery",4.1,68,68,68,400,16.12048509
SnackArt,Chennai,Choolai,Snacks,3.5,45,45,45,200,10.65582853
Kev's abra'KEBAB'ra - the kebab shack,Chennai,Nungambakkam,"Kebabs, Chinese, Tandoor, Grill",4.4,57,57,57,350,13.39589873
Bunwich,Chennai,Anna Nagar,"Beverages, Fast, Food",3.5,78,78,78,200,10.65582853
C.F.C Hyderabad Dum Biryani & Fast Food,Chennai,George Town,"Biryani, Fast, Food",,53,53,53,250,
CANVAS BY SKETCH,Chennai,Teynampet,"Continental, Asian, Italian, Indian",4.4,71,71,71,1200,20.30653027
Noodle Doodle,Chennai,Anna Nagar,"Chinese, Combo, Tibetan",3.7,70,70,70,250,11.26473302
Puducherry Sri Kamatchi.,Chennai,Kodambakkam,"South, Indian, Chinese",4.3,71,71,71,300,29.70764555
Kolapasi Takeaway,Chennai,Anna Nagar,"South, Indian, Biryani",4.1,62,62,62,300,18.92199412
Sri balaji foods and snacks,Chennai,Vadapalani,"Snacks, Desserts, Juices, Beverages",,82,82,82,180,
Hotel Rolex,Chennai,Chetpet,"Biryani, Chinese, Desserts, Grill, Juices, Kebabs, North, Indian, Seafood, Tandoor",3.9,44,44,44,400,17.99897002
Neythal restaurant,Chennai,Perambur,"Biryani, Chinese, Indian",4.2,69,69,69,300,12.78699424
Gogo Thai,Chennai,Alwarpet,"Fast, Food",,71,71,71,200,
Wraps & Rolls,Chennai,Kilpauk,"Street, Food, Fast, Food, Pizzas, Italian, Desserts",4.1,45,45,45,150,16.12048509
Jus Bites,Chennai,Egmore,Desserts,,40,40,40,250,
The Lassi Corner,Chennai,Vadapalani,"Beverages, Ice, Cream, Sweets, Fast, Food",,78,78,78,150,
Saleem Biryani,Chennai,Kilpauk,"Biryani, Chinese, North, Indian",3.6,40,40,40,300,14.15457228
New Andhra Meals Hotel,Chennai,T. Nagar,"Andhra, South, Indian",4.4,69,69,69,400,27.35306684
Bamboo Kitchen,Chennai,Anna Nagar,"Chinese, Thai",4.2,71,71,71,400,16.51366766
Sathyam Cinemas,Chennai,Royapettah,"Fast, Food, Snacks, Desserts, Beverages",4.4,44,44,44,250,27.35306684
AL Souk,Chennai,Gandhi Nagar,"Juices, Grill, Arabian",4.3,51,51,51,400,16.90685022
Cake Waves,Chennai,Balavinayagar Nagar,"Bakery, Desserts",,70,70,70,300,
Rihana Burma Foods,Chennai,Vyasarpadi,Burmese,4.3,53,53,53,150,16.90685022
Sri Saikarthi Andhara Curries and Snacks,Chennai,Kodambakkam,"Kerala, Chettinad, Andhra",4,74,74,74,150,18.46048207
Frozen Bottle,Chennai,T. Nagar,"Beverages, Ice, Cream, Desserts",4.2,69,69,69,250,19.38350617
Umar Biriyani,Chennai,Triplicane,"Biryani, Chinese, Arabian",,34,34,34,400,
Classic Rider Cafe,Chennai,Annanagar East,Indian,3.5,64,64,64,250,10.65582853
Muhil Soup,Chennai,Ponniammanmedu,"Snacks, Indian, Chinese",4.3,64,64,64,200,19.84501822
ID,Chennai,Nungambakkam,"South, Indian",4.4,59,59,59,300,27.35306684
Chai Kanth,Chennai,T. Nagar,Beverages,4.1,70,70,70,150,18.92199412
Classic Shawarma and Grill,Chennai,Mylapore,"Arabian, Fast, Food",4.1,58,58,58,250,12.48254199
Afresh,Chennai,Perambur,"Healthy, Food, Salads, Desserts, Beverages",5,50,50,50,100,15.22261219
SRI RAGHAVENDRA MESS,Chennai,Ayanavaram,"South, Indian, North, Indian, Chinese",4.3,55,55,55,175,26.73140623
Palmshore,Chennai,Egmore,Arabian,4,44,44,44,400,27.63501912
MR.BURGER,Chennai,Perambur,"Pizzas, Pastas, Indian",,59,59,59,280,
The Brew Room,Chennai,Mylapore,Continental,4.7,56,56,56,700,18.47958047
Juice cafe,Chennai,Teynampet,"Juices, Pizzas, American, Biryani, Chinese, Snacks, Desserts, Beverages",4.1,58,58,58,300,18.92199412
LASSI N SHAKES,Chennai,Kilpauk,"American, Italian, Pizzas, Snacks, Healthy, Food, Juices, Beverages",,44,44,44,160,
DOWN STERLING,Chennai,Nungambakkam,"Continental, Snacks, Fast, Food",,59,59,59,200,
Jokers kitchen,Chennai,Alwarpet,"North, Indian, Italian, Continental",,66,66,66,300,
Shri Gowri Krishnaa,Chennai,Anna Nagar,"South, Indian, North, Indian, Chinese",4.5,57,57,57,200,31.08939651
Dosa Corner,Chennai,Koyambedu,"South, Indian, North, Indian",4.1,85,85,85,150,16.12048509
THE ROYAL SNACKS,Chennai,Cit Nagar,Pizzas,,81,81,81,200,
Red E Drop Zone,Chennai,Perambur,"Chinese, Seafood",,54,54,54,1000,
INJI AND SOY MULTI CUISINE RESTAURANT,Chennai,Annanagar,"Chinese, Indian, Lebanese, Snacks, Beverages, Desserts",,70,70,70,300,
Tuscana Pizzeria,Chennai,Thousand Lights,Italian,4.1,60,60,60,1200,16.12048509
AKS Kabab,Chennai,Royapettah,"South, Indian, Indian, Fast, Food, Street, Food, Kebabs, Mughlai",4.1,49,49,49,300,16.12048509
Lassi Junction Purasawalkam,Chennai,PURASAWALKAM,"Beverages, Juices, Fast, Food, Snacks, Desserts",4.1,37,37,37,300,12.48254199
Desi Street,Chennai,Annanagar East,"North, Indian, Indian, Grill, Street, Food, Kebabs, Tandoor, Chaat, Biryani",4.2,66,66,66,200,19.38350617
The Magic Food Center,Chennai,Mylapore,"Fast, Food, Chaat",,61,61,61,100,
FB CAKES,Chennai,Chennai,Bakery,4.1,45,45,45,200,18.92199412
Roll Baby Roll,Chennai,Annanagar East,Indian,4.4,56,56,56,250,20.30653027
Kalyana Virundhu Biryani,Chennai,Purasawalkam,"Biryani, Indian",,44,44,44,620,
KADALSAAR UNAVAGAM,Chennai,Vishnu Garden,"Biryani, South, Indian",,75,75,75,400,
YUMMIOZA CHINESE RESTAURANT,Chennai,Vadapalani,Chinese,,80,80,80,300,
Gogo Momo,Chennai,Alwarpet,Chinese,4.2,65,65,65,350,16.51366766
Royal Sandwich,Chennai,Purasaiwakkam,"Fast, Food",4,34,34,34,200,12.17808975
Eatza Pizza,Chennai,Nungambakkam,"Italian, Pizzas",4.1,58,58,58,600,12.48254199
S.R.KATHAR BIRYANI,Chennai,Perambur,Indian,,62,62,62,250,
Ashvita Bistro,Chennai,Alwarpet,"Continental, Asian",4.1,69,69,69,500,12.48254199
FLAVOUR OF CHETTINADU,Chennai,Nungambakkam,"Biryani, Chettinad, South, Indian",,54,54,54,150,
ILLIS GROUP OF RESTAURANTS,Chennai,Annanagar,"Indian, Chinese, Arabian, Beverages",,74,74,74,300,
Blind Ch3mistry,Chennai,Thousand Lights,"Italian, Beverages, Asian",4.1,51,51,51,600,12.48254199
KURTOS CREMERIA,Chennai,Annanagar,European,,72,72,72,400,
Udupi Hotel Venkateswara,Chennai,Ayanavaram,"South, Indian, North, Indian, Chinese",4.3,51,51,51,300,19.84501822
The Grand Sweets and Snacks - Amirtham Restaurant,Chennai,Gopalapuram,"Sweets, Snacks",4.7,44,44,44,200,21.69106643
BISMI KEBAB CORNER,Chennai,Egmore,"Biryani, Indian, Chinese",,46,46,46,200,
Delara,Chennai,Annanagar,Indian,,65,65,65,800,
Daily Fresh Ice Creams,Chennai,Tondiarpet,"Ice, Cream",,70,70,70,100,
Delightful dessert,Chennai,Perambur,Desserts,,51,51,51,200,
Max Restaurant,Chennai,Kodambakkam,"Chinese, Snacks, Desserts, Beverages",,68,68,68,300,
The Grand Sweets and Snacks - Amirtham Restaurant,Chennai,Anna Nagar,"Sweets, Snacks",4.7,62,62,62,400,21.69106643
Dr Bubbles,Chennai,Thousand Lights,"Beverages, Snacks, Juices, Bakery, Desserts",4.4,46,46,46,350,20.30653027
Vrindavan,Chennai,Mylapore,"Chinese, South, Indian, Continental, Tandoor",4.5,53,53,53,500,20.76804233
The Butterfly Effect Cafe,Chennai,Nandanam,"Chinese, Beverages, Bakery",,80,80,80,700,
THE NEW BOX,Chennai,Purasawalkam,"Chinese, Fast, Food, Indian",3.6,48,48,48,300,10.96028078
FIVE STAR CHICKEN / HALEEM DEPARTMENTAL STORES,Chennai,T Nagar,"American, Snacks",,73,73,73,200,
Hotel Rhiya,Chennai,Triplicane,"South, Indian, Indian, Fast, Food, Biryani, Chinese",,49,49,49,300,
Rajeswari restaurant,Chennai,Gopalapuram,"North, Indian, Chinese, South, Indian, Biryani, Tandoor",4.3,50,50,50,400,13.09144648
Chennai Creams,Chennai,Gandhi Nagar,Indian,,59,59,59,200,
Goli Vada Pav No 1,Chennai,T. Nagar,"Maharashtrian, North, Indian, Fast, Food, Street, Food",4.1,60,60,60,100,18.92199412
The Shawarma Makers,Chennai,Perambur,"Arabian, Fast, Food",,72,72,72,220,
Nasi Kandar Pelita,Chennai,T. Nagar,"North, Indian, South, Indian, Malaysian, Indian",4.5,67,67,67,500,20.76804233
Gongura,Chennai,Alwarpet,"Biryani, Andhra",3.1,64,64,64,350,9.438019557
TIKTALK CAFE,Chennai,Anna Nagar,Indian,4.1,71,71,71,250,12.48254199
SnaAck Master,Chennai,Perambur,"Continental, Snacks",,57,57,57,200,
Lets Eat,Chennai,Perambur,"Chinese, Snacks, Indian",,58,58,58,300,
DumBir by Kappa Chakka kandhari,Chennai,Nungambakkam,"Biryani, South, Indian, North, Indian",4.3,52,52,52,600,19.84501822
The Bark,Chennai,Teynampet,"Italian, Mexican, Continental",4.6,62,62,62,500,14.00480321
DESII FIRANGI,Chennai,Kilpauk,"Chinese, Indian, Italian, Chaat",4.1,46,46,46,280,12.48254199
Burmese Tea House,Chennai,Egmore,"Snacks, Chinese",3.9,37,37,37,200,17.99897002
Grow Fit,Chennai,Alwarpet,"Healthy, Food, North, Indian, Combo",4.2,64,64,64,300,26.10974562
CHAYA & KADI,Chennai,Annanagar,"Indian, Seafood",,68,68,68,100,
ITALIAN KINGS PARK,Chennai,Kodungaiyur,"Italian, Snacks",,70,70,70,350,
Senoritas Mexican kitchen by Little Italy,Chennai,Nungambakkam,"Mexican, Salads, Combo, Snacks, Healthy, Food",,48,48,48,500,
ZIYACH ATHO KADAI,Chennai,Perambur,"Street, Food, Chinese, Indian",4.2,53,53,53,200,16.51366766
Mishwar Restaurant,Chennai,Nungambakkam,"Kerala, South, Indian, Arabian, Chinese",3.9,54,54,54,750,11.87363751
Writer's Express,Chennai,Anna Nagar,European,3.9,64,64,64,400,17.99897002
Eat Me,Chennai,Ayanavaram,"Snacks, Juices",,54,54,54,200,
Ponnusamy Hotel,Chennai,Egmore,"Biryani, South, Indian, Tandoor",4.2,38,38,38,600,19.38350617
Vijay's Delhi Chat,Chennai,West Mambalam,"Chinese, North, Indian, Chaat",4.3,77,77,77,150,16.90685022
New Seoul,Chennai,Teynampet,"Japanese, Korean",4.3,64,64,64,1500,13.09144648
Zam Zam biriyani & fast food,Chennai,Choolaimedu,"Biryani, Fast, Food",3.8,65,65,65,250,11.56918526
Adyar Vaishanava s Thattu Idli Kadai,Chennai,Perambur,"South, Indian",4.1,62,62,62,300,18.92199412
Bangkok Bae,Chennai,Anna Nagar,"Asian, Thai",4.4,68,68,68,300,17.30003278
SMOKEY SHAWARMA,Chennai,Purasaiwakkam,"Fast, Food, Biryani, Chinese, Desserts",3.6,40,40,40,250,16.61443386
JD CAFE,Chennai,Gopalapuram,"Juices, Beverages, Snacks, Desserts",3.3,53,53,53,300,10.04692404
BINGE POP,Chennai,Periyamet,Continental,,37,37,37,200,
GREEN PEPPER,Chennai,Perambur,"Indian, Chinese, Biryani",3.6,64,64,64,300,10.96028078
Grind Coffee House,Chennai,Alwarpet,Beverages,4.4,57,57,57,100,20.30653027
Sri Balaji Chapatti Stall,Chennai,Perambur,"Home, Food",4.3,58,58,58,300,19.84501822
Hotel Marina Park,Chennai,Raja Annamalai Puram,"Indian, Biryani, Arabian, Grill, South, Indian",3.8,67,67,67,400,11.56918526
Ottoman Baklava,Chennai,Nungambakkam,"North, Indian",4.4,46,46,46,500,20.30653027
Hotel Shiva Shagar,Chennai,George Town,"Beverages, North, Indian, South, Indian",4.1,36,36,36,450,18.92199412
"LES	AMIS",Chennai,Alwarpet,"Italian, Desserts, Ice, Cream",4.5,61,61,61,300,20.76804233
Kailash Parbat,Chennai,Chetpet,"Fast, Food, North, Indian, Street, Food",4.1,55,55,55,300,25.48808501
BAKKINGS ELITE,Chennai,Anna Nagar,"Bakery, Fast, Food, Snacks, Pizzas, Italian-American",,73,73,73,300,
Baker's Cafe,Chennai,Mylapore,"Bakery, Fast, Food, Italian",4.5,62,62,62,300,20.76804233
Okadey's,Chennai,Teynampet,"North, Indian, Chinese, Indian, Ice, Cream, South, Indian, Juices",4.5,57,57,57,200,27.97472745
Grameen Kulfi,Chennai,Royapuram,"Ice, Cream, Desserts",,52,52,52,120,
Komala`s Kitchen,Chennai,KODAMBAKKAM,"South, Indian",,72,72,72,500,
Madras Hotel Ashoka - Abhinandan,Chennai,Egmore,"South, Indian, Indian",4.3,36,36,36,500,13.09144648
Love to Eat,Chennai,Perambur,"Biryani, Chinese, Snacks",,51,51,51,350,
The Summer House Eatery,Chennai,Teynampet,"Italian, Continental, French, Japanese, Korean, Thai",4.3,59,59,59,1000,16.90685022
Lassi Shop,Chennai,Anna Nagar,"Beverages, Ice, Cream, Desserts, Fast, Food, Juices, North, Indian, American, Snacks, Bakery",4.3,53,53,53,100,19.84501822
KALIL RAHMAN BIRYANI KADAI,Chennai,T Nagar,"Biryani, Indian",,83,83,83,280,
Chit Chat,Chennai,Teynampet,"Desserts, Ice, Cream, Snacks",,58,58,58,100,
Waffle Shack,Chennai,Kilpauk,"Bakery, Desserts",,49,49,49,200,
A R Rahman Bistro,Chennai,Jamalia,"North, Indian, Arabian, Chinese",4.2,49,49,49,300,12.78699424
Swiss Hutte,Chennai,Gandhi Nagar,"Mediterranean, Seafood, Thai",,50,50,50,1200,
Bombaysthan,Chennai,Kilpauk,"Pizzas, Desserts",4.6,39,39,39,250,21.22955438
Ponnusamy Hotel  Elite,Chennai,Kilpauk,Chinese,4.2,48,48,48,300,19.38350617
METRO BURGER,Chennai,Perambur,Indian,4.2,73,73,73,350,12.78699424
MOMOS,Chennai,T Nagar,Chinese,,69,69,69,300,
Biriyani Venuma,Chennai,Mylapore,"Biryani, Indian, Chinese",,66,66,66,400,
SQUARE RUTH,Chennai,Arumbakkam,"American, Mexican, Pastas",4.3,69,69,69,400,19.84501822
90ML,Chennai,Royapettah,Beverages,4.3,53,53,53,150,16.90685022
Spice Klub,Chennai,Nungambakkam,"North, Indian, Indian, Continental",4.3,58,58,58,1100,13.09144648
AL DARIK BEEF BRIYANI,Chennai,Choolaimedu,"South, Indian",3.8,65,65,65,200,17.53745796
Chettinese,Chennai,Royapettah,"Chinese, Indian",,57,57,57,300,
Chocolate Fantasy,Chennai,T. Nagar,"Bakery, Desserts, American, Italian, Beverages",4.1,64,64,64,200,12.48254199
Krunchees,Chennai,Teynampet,"Chinese, Biryani, Chaat, Beverages",,73,73,73,300,
Swizo,Chennai,Old Washermanpet,"Chinese, Biryani, Fast, Food, Beverages",,57,57,57,300,
MB Wings,Chennai,Kolathur,Continental,,76,76,76,300,
SVAH EXPRESS,Chennai,Alwarpet,"Indian, Continental, Desserts, Beverages",4.2,77,77,77,500,16.51366766
THE MADRAS SHAWARMA,Chennai,Choolaimedu,Indian,4.2,61,61,61,200,12.78699424
Taj Multi Cuisine Restaurant,Chennai,Old Washermanpet,"Indian, Chinese, Tandoor",3.9,63,63,63,300,17.99897002
6th Avenue,Chennai,Annanagar,"Indian, Chinese, Continental",3.7,70,70,70,250,11.26473302
Doveton Cafe,Chennai,Purasaiwakkam,"North, Indian, Chinese, South, Indian, Indian, Tandoor",4.2,35,35,35,250,29.01677007
Old Mercara,Chennai,Thousand Lights,"Ice, Cream",4.4,45,45,45,650,17.30003278
SALAM BIRYANI,Chennai,George Town,"Chinese, North, Indian",,45,45,45,300,
Ruchi Pure Veg,Chennai,Mylapore,"South, Indian",4,66,66,66,250,18.46048207
VIRUDHUNAGAR PORICHA PAROTA,Chennai,Annanagar,"South, Indian, Biryani",,70,70,70,500,
Bateel,Chennai,Royapettah,"Desserts, Fast, Food",,52,52,52,1000,
Bharani Bhavan ,Chennai,Aminjikarai,"South, Indian",4.3,49,49,49,300,19.84501822
Bun kebab,Chennai,Thousand Lights,"Kebabs, Beverages, Snacks",,59,59,59,120,
Zi GANG,Chennai,Annanagar,"Fast, Food, Continental, Desserts",,68,68,68,500,
Basil with a Twist,Chennai,T. Nagar,"Continental, European, Salads, Italian",4.1,63,63,63,1500,16.12048509
The Madras Pizzeria,Chennai,T. Nagar,Pizzas,,65,65,65,500,
Tandoori Dhaba,Chennai,Nungambakkam,"North, Indian, Punjabi, Tandoor, Mughlai, Indian, Lucknowi, Combo",4.3,52,52,52,350,19.84501822
Rolls On Wheels,Chennai,Kilpauk,"Ice, Cream, Beverages, Fast, Food",,51,51,51,200,
QUALITY FAST FOOD,Chennai,Annanagar East,"Chinese, Indian",3.8,56,56,56,400,11.56918526
The tap house,Chennai,T. Nagar,"Chinese, Continental, Tandoor",,78,78,78,400,
Sri Vaishnavaa's Chat Shop,Chennai,Kilpauk,"North, Indian, Snacks, Chaat",4.4,47,47,47,250,20.30653027
FAJZ BIRYANI BIZ,Chennai,Annanagar East,"Biryani, Chinese",3.6,62,62,62,200,16.61443386
Pranav Chats,Chennai,Vyasarpadi,Chaat,3.3,58,58,58,150,10.04692404
Crunchy Munchy Chats,Chennai,T Nagar,"Street, Food, Italian",,66,66,66,250,
Rajasthani Roti Ghar,Chennai,Triplicane,"North, Indian",4.3,31,31,31,200,19.84501822
PANDI BRIYANI HOTEL,Chennai,Old Washermanpet,"Biryani, South, Indian",,61,61,61,250,
Benjarong,Chennai,Alwarpet,Thai,4.6,68,68,68,1500,21.22955438
KaaraiKudi,Chennai,Mylapore,Chettinad,3.6,57,57,57,500,16.61443386
LASSI CORNER,Chennai,Perambur,Beverages,,63,63,63,150,
Urban spatula,Chennai,Anna Nagar,"Arabian, Asian, Biryani, Continental, Italian, Kebabs, North, Indian, Seafood",4.3,80,80,80,1000,19.84501822
Seiko grill,Chennai,Purasawalkam,"Chinese, Beverages",,50,50,50,200,
Gold Fresh Juice Shop,Chennai,Alwarpet,Juices,4.7,51,51,51,200,21.69106643
Vigrama Hotel,Chennai,Balavinayagar Nagar,"South, Indian",4.1,61,61,61,250,16.12048509
THOOTHUKUDI MACROON,Chennai,Nungambakkam,"Snacks, Sweets",4.1,53,53,53,100,12.48254199
The Thief,Chennai,Nungambakkam,"Continental, Thai, Italian, Asian, Indian, American",,65,65,65,1200,
Jannath Chicken,Chennai,Ponniammanmedu,Indian,2.7,75,75,75,250,8.220210582
Amaravathi Andhra Home Foods,Chennai,Teynampet,"Andhra, Indian, North, Indian",4.6,50,50,50,300,18.08639791
Dessert Addiction,Chennai,Anna nagar west,"Desserts, Ice, Cream",4.4,65,65,65,299,20.30653027
Amethyst,Chennai,Thousand Lights,"Italian, Continental",4.6,53,53,53,1000,18.08639791
Subhodayam Restaurant,Chennai,T Nagar,"Chinese, South, Indian, Andhra, Biryani, Desserts",3.9,64,64,64,300,15.33411997
Akshayam Sweets n Bakers,Chennai,Anna Nagar,"South, Indian, North, Indian, Chinese",4.4,65,65,65,300,27.35306684
Arafa Biriyani & Kebab Point,Chennai,Perambur,"Biryani, Chinese",3.8,62,62,62,250,14.9409374
Jallikattu Biriyani,Chennai,Alwarpet,Biryani,,72,72,72,400,
THE KATHI ROLL JAIL,Chennai,Annamalai Colony,"Fast, Food, Snacks",4,83,83,83,300,15.72730253
Oliver garden cater,Chennai,Ayanavaram,"Fast, Food",,58,58,58,100,
Apsara Ice Creams,Chennai,Thousand Lights,"Ice, Cream, Desserts",4.4,38,38,38,150,17.30003278
Delhi Highway,Chennai,Egmore,Indian,4.7,45,45,45,300,21.69106643
Rangi's,Chennai,Thousand Lights,Chinese,4.3,53,53,53,500,19.84501822
Flipside (Burgers and Sides),Chennai,Alwarpet,American,4.4,68,68,68,750,20.30653027
Hot Sandwich,Chennai,Choolaimedu,"Fast, Food",4.3,61,61,61,200,19.84501822
Mandarin Chinese Restaurant,Chennai,Gopalapuram,Chinese,4,55,55,55,350,24.8664244
Kairali Kerala Mess,Chennai,Kodambakkam,Kerala,4.1,77,77,77,200,25.48808501
Madras Military Hotel,Chennai,Royapettah,"Indian, Biryani, Combo",,56,56,56,300,
ABBU-BHAIS - KEBABS SHAWARMAS & GRILLS,Chennai,Mylapore,Arabian,3.8,76,76,76,400,11.56918526
KK Biriyani,Chennai,Arumbakkam,"Chinese, Indian, Ice, Cream, Beverages",,78,78,78,300,
DAVARA COFFEE,Chennai,Annanagar East,Indian,,58,58,58,100,
Star Biriyani and Fast Food,Chennai,Old Washermanpet,"North, Indian, Biryani, Kebabs",,53,53,53,200,
Rajasthan chat house,Chennai,Kilpauk,"Fast, Food",,54,54,54,250,
Shafi Sweets,Chennai,Old Washermanpet,"Snacks, Sweets, Desserts",4.3,51,51,51,400,16.90685022
TAJ BIRIYANI CENTER,Chennai,George Town,"Street, Food, Biryani, Indian",,60,60,60,400,
Srishti Snacks,Chennai,George Town,Indian,4.3,51,51,51,250,13.09144648
KEERTHANA FOOD CENTER,Chennai,Koyambedu,"Biryani, Chinese, Indian",,77,77,77,200,
KCDAS,Chennai,Thousand Lights,"North, Indian, Snacks, Chaat, Sweets",4.5,40,40,40,300,20.76804233
Rotticious,Chennai,Royapettah,"Fast, Food, Italian, Chinese, Beverages",,53,53,53,250,
FRIENDS KARUPATTI COFFEE,Chennai,Perambur,"Beverages, Snacks, Bakery",,56,56,56,100,
Grill It,Chennai,Perambur,"Chinese, Grill, Tandoor",,57,57,57,150,
Ferraree,Chennai,T Nagar,"North, Indian, Chinese, South, Indian, Continental",,69,69,69,850,
Dark Smoke BBQ Restaurant,Chennai,George Town,"Barbecue, Indian",3.9,45,45,45,300,17.99897002
Mamieyaar Veedu,Chennai,Triplicane,"Chettinad, South, Indian",4.1,49,49,49,400,12.48254199
Oasis - Radisson Blu Hotel,Chennai,Egmore,"Chinese, Indian",,53,53,53,600,
DONUT HUBB,Chennai,Perambur,"Fast, Food, Beverages",,69,69,69,300,
Punjab Grill,Chennai,EA Mall Royapettah,"North, Indian, Indian, Biryani, Punjabi, Kebabs, Mughlai, Desserts",4.3,54,54,54,700,16.90685022
CHAIHOOD,Chennai,Shenoy Nagar,"Snacks, Beverages",4.4,53,53,53,100,13.39589873
Chaicup,Chennai,Purasaiwakkam,"Beverages, Snacks, Bakery",4.3,36,36,36,200,19.84501822
MOUNT ROAD SOCIAL,Chennai,Thousand Lights,"Indian, Chinese, South, Indian, American, Fast, Food, Kebabs, Mughlai, Biryani, Combo",4.3,52,52,52,600,19.84501822
DONUT HUT,Chennai,Perambur,"Indian, Snacks, Fast, Food, Combo, Chinese, Seafood, Coastal, Desserts",,53,53,53,200,
Snofield,Chennai,Teynampet,"Ice, Cream",4.5,54,54,54,250,17.69321535
BOWLD,Chennai,Mylapore,"South, Indian",4.3,64,64,64,300,19.84501822
SHA CAFE,Chennai,Triplicane,"Beverages, Snacks, Cafe, Indian, Chinese, Tandoor, Kebabs",,58,58,58,70,
SYEDS BIRIYANI AND FAST FOOD,Chennai,Villivakkam,"Chinese, Indian, Biryani",,71,71,71,250,
Cafe Clock,Chennai,Gopalapuram,"Beverages, Ice, Cream",4.7,49,49,49,200,21.69106643
Teppan,Chennai,Alwarpet,Japanese,4.6,75,75,75,1000,14.00480321
JUICE WORLD FRESH N JUICY,Chennai,Royapettah,"Juices, Beverages, American, Chinese, Italian, Snacks, Desserts",,47,47,47,170,
Monkey Bar,Chennai,Tiruvalleeswarar Nagar,"North, Indian, American, European, Asian",,91,91,91,1400,
fnp Cakes 'n' More,Chennai,West Mambalam,Desserts,3.7,71,71,71,200,14.54775484
Chai Truck,Chennai,Anna Nagar,"Continental, American, Fast, Food, Beverages",4.1,76,76,76,200,25.48808501
Big Show Restaurant,Chennai,Aminjikarai,Indian,,61,61,61,300,
THE BURP FACTORY,Chennai,Annanagar,"Indian, Arabian",,76,76,76,300,
CITY SQUARE CAFETERIA,Chennai,Mylapore,"Fast, Food, Desserts, Beverages",,58,58,58,280,
New Hotel Madina Biriyani,Chennai,Purasawalkam,"Indian, Chinese, Combo",,49,49,49,300,
Frootster,Chennai,Alwarpet,"Healthy, Food, Fast, Food, Beverages",4.1,63,63,63,150,18.92199412
Pantry D'or,Chennai,Anna Nagar,"Italian, Continental",4.2,65,65,65,850,19.38350617
AMBUR MASHA ALLAH BRIYANI,Chennai,Perambur,Biryani,,56,56,56,400,
Tito's Pan-Tree,Chennai,Shenoy Nagar,"Cafe, Snacks, Fast, Food",,60,60,60,300,
Green Crush,Chennai,Mylapore,"Beverages, Juices",4.6,59,59,59,85,18.08639791
THAT MALLU JOINT,Chennai,T. Nagar,"South, Indian, Kerala",4.3,74,74,74,250,19.84501822
VB Signature - Progressive Veg Restaurant,Chennai,Nungambakkam,"North, Indian, South, Indian",3.7,58,58,58,250,17.07594591
Desi-Fied,Chennai,Kilpauk,"Italian, Chinese, Indian",,44,44,44,250,
Spicy Tadka,Chennai,Old Washermanpet,"Chinese, Indian, Italian, Mexican",4.3,59,59,59,300,13.09144648
FOOD CORNER FAMILY RESTAURENT,Chennai,George Town,"South, Indian, Chinese, Beverages",,60,60,60,1,
Madro Cafe,Chennai,Annanagar East,"Italian, Mexican, Continental",4.1,70,70,70,300,12.48254199
All Day Breakfast Company,Chennai,Raja Annamalai Puram,"Beverages, Indian",4.5,69,69,69,300,27.97472745
Super Bombay Kulfi Natural Ice Cream milkshake and chats,Chennai,Triplicane,"Ice, Cream, Beverages",,47,47,47,200,
Broken Bridge Cafe,Chennai,Raja Annamalai Puram,"Indian, Continental",4.5,79,79,79,1100,17.69321535
Red Chilly Kitchen,Chennai,Ponniammanmedu,"Chinese, Fast, Food, South, Indian",4,71,71,71,400,15.72730253
Arezu,Chennai,Annanagar,"Indian, Fast, Food, Arabian",3.7,72,72,72,400,11.26473302
DEVAKOTTAI CHETTINAD,Chennai,Mylapore,"Biryani, North, Indian, Chinese, Snacks, Fast, Food",4.1,56,56,56,300,16.12048509
Bismilla Fine Dining,Chennai,Royapettah,"Biryani, Chinese, Indian, Combo, North, Indian",3.2,50,50,50,250,14.76838565
The Cheese Cafe,Chennai,Anna Nagar,"North, Indian, Italian, Mexican",4.6,64,64,64,250,14.00480321
Karaikudi Chettinadu Restaurant,Chennai,Cit Nagar,"Chettinad, Chinese, South, Indian, Biryani, Tandoor",3.6,78,78,78,300,10.96028078
Cafe CakeBee,Chennai,Teynampet,"Cafe, Italian, Bakery, Desserts",4.3,63,63,63,700,16.90685022
New Archana Fast Food,Chennai,Royapettah,"Fast, Food, Chinese, South, Indian, Beverages",,56,56,56,300,
Quarter Biryani,Chennai,Egmore,"Biryani, Combo, Chinese",3.8,47,47,47,300,11.56918526
Nei Idly Sambar,Chennai,Mylapore,"South, Indian",3.8,65,65,65,200,17.53745796
Fipola Grill House,Chennai,T. Nagar,"Grill, Seafood, Arabian",3.3,65,65,65,350,15.22989771
HYDERABAD IRANI CHAI,Chennai,Annanagar,Chinese,,70,70,70,400,
HOTEL SANDEEP,Chennai,Old Washermanpet,Indian,4.3,45,45,45,250,13.09144648
Brownie Heaven,Chennai,Egmore,Desserts,4.6,37,37,37,200,14.00480321
ROTI AUR PARATHA,Chennai,Choolaimedu,"North, Indian",4.4,71,71,71,250,17.30003278
Courtyard by Marriott,Chennai,T. Nagar,"Biryani, Combo, Pizzas, Home, Food, Indian, Continental, Chinese, Asian",4.3,67,67,67,700,19.84501822
Little Soi,Chennai,Annanagar,"Pan-Asian, Thai, Chinese",4.3,73,73,73,1000,13.09144648
Vivikta Chapati Shop,Chennai,Vadapalani,"South, Indian",,76,76,76,150,
Topped off,Chennai,Purasawalkam,"Chinese, Fast, Food, Continental, Tandoor, Italian, Indian",,40,40,40,450,
Chap Chay - The Raintree,Chennai,Alwarpet,"Chinese, Thai, Malaysian",4.4,72,72,72,1200,17.30003278
HOTEL SRI GURU,Chennai,Nungambakkam,Indian,4.2,53,53,53,280,12.78699424
ARABIAN DELIGHTS,Chennai,Anna Nagar,"Arabian, Indian, Chinese",4.3,74,74,74,400,13.09144648
Movenpick Ice Cream Boutique,Chennai,Nungambakkam,"Ice, Cream, Beverages, Desserts",4.5,46,46,46,500,13.70035097
GIRI BHAVAN,Chennai,Mylapore,"South, Indian",,64,64,64,200,
MURUDIS LUNCH HOME,Chennai,Chintadripet,"South, Indian, Chinese",4.4,31,31,31,150,20.30653027
Kobe Sizzlers,Chennai,Anna Nagar West Extension,"Chinese, Continental, Fast, Food",4.5,89,89,89,500,13.70035097
Am Biryani,Chennai,Perambur,Biryani,3.6,58,58,58,400,22.37978196
Main Street - The Residency Towers,Chennai,T. Nagar,"Indian, Italian, Biryani",4.2,78,78,78,1200,12.78699424
Dp Special,Chennai,Kilpauk,Snacks,,45,45,45,340,
THE PHOENIX KITCHENZ,Chennai,Perambur,Pizzas,,71,71,71,399,
Moo It,Chennai,Nungambakkam,"Desserts, Ice, Cream, Juices",,46,46,46,200,
The Delhi Dhaba-Veg,Chennai,Shenoy Nagar,"Chinese, Indian, North, Indian, Tandoor",4.3,58,58,58,350,26.73140623
The Smoothie Cult,Chennai,T. Nagar,"Beverages, Juices, South, Indian",,74,74,74,160,
WINGS FACTORY,Chennai,T Nagar,"Chinese, Fast, Food, Tandoor, Thai, African, Barbecue",3.9,71,71,71,398,11.87363751
food point,Chennai,Mylapore,"Juices, Snacks",4.2,56,56,56,200,12.78699424
Joes Gourmet,Chennai,Arumbakkam,Continental,4.3,56,56,56,300,16.90685022
MUNCHBERRY,Chennai,Egmore,"Bakery, Indian, Snacks",,39,39,39,100,
Lassi Shop,Chennai,West Mambalam,"Desserts, Ice, Cream",4.2,67,67,67,99,26.10974562
Platez,Chennai,Egmore,"Indian, Continental",,48,48,48,100,
The Cake Centre,Chennai,Perambur,Bakery,4.3,67,67,67,300,16.90685022
TROPICAL FAST FOOD,Chennai,Purasawalkam,"Chinese, Arabian, Indian, Tandoor",,40,40,40,280,
TEA TIME-KODUNGAIYUR,Chennai,Perambur,Beverages,,67,67,67,20,
BRINDHAVAN VEG RESTAURANT,Chennai,Teynampet,Indian,4.1,64,64,64,300,12.48254199
FOODinBOX,Chennai,Annanagar,"North, Indian, Chinese, Biryani, Tandoor",,76,76,76,350,
Mahtab,Chennai,Annanagar,"North, Indian, Desserts",,72,72,72,900,
Kolambu Box,Chennai,Annanagar,"Indian, Street, Food, European",,62,62,62,300,
Anburaj Resturant Briyani & Fast Food,Chennai,T Nagar,"Biryani, North, Indian",4.1,59,59,59,250,18.92199412
Nithya Amirtham Sweets,Chennai,Kilpauk,"Sweets, Snacks, Desserts, Beverages",4.6,47,47,47,200,28.59638806
Ciclo Life,Chennai,Raja Annamalai Puram,"Salads, Continental, Oriental, Beverages",4.5,68,68,68,500,27.97472745
Dindigul Kulambu Kadai,Chennai,Kilpauk,"Chettinad, South, Indian",4.1,51,51,51,450,18.92199412
Fish N You,Chennai,Kilpauk,Seafood,3.9,54,54,54,450,17.99897002
Sigree,Chennai,Anna Nagar,"North, Indian, Mughlai, Kebabs, Mediterranean, Greek, Turkish, Lebanese",4.4,67,67,67,700,20.30653027
Chennai Mugil Soup,Chennai,Perambur,"Fast, Food",,59,59,59,200,
JUICE BOX,Chennai,Vadapalani,"Beverages, Snacks, Fast, Food",,78,78,78,250,
Crust & Cheese Pizza,Chennai,Alwarpet,"Pizzas, Italian-American",4.4,72,72,72,400,17.30003278
BIGGIES BURGER,Chennai,Anna Nagar,"Fast, Food, Beverages, American",4.1,70,70,70,300,18.92199412
Pizza Shop,Chennai,Teynampet,"Pizzas, Italian, Continental, American, Chinese, Snacks, Desserts, Beverages",3.7,70,70,70,400,11.26473302
NIYAZ BIRIYANI,Chennai,Perambur,"Biryani, Chinese, South, Indian",,67,67,67,300,
Kings Kitchen,Chennai,Anna Nagar,"Chinese, Kebabs, North, Indian",,67,67,67,249,
Salt Indian Restaurant & Grill,Chennai,Vadapalani,"North, Indian, Biryani, Combo",4.1,84,84,84,1500,18.92199412
Rahmas Biryani,Chennai,Kodambakkam,Biryani,3.8,80,80,80,300,11.56918526
Sulthan Briyani,Chennai,Purasawalkam,"Biryani, North, Indian, Chinese",,55,55,55,300,
Nungambakkam Chaat Corner,Chennai,Chennai,"Chaat, Street, Food",4.1,47,47,47,150,18.92199412
Taj Mugalai since 1981,Chennai,Egmore,"Chinese, Arabian",,36,36,36,250,
Modern Malayali Kitchen,Chennai,Nungambakkam,"South, Indian, Chinese, Beverages",4.3,54,54,54,300,16.90685022
The Big Eat,Chennai,Teynampet,"Continental, Asian, Italian",4.2,64,64,64,400,16.51366766
Super Shawarma,Chennai,Old Washermanpet,Indian,3.4,56,56,56,250,10.35137629
The Indie Frost,Chennai,West Mambalam,"Beverages, Pastas, Desserts, Healthy, Food, Continental",,81,81,81,250,
Impasta,Chennai,Nungambakkam,"Italian, Desserts",,49,49,49,1200,
The Juice Shop @ Arab Street,Chennai,Kodambakkam,"Juices, Desserts, Beverages",,83,83,83,150,
JACK N JILL FOODS,Chennai,Arumbakkam,"Chinese, Indian, Biryani",,62,62,62,300,
firewood briyani,Chennai,Koyambedu,"Biryani, Indian, Chinese, Tandoor",,74,74,74,350,
Hotel Prayag,Chennai,George Town,Indian,3.9,37,37,37,300,17.99897002
PARVATHI RASOI,Chennai,Choolaimedu,Indian,4.1,75,75,75,250,12.48254199
LASSI N SPICY,Chennai,George Town,"Beverages, Juices, Ice, Cream, Snacks, American, Arabian, Grill",3.8,61,61,61,200,14.9409374
SANDWICH MASTER,Chennai,mmda colony,"Indian, Snacks, Fast, Food",,68,68,68,250,
Sugarcane Jks Shop,Chennai,T Nagar,"Street, Food, Indian, Beverages",,88,88,88,200,
Chai glass,Chennai,Thousand Lights,"Desserts, Bakery, Beverages, Snacks, Pastas",3.9,52,52,52,200,17.99897002
Vadilal Ice Creams,Chennai,Kilpauk,Desserts,,46,46,46,300,
HAMEEDIA VALIMA BIRYANI,Chennai,Kilpauk,Biryani,,50,50,50,300,
DELISIX,Chennai,Raja Annamalai Puram,"North, Indian, Fast, Food, Chaat",3.9,68,68,68,250,15.33411997
Al Dari Biryani,Chennai,Choolaimedu,"Biryani, Indian",3.6,79,79,79,350,16.61443386
The Cane Station,Chennai,Annanagar East,Juices,4.6,53,53,53,150,21.22955438
Milda Naturals,Chennai,Annanagar,"Ice, Cream",,52,52,52,250,
ARADHANA,Chennai,Triplicane,Indian,,48,48,48,250,
FASTA PIZZA,Chennai,Royapettah,"Pizzas, Beverages",,58,58,58,200,
Old Madras Baking company,Chennai,Thousand Lights,"Bakery, Desserts",4.6,37,37,37,300,21.22955438
Sandwich Hub By Anika Foods,Chennai,Kilpauk,Pastas,4.2,52,52,52,200,16.51366766
Sarmani Veg Restaurant,Chennai,Triplicane,"South, Indian, North, Indian, Chinese, Tandoor",4.4,47,47,47,300,20.30653027
TN 03 cafe,Chennai,Old Wasermenpet,"Pizzas, Continental, Desserts, Snacks, Beverages",,63,63,63,300,
BBQ Bro's,Chennai,Ashok Nagar,"Barbecue, Snacks, Beverages, Lebanese, Fast, Food",4,88,88,88,350,15.72730253
Hotel Nava Rusi,Chennai,Vadapalani,"Indian, Chinese",,81,81,81,250,
Antari By Soul Garden Bistro,Chennai,Shenoy Nagar,"Bakery, Desserts, Ice, Cream, Beverages",,57,57,57,300,
Hotel Pandia's - (CMBT),Chennai,Arumbakkam,"Biryani, Chettinad, Chinese, South, Indian",4.2,72,72,72,400,19.38350617
NIFRA HOT AND SWEETS,Chennai,Royapettah,"Snacks, Beverages",,52,52,52,150,
BURMESE KITCHEN,Chennai,Arumbakkam,Burmese,3.7,67,67,67,100,14.54775484
GOBRGR@TRYST GOURMET,Chennai,Royapettah,"Fast, Food",,56,56,56,300,
SHAKES AND DESSERTS,Chennai,Kodambakkam,"Ice, Cream, Juices, North, Indian, Salads",3.9,50,50,50,200,17.99897002
SS MUSLIM BRIYANI,Chennai,Perambur,"Biryani, Chinese, South, Indian",3.9,57,57,57,250,17.99897002
ID Sathyam,Chennai,Royapettah,"South, Indian, Andhra, Beverages, Desserts",,54,54,54,300,
Cheesy Juicy Burgers,Chennai,Anna Nagar,"Fast, Food, Continental",3.9,60,60,60,450,15.33411997
Mini's cookhouse,Chennai,Raja Annamalai Puram,"South, Indian, Snacks, Fast, Food",4.4,77,77,77,300,13.39589873
HOTEL SHANMUGA,Chennai,Old Washermanpet,"South, Indian",,59,59,59,200,
PASTRY MANIAA,Chennai,Kilpauk,"Desserts, Pizzas, Pastas, Continental, Bakery",4.7,59,59,59,200,21.69106643
Grill Box,Chennai,Mylapore,"Tandoor, North, Indian, Chinese, South, Indian",4.3,58,58,58,600,19.84501822
Airborne Carnival,Chennai,Thousand Lights,"Fast, Food, Beverages",,49,49,49,400,
The Living Room,Chennai,Anna Nagar,"South, Indian, North, Indian, Tandoor, Mediterranean, Continental, Mongolian",4.5,68,68,68,1200,17.69321535
BLACK BIRD,Chennai,Madhavaram - Manali ,"Fast, Food, Pizzas, Beverages",,69,69,69,300,
Thanjai Veeraswamy ,Chennai,T Nagar,"South, Indian",3.9,69,69,69,250,15.33411997
Bread and Chocolate,Chennai,Alwarpet,"Bakery, Desserts, Fast, Food, Snacks",4.6,65,65,65,300,21.22955438
LE SHAWARMEZ,Chennai,Purasawalkam,"Snacks, Beverages",,45,45,45,200,
KAAPI ZONE,Chennai,Mandaveli,"Snacks, Beverages, Chinese",,72,72,72,200,
INOX,Chennai,Mylapore,"Fast, Food",,61,61,61,400,
Chinese Panda,Chennai,Kilpauk,"Chinese, Fast, Food",3.7,55,55,55,450,11.26473302
Bon Appet-eat,Chennai,Perambur,"Snacks, American, Beverages, Desserts",,72,72,72,200,
The Sandwich Shop,Chennai,Kodambakkam,"Indian, Fast, Food",4.1,75,75,75,200,12.48254199
Habibi,Chennai,Anna Nagar,"Arabian, Barbecue, Afghani, Combo, Greek, Grill",4.1,72,72,72,900,12.48254199
Kovai Pazhamudir Nilayam,Chennai,T. Nagar,"Juices, Beverages",4.5,62,62,62,150,20.76804233
The Sandwich Club,Chennai,Annanagar,"Fast, Food, Chaat, Juices, Beverages",,73,73,73,150,
Sera - The Tapas Bar & Restaurant,Chennai,Gopalapuram,"Chinese, Continental, Spanish",4.1,60,60,60,1000,12.48254199
Juice Junction,Chennai,Kilpauk,"Juices, Beverages",4.6,54,54,54,150,28.59638806
GRT Cloud Kitchens - T Nagar,Chennai,T. Nagar,"North, Indian, South, Indian, Chinese",4.5,74,74,74,1200,20.76804233
BURMESE CAFE,Chennai,Nungambakkam,"Indian, Chinese, Burmese",3.9,49,49,49,280,15.33411997
LEMONE JUICE BAR,Chennai,Kodungaiyur,Beverages,3.8,76,76,76,300,14.9409374
THE SHAWARMA JOINT,Chennai,Anna Nagar West Extension,"North, Indian",4.1,85,85,85,250,16.12048509
Happy Cake stories,Chennai,Anna Nagar,Bakery,3.8,76,76,76,350,11.56918526
Firangi Falooda,Chennai,Anna Nagar,"Cafe, Beverages, Desserts, Fast, Food, Juices",,65,65,65,200,
Master Oru Tea,Chennai,Perambur,Indian,3.8,52,52,52,80,17.53745796
Makers Of Milkshakes,Chennai,Perambur,"Beverages, Desserts",3.8,59,59,59,300,14.9409374
Thirsty Inc.,Chennai,Mylapore,"Beverages, Juices",,71,71,71,250,
Olive and Basil,Chennai,Chennai,Chinese,3.8,37,37,37,500,17.53745796
Myfroyoland Frozen Yogurt,Chennai,Annanagar East,"Desserts, Ice, Cream",,53,53,53,300,
Nalan Restaurant,Chennai,Thirunagar Signal Vadapalani,"North, Indian, South, Indian, Indian",3.6,75,75,75,300,10.96028078
BIB -  English Breakfast in the Box,Chennai,Anna Nagar,Continental,4.4,71,71,71,300,20.30653027
Food Finger,Chennai,Ayanavaram,Indian,4.2,57,57,57,200,12.78699424
RICE JUNCTION / CHINTHAMANI FOODS CHENNAI PRIVATE,Chennai,Kodambakkam,"Biryani, Indian",,68,68,68,250,
Juice Box Alwarpet,Chennai,Alwarpet,"Beverages, Juices, Fast, Food, Chinese, Snacks",,64,64,64,150,
THE GREENHOUSE BARBECUE,Chennai,Purasaiwakkam,Barbecue,4.2,50,50,50,900,12.78699424
HOTEL HARISH,Chennai,T Nagar,"North, Indian, Tandoor, Chinese, South, Indian",4,72,72,72,300,12.17808975
Ricky's Cookies,Chennai,Alwarpet,"Cafe, Snacks",4.9,70,70,70,300,14.91815994
Green Mango Juice Shop,Chennai,Ayanavaram,Juices,4.2,57,57,57,30,12.78699424
Kulfi Treat,Chennai,Royapuram,"Ice, Cream",,58,58,58,200,
Flameh Shawarma,Chennai,Royapettah,"Arabian, Beverages",,53,53,53,220,
Omleterian,Chennai,Anna Nagar,"Healthy, Food, Snacks",4.3,67,67,67,250,16.90685022
Lite Tiffin,Chennai,Purasaiwakkam,"South, Indian",4.1,51,51,51,300,12.48254199
Malgudi - The Savera Hotel,Chennai,Mylapore,"North, Indian, South, Indian",4.1,62,62,62,2500,16.12048509
The New Punjab Club,Chennai,Anna Nagar,"North, Indian",4.6,66,66,66,300,14.00480321
Mani Sri Saastha Kitchen,Chennai,Mylapore,Indian,,70,70,70,250,
RAMAS CAFE,Chennai,KILPAUK,"South, Indian, Sweets",4.6,46,46,46,250,14.00480321
Mishra Pan Shop,Chennai,Anna Nagar,Paan,4.6,64,64,64,300,18.08639791
Cookie Man,Chennai,Thousand Lights,"Australian, Bakery, Snacks",,52,52,52,200,
Thoothukudi Poricha parotta,Chennai,Perambur,Indian,4.2,68,68,68,150,12.78699424
Novelty Tea House,Chennai,George Town,"North, Indian, South, Indian, Chinese",4.1,39,39,39,450,18.92199412
PARATHA POINT,Chennai,Kodambakkam,"North, Indian",,72,72,72,350,
LASSI BLAST,Chennai,Kodambakkam,Beverages,,72,72,72,200,
LORD OF THE DRINKS,Chennai,Nungambakkam,"Indian, Italian",,56,56,56,200,
Hotel Sangam - Mount Road,Chennai,Triplicane,"Biryani, North, Indian, Chinese",4.1,36,36,36,300,25.48808501
JAI FOOD ZONE,Chennai,Arumbakkam,"Chaat, Ice, Cream, Snacks, Beverages",,70,70,70,110,
Juice'r rus,Chennai,Thousand Lights,"Beverages, Juices, Desserts",4.1,47,47,47,150,16.12048509
AMUL ICE CREAMS,Chennai,Old Washermanpet,"Ice, Cream",,57,57,57,300,
HOWDY CHENNAI,Chennai,George Town,"Indian, Fast, Food, Snacks, Beverages",3.7,49,49,49,200,11.26473302
DIKSHAN FOOD CORNER,Chennai,Tondiarpet,"South, Indian, Chinese",,77,77,77,350,
Lucky Da Punjabi Dhabba,Chennai,Teynampet,"Punjabi, North, Indian, Thalis, Kebabs, Tandoor",4.2,66,66,66,350,19.38350617
Momo,Chennai,T. Nagar,Chinese,4.1,60,60,60,100,16.12048509
KITES PURE VEG RESTAURANT,Chennai,Kilpauk,Indian,,51,51,51,280,
Udipi Hotel Maha Ganapathy,Chennai,West Mambalam,"North, Indian, South, Indian",4.4,75,75,75,250,20.30653027
Riyas Biriyani,Chennai,Purasaiwakkam,Indian,3.9,36,36,36,300,11.87363751
Ritz,Chennai,Purasaiwakkam,"North, Indian, Chinese",,39,39,39,650,
Radio Room,Chennai,Raja Annamalai Puram,Indian,4.2,83,83,83,1200,12.78699424
HIGHWAY INN SMART,Chennai,Arumbakkam,"Indian, Chinese, Snacks",,73,73,73,300,
3 V'S BISTRO,Chennai,Choolaimedu,"Pizzas, Fast, Food",,76,76,76,250,
Pizzeria By Ciclo,Chennai,Kotturpuram,Pizzas,4.1,74,74,74,500,16.12048509
ORIENTAL MAJIK,Chennai,Vadapalani,Indian,,85,85,85,200,
BISTRO MYLAPORE,Chennai,Choolaimedu,"Chinese, Mexican",,75,75,75,250,
The Noodle Theory,Chennai,Kilpauk,"Asian, Fast, Food",4,55,55,55,400,18.46048207
K2 PAROTTA & BIRIYANI,Chennai,Egmore,"North, Indian, Biryani, Chinese",,49,49,49,400,
Reena Paul's Kitchen (Unit of RichnRich),Chennai,Anna Nagar,Indian,4.3,67,67,67,300,26.73140623
Akshaya veg Restaurant,Chennai,Purasaiwakkam,Indian,3.9,45,45,45,150,17.99897002
TRATTORIA BY TOSCANO,Chennai,Thousand Lights,"Italian, Pizzas, Pastas, Continental, Salads, Desserts, Beverages, Combo",4.4,51,51,51,800,27.35306684
King Queen Pizza,Chennai,Purasawalkam,Snacks,,60,60,60,249,
STAR TAJ HOTEL & FAST FOOD,Chennai,Choolaimedu,"North, Indian",,61,61,61,400,
Alibaba Shawarma and 40 Dishes,Chennai,Arumbakkam,Lebanese,3.7,68,68,68,250,11.26473302
"MADRAS	SHAWARMA",Chennai,Villivakkam,Snacks,4.4,63,63,63,150,13.39589873
A1 Chips West Mambalam(T Nagar),Chennai,Vadapalani,Indian,,77,77,77,190,
Coco Jaunt 1728,Chennai,Anna Nagar,"Bakery, Cafe",4.3,68,68,68,500,16.90685022
Leenas kitchen,Chennai,Purasawalkam,Bakery,,50,50,50,250,
IT'S WAFFLE TIME,Chennai,Thousand Lights,Cafe,,51,51,51,300,
CAFE EXPRESS,Chennai,Annanagar,"Pastas, Chinese, Waffle",,72,72,72,280,
Roll'd Eats,Chennai,Egmore,"Fast, Food",,46,46,46,300,
THE VOID,Chennai,Annanagar East,"South, Indian, North, Indian, Chinese, Continental, Tandoor",4.3,64,64,64,1000,13.09144648
MITHRAN FAST FOOD,Chennai,Villivakkam,"Chinese, Biryani",,74,74,74,300,
Shree Maa Inti Devi Chat,Chennai,Purasaiwakkam,"Snacks, Street, Food, Chaat",3.6,40,40,40,200,10.96028078
THE RAMEEZ HOME KITCHEN,Chennai,Perambur,"Italian, Snacks",2.7,70,70,70,250,8.220210582
ARCOT BIRIYANI,Chennai,Perambur,Indian,,71,71,71,150,
Mary's Kitchen,Chennai,Purasawalkam,Chinese,,58,58,58,200,
Donut House,Chennai,Egmore,"Beverages, Desserts",3.5,39,39,39,250,16.15292181
Mambalam Annashree,Chennai,T. Nagar,"South, Indian, North, Indian, Chinese",4.1,61,61,61,250,28.3258946
MADURAI PANDIYAN HOTEL,Chennai,Madhavaram - Manali,Indian,,65,65,65,200,
THE BREAK ROOM,Chennai,Nungambakkam,"Beverages, Snacks, Fast, Food, Chaat, Ice, Cream",,51,51,51,300,
HOTEL CHAITHRA,Chennai,Mylapore,"South, Indian, Chinese",4.2,53,53,53,100,16.51366766
Jamie's All Day Breakfast,Chennai,Nungambakkam,"American, Fast, Food, Beverages",4.4,45,45,45,250,17.30003278
Schezwan Wok,Chennai,Gopalapuram,"Chinese, Beverages",4,58,58,58,300,24.8664244
Mandarin Oak- The Heavenly Chinese,Chennai,Cit Nagar,"Chinese, Asian, Thai",4.1,94,94,94,350,12.48254199
creamee n spicee,Chennai,Periyamet,"Fast, Food, Pizzas",,37,37,37,300,
"THE	PEPPER	FRY",Chennai,Egmore,"Fast, Food",,39,39,39,150,
ATTI SQUARE,Chennai,Teynampet,Indian,4.3,56,56,56,300,16.90685022
VR CAFE,Chennai,Teynampet,"Cafe, Bakery",,71,71,71,400,
Cafe Toastie Express,Chennai,Aminjikarai,"Fast, Food",4.2,66,66,66,250,12.78699424
Pizza square (Mint 2),Chennai,George Town,"American, Pizzas",,50,50,50,500,
Madurai Simmakkal Konar Kadai,Chennai,Egmore,"South, Indian, Indian",4.2,36,36,36,400,12.78699424
Chennai Classic Cakes,Chennai,Perambur,"Bakery, Continental, Pizzas",4.6,58,58,58,250,14.00480321
Shawarma Kadai,Chennai,T. Nagar,Arabian,4.1,62,62,62,180,16.12048509
EAME'S & SEMMY'S ANNAPOORNI KITCHEN,Chennai,Vadapalani,"Andhra, South, Indian, North, Indian, Biryani",4.3,86,86,86,250,19.84501822
BASMATI FOODS,Chennai,Annanagar,"Biryani, Snacks, Beverages",,72,72,72,300,
Bayleaf OTG,Chennai,Mylapore,"North, Indian, Bengali, Biryani",4.5,65,65,65,300,17.69321535
SAGAS FOODS,Chennai,Royapettah,"Sweets, Beverages, Chaat",,54,54,54,100,
Simbox,Chennai,Egmore,"Indian, Chinese",4.4,46,46,46,200,20.30653027
Compani - Great Combos,Chennai,Purasaiwakkam,"North, Indian",,54,54,54,200,
Thulasi Mess,Chennai,Aminjikarai,"South, Indian, North, Indian, Andhra, Biryani",3.8,54,54,54,150,17.53745796
CHILLY TALES EATALIANO,Chennai,Kilpauk,Indian,,49,49,49,200,
Pedreno's,Chennai,Mylapore,"Italian, Italian-American, American",4.1,60,60,60,1000,12.48254199
Mozza,Chennai,Annanagar East,"Continental, Chinese, Italian, Mexican",,64,64,64,0,
Uppilis On D Go,Chennai,Cit Nagar,"South, Indian",3.9,80,80,80,200,15.33411997
Ambaram fast food,Chennai,Egmore,"South, Indian, Fast, Food",3.8,37,37,37,200,11.56918526
SAKTHI A HOT SOUP,Chennai,Perambur,Indian,,62,62,62,100,
6 FLAVOURS,Chennai,Anna Nagar,"North, Indian, Chinese, Tandoor, Grill, Barbecue",3.5,73,73,73,300,10.65582853
Indian Kitchen By Sigree,Chennai,Anna Nagar,"Indian, North, Indian, Mughlai, Biryani, Punjabi",4.1,70,70,70,400,12.48254199
METRO CAKES,Chennai,Perambur,Desserts,4.5,68,68,68,300,13.70035097
CAKE FEAST,Chennai,Perambur,"Desserts, Bakery",4.4,68,68,68,300,20.30653027
Ginger Garlic,Chennai,Ayanavaram,"Chinese, Arabian, Tandoor",4.2,50,50,50,250,19.38350617
SPICE HUB VADA PAV,Chennai,Purasaiwakkam,"Snacks, Fast, Food",4.6,39,39,39,200,14.00480321
Venkateswara Veg Restaurant,Chennai,Kodambakkam,"South, Indian",4.6,61,61,61,100,18.08639791
HOT BOWL CAFE,Chennai,Perambur,Chinese,,69,69,69,250,
TCF - Twinchester Foods,Chennai,Kilpauk,"Chinese, Snacks",,57,57,57,200,
TEA LITEFUL,Chennai,Egmore,"Beverages, Snacks, Continental",4.6,40,40,40,200,14.00480321
The Great Kabab Factory,Chennai,Egmore,Kebabs,,51,51,51,600,
Sachin Ka Dhabba,Chennai,Alwarpet,"Punjabi, North, Indian, Chinese",4.1,69,69,69,500,16.12048509
GOWRI FAST FOOD,Chennai,Purasawalkam,"Arabian, North, Indian",,44,44,44,200,
A Plus Tea,Chennai,Perambur,Beverages,,60,60,60,100,
SSS Hyderabad Briyani,Chennai,Kodambakkam,"Chinese, Indian",3.9,71,71,71,250,17.99897002
Chinese Baba,Chennai,Alwarpet,"Biryani, Barbecue, Chettinad, Chinese",,68,68,68,300,
Turban Mughal Restaurant,Chennai,George Town,Biryani,4.4,58,58,58,700,17.30003278
Chop 'N' Stix,Chennai,West Mambalam,Chinese,4.3,77,77,77,500,19.84501822
ARABIAN PARADISE,Chennai,Vadapalani,"Arabian, Tandoor, Grill",,77,77,77,250,
Sk chats,Chennai,Kodambakkam,"Chaat, Snacks",,78,78,78,400,
PRIYA VEG HOME FOODS,Chennai,Perambur,Indian,4.3,68,68,68,150,13.09144648
Hotel Kalyana Bhavan,Chennai,George Town,Biryani,,50,50,50,250,
Rizwan Biriyani and Kabab center,Chennai,Triplicane,"Biryani, Fast, Food, Kebabs",4.1,34,34,34,300,18.92199412
NOTO - Healthy Ice Cream,Chennai,Royapettah,"Healthy, Food, Ice, Cream",,45,45,45,250,
Fabelle Chocolates - ITC WelcomHotel,Chennai,Teynampet,"Bakery, Desserts, Sweets",4.6,59,59,59,600,18.08639791
Southside Taco,Chennai,Alwarpet,"Mexican, Desserts, Beverages, Snacks",4.4,69,69,69,500,20.30653027
Popcorn House,Chennai,Perambur,Indian,,68,68,68,150,
Keventers Ice Creamery,Chennai,Mogapair,"Ice, Cream, Desserts",4.7,86,86,86,300,14.30925546
PULUSU T NAGAR,Chennai,T. Nagar,"Andhra, Indian, Tandoor, Beverages, Chinese, Biryani, Hyderabadi",3.9,70,70,70,500,17.99897002
Hot Pan,Chennai,Teynampet,"Pizzas, Chinese, Juices",3.5,64,64,64,200,10.65582853
King Sandwich,Chennai,Vadapalani,"Fast, Food",4.3,71,71,71,200,19.84501822
Indiana Burgers,Chennai,Royapettah,"American, Desserts",4.6,54,54,54,200,18.08639791
Tosamania,Chennai,Anna Nagar,"South, Indian",,75,75,75,250,
WarmOven Cake & Desserts,Chennai,Royapettah,"Bakery, Desserts, Ice, Cream",4.5,62,62,62,200,20.76804233
Majeeth Hotel,Chennai,George Town,"South, Indian, Chinese, Biryani",4.1,44,44,44,300,18.92199412
The Degh Story,Chennai,T Nagar,"North, Indian, Biryani, Hyderabadi, Indian",,80,80,80,900,
TOSSED BY KOOX - GOURMET DIY BOX KITS,Chennai,Alwarpet,"Pizzas, Pastas, Asian, Desserts, Snacks, Beverages",,81,81,81,350,
Atho Grillz - G A Road,Chennai,Washermanpet,"Burmese, Indian, Chinese, Arabian",4,56,56,56,350,18.46048207
Arcot royal biriyani and fastfood,Chennai,Cit Nagar,"Biryani, Fast, Food",3.5,71,71,71,200,13.76138971
CHAI GARDEN,Chennai,Kilpauk,"South, Indian, Beverages",,63,63,63,200,
Csoning Shawarma Perambur,Chennai,Perambur,Arabian,,67,67,67,200,
TOMMYS KITCHEN,Chennai,Kodambakkam,"Chinese, Indian, Kebabs",,65,65,65,300,
PIZZA STONE,Chennai,Villivakkam,"Pizzas, Combo",,70,70,70,350,
GUNA BHAI DOSA,Chennai,George Town,Indian,,45,45,45,200,
Aps Chat,Chennai,Vadapalani,"Fast, Food",4.2,83,83,83,200,12.78699424
The Idli Factory,Chennai,Cit Nagar,"South, Indian",4,80,80,80,300,18.46048207
Buhari Vintage Hotel - Kilpauk,Chennai,Kilpauk,"Biryani, North, Indian, Chinese",4.4,45,45,45,400,20.30653027
Karim Biryani,Chennai,Poongavanapuram,"Biryani, South, Indian",3.8,32,32,32,300,11.56918526
HOTEL VIRUDHUNAGAR ELITE,Chennai,Nungambakkam,"Chinese, Biryani, Indian",,57,57,57,150,
HOTEL NATARAJAH,Chennai,George Town,"South, Indian, Chinese, North, Indian",4.4,52,52,52,270,13.39589873
Shaik Shack Shawarma,Chennai,T. Nagar,"Fast, Food",4.1,72,72,72,200,18.92199412
Chatar Patar,Chennai,Perambur,"Fast, Food, Street, Food",,71,71,71,300,
Bakers Spring,Chennai,Old Washermanpet,"Bakery, Desserts, Fast, Food",4.3,61,61,61,250,16.90685022
S2C Chaat,Chennai,Perambur,"Street, Food, Sweets",4.1,60,60,60,100,18.92199412
Cheap & Best kitchen,Chennai,Alwarpet,"Biryani, North, Indian",,63,63,63,500,
JALSA,Chennai,Kilpauk,"Chaat, Beverages",,49,49,49,500,
Mystery Of Brew,Chennai,Vadapalani,Indian,,78,78,78,200,
Haagen Dazs,Chennai,Thousand Lights,"Ice, Cream, Desserts",4.2,47,47,47,500,16.51366766
Chatpata Chat House,Chennai,Kilpauk,"South, Indian, Bakery, Desserts",4.1,44,44,44,150,16.12048509
Masala street,Chennai,Vadapalani,"Chinese, Continental, South, Indian, Italian",3.5,85,85,85,50,10.65582853
NARSUVAI BIRYANI,Chennai,Annanagar,Biryani,,76,76,76,275,
Rosewater,Chennai,Anna Nagar,"Indian, Chinese, Continental, Asian",4.2,73,73,73,800,12.78699424
Billy's,Chennai,Perambur,"Indian, American, Italian, Continental",,81,81,81,200,
GRILL WAGON,Chennai,Egmore,Indian,,49,49,49,200,
Hotel Sagar,Chennai,Royapettah,"Biryani, Indian, Chinese, Beverages",,44,44,44,300,
Chai Kings,Chennai,Kilpauk,"Beverages, Snacks",4.5,38,38,38,150,20.76804233
Daily treat,Chennai,Annanagar East,"American, Juices, Street, Food, Pizzas",3.8,62,62,62,200,11.56918526
ATOMS BY BLIND CH3MISTRY,Chennai,Kilpauk,"Beverages, Continental, Italian",,46,46,46,400,
Hotel Shiva Sagar,Chennai,Periyamet,"North, Indian, Jain, Chaat, Indian, South, Indian, Tandoor",4.3,33,33,33,350,19.84501822
The Creams,Chennai,Kilpauk,"Bakery, Ice, Cream, Desserts",4.4,32,32,32,200,20.30653027
Sea Shore,Chennai,George Town,"North, Indian, Chettinad, Chinese, Seafood",3.8,39,39,39,500,11.56918526
Zuka,Chennai,T. Nagar,"Desserts, Bakery",4.5,64,64,64,800,20.76804233
SANJANA FOODS AND SNACKS,Chennai,Perambur,"Snacks, Sweets, Beverages",,57,57,57,45,
Delicious Pizza,Chennai,Tondiarpet,"Fast, Food",,81,81,81,200,
Mex It Up,Chennai,Nungambakkam,"Mexican, Beverages",4.1,72,72,72,500,12.48254199
Taste of Italy,Chennai,Anna Nagar,Italian-American,4.3,70,70,70,300,13.09144648
Jalpaan,Chennai,T Nagar,"North, Indian, Chinese, Thai, Indian, Desserts, Beverages",,90,90,90,600,
27 culinary street,Chennai,Mylapore,"North, Indian, South, Indian, Chinese, Indian, Mongolian, Continental",,55,55,55,300,
Ra3,Chennai,Egmore,"Indian, Chinese, Combo",,49,49,49,300,
SRB Hyderabad Biryani,Chennai,George Town,"Fast, Food, Biryani, Chinese, Grill, Arabian",,64,64,64,300,
Parambriym,Chennai,Anna Nagar,"Biryani, South, Indian, Indian",4.2,63,63,63,600,12.78699424
Wah ji Wah ( budhvihar),Delhi,Budh Vihar,"Indian, Chinese",3.8,21,21,21,250,26.25326816
Wah Bhai Wah,Delhi,Sector 4 Rohini,"North, Indian, Chinese, Tandoor, Beverages",3.8,27,27,27,200,23.62310318
Burger King,Delhi,Rohini,"American, Fast, Food",4.3,35,35,35,350,29.70764555
Behrouz Biryani,Delhi,Rohini,"Biryani, Mughlai, Lucknowi, Hyderabadi, Kebabs, North, Indian, Persian, Desserts",4.2,38,38,38,500,26.10974562
Nivetha Dosa Corner,Delhi,Rohini,"South, Indian",4.1,31,31,31,150,18.92199412
Pizzallo Hot,Delhi,Sector 3 Rohini,"Italian, Pizzas",3,27,27,27,400,9.133567313
Kwality Walls Frozen Dessert & Ice Cream Shop,Delhi,Pitam Pura,"Desserts, Ice, Cream",4.6,29,29,29,100,28.59638806
Kushal Bhojnalaya,Delhi,Sector 2 Rohini,"North, Indian",4.2,29,29,29,200,19.38350617
Your's Pizza,Delhi,Sector 2 Rohini,Italian,3.5,29,29,29,400,16.15292181
Pooran's Ambala Wale,Delhi,Sector 14 Rohini,"North, Indian, Chinese",4,48,48,48,250,18.46048207
Wong's Kitchen,Delhi,Sector 9 Rohini,"Chinese, Fast, Food, Asian",3.8,37,37,37,250,23.62310318
KFC,Delhi,Rohini,"American, Snacks",4.3,35,35,35,400,19.84501822
Shut Up & Eat,Delhi,Pitam Pura,Indian,4.1,27,27,27,250,18.92199412
MY SHOP Sector-7,Delhi,Sector 7 Rohini,"Fast, Food, Italian, American, Beverages",4.1,31,31,31,300,18.92199412
Vaishno rasoi,Delhi,Prashant Vihar Rohini,"North, Indian",3.9,48,48,48,300,17.99897002
Keventers - Milkshakes and Desserts,Delhi,Rohini,"Beverages, Ice, Cream, Desserts, Healthy, Food",4.4,35,35,35,300,20.30653027
Khalsa Dhaba,Delhi,Rohini,"North, Indian",,35,35,35,500,
Food of Dreams,Delhi,Sector 16 Rohini,"North, Indian, Chinese",4,51,51,51,300,18.46048207
The pizza point,Delhi,Rohini,"Chinese, Pastas, Pizzas",,33,33,33,250,
Veerji Malai Chaap Wale (Rohini),Delhi,Sector 6 Rohini,"North, Indian, Snacks",3.8,28,28,28,400,23.62310318
Bowlsome,Delhi,Pitam Pura,"Asian, North, Indian, Continental, Healthy, Food, Punjabi, Home, Food, Oriental, Desserts, Beverages, Pan-Asian, Bengali, Mangalorean, Kashmiri, Lucknowi, Chinese, Sweets, Kebabs, Combo, Rajasthani, Awadhi",3.9,35,35,35,250,17.99897002
Cake Studio-100% Veg,Delhi,Sector 1 Rohini,"Bakery, Chinese, Snacks, Desserts",3.8,28,28,28,99,17.53745796
Haunted Kitchen,Delhi,Rohini,"Indian, Pizzas, Biryani, Beverages",,36,36,36,150,
The Hungry Street,Delhi,Rohini,"Continental, Snacks, Fast, Food",,46,46,46,200,
Pao Ji Aamchi Mumbai Se,Delhi,Rohini,"Indian, Snacks, Street, Food, Fast, Food",3.1,35,35,35,150,12.18865946
Guruh Cakes (100% veg),Delhi,Sector 1 Rohini,"Bakery, Desserts, Fast, Food, Chinese, Snacks",3.7,28,28,28,150,17.07594591
Spice n curry,Delhi,Prashant Vihar Rohini,"Chinese, North, Indian",3.9,54,54,54,300,17.99897002
Mr Naan & Mrs Curry,Delhi,Rohini,"Punjabi, North, Indian, Indian",,44,44,44,200,
The Mealbox,Delhi,Rohini,"Thalis, Punjabi, North, Indian, Indian",,38,38,38,200,
Mealizer,Delhi,Rohini,Chinese,,36,36,36,300,
Wat A Paratha,Delhi,Rohini,"Punjabi, North, Indian, Indian",,37,37,37,200,
Chinese by Heart,Delhi,Rohini,"Chinese, Asian, Snacks, Fast, Food",4.1,37,37,37,200,12.48254199
Mr Paratha,Delhi,Rohini,"Punjabi, North, Indian, Indian",3.9,37,37,37,200,11.87363751
Lala Pakode Wala,Delhi,Rohini,"Snacks, Fast, Food, Punjabi",4.4,37,37,37,200,13.39589873
Haandiwala,Delhi,Rohini,"Punjabi, North, Indian, Indian",,37,37,37,200,
Thaaliwalaa,Delhi,Rohini,"Punjabi, North, Indian, Indian, Thalis",4,36,36,36,200,12.17808975
Punjab Chicken Corner,Delhi,Rohini,"Punjabi, North, Indian, Tandoor, Chinese",,34,34,34,300,
Murthalwala,Delhi,Rohini,"Punjabi, North, Indian, Indian",4.2,37,37,37,200,12.78699424
DHAAM kitchen,Delhi,Rohini,"Indian, North, Indian, Fast, Food",,47,47,47,300,
VARIATION (Rohini),Delhi,Sector 3 Rohini,"Chinese, Beverages, Fast, Food",4.1,31,31,31,350,18.92199412
Madhu's Kitchen,Delhi,Rohini,"North, Indian, Indian",4,47,47,47,200,12.17808975
Quick Tasty Bites,Delhi,Rohini,"Indian, Chinese, Pastas, Fast, Food, Snacks",,39,39,39,150,
Bansiwala,Delhi,Rohini,"North, Indian, Snacks, Chinese, Bakery",4.2,30,30,30,300,16.51366766
Pawan Vaishno Dhaba,Delhi,Sector 6 Rohini,"North, Indian",3.7,27,27,27,150,17.07594591
Home Plate,Delhi,Rohini,"Home, Food, North, Indian, Healthy, Food, Thalis, Desserts, Indian, Punjabi",4.2,32,32,32,160,26.10974562
STANDARD ICE CREAM(Rohini sector-6 Ayodhya chowk wale),Delhi,Rohini,"Street, Food, Desserts, Beverages",4,25,25,25,150,15.72730253
Kohinoor Foods & Snacks,Delhi,Rohini,"North, Indian, Snacks, Beverages",,37,37,37,250,
RHYTHM ROOM,Delhi,Rohini,"Continental, Beverages, Chinese",,44,44,44,300,
KAYANSH FOODS,Delhi,Rohini,"North, Indian, Thalis, Combo",,40,40,40,250,
Little London,Delhi,Rohini,"Chinese, Continental, Pizzas, Pastas, Snacks, Fast, Food",,40,40,40,300,
Aura Bakers,Delhi,Rohini,"Bakery, Indian, Chinese, Pastas, Snacks",,36,36,36,300,
KBC(KON BANEGA CHATORA),Delhi,Rohini,"Chinese, Indian, Continental, Biryani",,46,46,46,500,
Da Pizza Factory,Delhi,Rohini,Italian,,35,35,35,300,
Tasty Tasty Home Made Food ,Delhi,Rohini,"North, Indian",,38,38,38,200,
SARAVANA SOUTH INDIAN CAFE,Delhi,Rohini,"South, Indian, Chinese",3.9,38,38,38,150,11.87363751
EAT THRILL ZONE,Delhi,Rohini,"Bakery, Tandoor, Fast, Food, Chinese, Continental",4.3,37,37,37,300,13.09144648
Chee Chee,Delhi,Rohini,"Italian, Continental, Pizzas",,40,40,40,300,
Domino's Pizza,Delhi,Rohini,Pizzas,4.3,30,30,30,400,26.73140623
CAKE.COM,Delhi,Rohini,"Desserts, Bakery",,37,37,37,250,
Gulshan Di Chaap,Delhi,Sector 7 Rohini,"North, Indian, Mughlai",3.9,27,27,27,200,17.99897002
Bablu Best Bakers,Delhi,Rohini,"Bakery, Desserts",3.5,30,30,30,250,16.15292181
Rohini Rasoi,Delhi,Rohini,"Chinese, Indian",,38,38,38,250,
JD Meals,Delhi,Rohini,"Indian, Thalis, Combo, Beverages",3.7,48,48,48,200,11.26473302
Combo Express,Delhi,Rohini,"Snacks, Beverages",,44,44,44,200,
just 99,Delhi,Rohini,"Indian, Combo, Thalis",,38,38,38,200,
Zaika the bakers,Delhi,Rohini,Pizzas,,38,38,38,400,
Haldiram's,Delhi,Sector 10 Rohini,"Sweets, North, Indian",4.3,38,38,38,350,26.73140623
Hyderabadi Dum Biryani,Delhi,Rohini,"Biryani, North, Indian",3.4,35,35,35,250,13.36820715
BIKKGANE BIRYANI,Delhi,Rohini,"Hyderabadi, South, Indian, North, Indian, Biryani, Andhra, Mughlai",4.4,34,34,34,350,20.30653027
DESTINY OF D3,Delhi,Rohini,Punjabi,,38,38,38,200,
Chitrakut,Delhi,Rohini,"Biryani, North, Indian, Chinese, Thalis",4.2,33,33,33,400,19.38350617
Meal Studio,Delhi,Rohini,"North, Indian, Indian, Combo, Desserts, Beverages, Home, Food, Healthy, Food, Thalis, Maharashtrian",3.9,32,32,32,250,11.87363751
Canteen Central - Burgers Pastas and More,Delhi,Rohini,"American, Pastas, Fast, Food, Snacks, Desserts, Beverages, Asian, Italian, Tibetan, North, Indian",4,33,33,33,300,18.46048207
Radhey Shyam Ki Rasoi,Delhi,Sector -6,"North, Indian, Chinese, Snacks, Thalis",,33,33,33,300,
Tummy full,Delhi,Rohini,Snacks,,30,30,30,150,
Paratha Box - 2X Filling,Delhi,Rohini,"North, Indian, Punjabi, Indian, Home, Food, Combo, Beverages",4.4,40,40,40,250,13.39589873
MR CHICKEN CHANGEZI,Delhi,Rohini,Indian,3.7,44,44,44,200,11.26473302
Lazeez,Delhi,Rohini,"Fast, Food",,46,46,46,200,
Wat-A-Burger! - India ka Burger,Delhi,Sector 9 Rohini,"Fast, Food, American, Indian, Snacks, Desserts, Beverages",4,30,30,30,200,18.46048207
Wow! Momo,Delhi,Rohini,"Tibetan, Fast, Food, Healthy, Food, Asian, Chinese, Snacks, Continental, Desserts, Beverages",3.8,40,40,40,300,11.56918526
Waffle King,Delhi,Sector 7 Rohini,"Desserts, Continental, Ice, Cream, Beverages",4.2,35,35,35,300,19.38350617
Great Indian Khichdi,Delhi,Rohini,"Indian, Home, Food, Healthy, Food, Snacks",4.3,33,33,33,200,19.84501822
PASTA RASTA.COM,Delhi,Rohini,"Italian, Chinese, Fast, Food, Beverages",,49,49,49,200,
Kitchen Queen,Delhi,Rohini,"Indian, Combo, Beverages",,46,46,46,200,
Noodle House,Delhi,Sector 9 Rohini,"Chinese, Thai, Japanese, Tibetan",4,37,37,37,300,27.63501912
The Burger Club,Delhi,Sector 7 Rohini,"Fast, Food, American, Beverages, Desserts",4.2,35,35,35,250,29.01677007
La Pino'z Pizza,Delhi,Rohini,Pizzas,3.9,45,45,45,500,26.94414364
Apni Rasoi,Delhi,Krishan Vihar,"North, Indian, Chinese, Tandoor, Snacks, Pastas",4,35,35,35,300,18.46048207
Urban Bawarchi,Delhi,pocket c-11 sector 5 Rohini,"North, Indian",,39,39,39,300,
S.P.W Pizza,Delhi,Rohini,"Chinese, Fast, Food",,36,36,36,200,
Chunmun's Snacks & more,Delhi,Pitampara,"North, Indian, Fast, Food, Snacks",,45,45,45,250,
Zaffran,Delhi,sector 5 Rohini,"North, Indian",,39,39,39,400,
Aapki Rasoi,Delhi,Pitam Pura,"North, Indian, Tandoor, Indian, Punjabi",3.3,35,35,35,200,15.22989771
Moroca (Rohini),Delhi,Sector 9 Rohini,"Fast, Food",4,34,34,34,250,24.8664244
Pandit Ji Ka Dhaba,Delhi,Budh Vihar,"North, Indian",3.2,38,38,38,200,9.742471801
The Real Spicy,Delhi,Rohini,"Indian, Fast, Food, Bakery, Pizzas",,38,38,38,200,
Apni Rasoi (Sector 9 DC Chowk Rohini),Delhi,Sector 9 Rohini,"North, Indian",4,34,34,34,250,27.63501912
Biryani Blues,Delhi,Sector 7 Rohini,"Biryani, Hyderabadi, Lucknowi, Kebabs, Desserts, Beverages",4.1,38,38,38,400,25.48808501
UBQ by Barbeque Nation,Delhi,Rohini,"North, Indian, Mughlai, Seafood, Biryani, Desserts, Kebabs",3.9,38,38,38,300,24.24476379
Chicken Dum Biryani,Delhi,Rohini,"Mughlai, Indian",,45,45,45,300,
ZAIKEDAAR BIRYANI,Delhi,Rohini,"Fast, Food, North, Indian",,45,45,45,250,
Currynama by Seven Seas,Delhi,Rohini,"North, Indian, Kebabs, Desserts",,45,45,45,800,
Hyderabadi Handi Biryani,Delhi,Rohini,"North, Indian",,40,40,40,350,
Hyderabadi Biryani,Delhi,Rohini,"Biryani, Indian, Chinese, Beverages",,47,47,47,350,
Biryani chowk,Delhi,Rohini,"Chinese, Indian",,46,46,46,250,
Handi biryani,Delhi,Rohini,"Biryani, Chinese, Beverages",,39,39,39,350,
Handi biryani empire,Delhi,Rohini,"Biryani, Chinese, Beverages",,39,39,39,350,
Handi biryani wala,Delhi,Rohini,"Biryani, Chinese, Beverages",,39,39,39,350,
Handi biryani kingdom,Delhi,Rohini,"Biryani, Chinese, Beverages",,39,39,39,350,
Lazeez handi biryani,Delhi,Rohini,"Biryani, Chinese, Beverages",,39,39,39,350,
PURANI DILLI BIRYANI,Delhi,Rohini,"Indian, Chinese, Continental",,36,36,36,250,
Dilli 6 Biryani,Delhi,Rohini,"Indian, Biryani, Chinese, Combo",,44,44,44,250,
HYDERABADI BIRYANI ZAIKA,Delhi,Rohini,"Biryani, Indian",,44,44,44,250,
Lajawab Biryani Corner,Delhi,Rohini,"Biryani, Chinese",,39,39,39,350,
BIRYANI CHASKA,Delhi,Rohini,"Italian, Chinese, Indian, Biryani, Snacks",,47,47,47,250,
Pikwik Since 1991,Delhi,Sector 3 Rohini,"Indian, Chinese, Continental, Mexican, Asian",4.1,34,34,34,600,25.48808501
THEOBROMA,Delhi,Rohini,"Desserts, Bakery, Beverages",4.4,33,33,33,850,20.30653027
Pizza Hut,Delhi,Rohini,Pizzas,3.6,37,37,37,350,16.61443386
Lazeez Biryani,Delhi,Rohini,Indian,,46,46,46,200,
Biryani Badshah,Delhi,Rohini,"Hyderabadi, South, Indian, North, Indian, Biryani, Andhra, Mughlai",4.4,34,34,34,350,17.30003278
Awadhi biryani,Delhi,Rohini,"Chinese, Fast, Food, Combo, Biryani, Beverages",,40,40,40,200,
Biryani Empire,Delhi,Rohini,"Indian, Chinese",3,38,38,38,300,9.133567313
Meals and Bowls,Delhi,Rohini,"North, Indian, Punjabi, Mughlai, Home, Food",4,36,36,36,300,12.17808975
Pasta Hut,Delhi,Rohini,"Pastas, Pizzas, Beverages, Snacks, Chinese",4.2,38,38,38,400,12.78699424
AL KARIM S FOODS,Delhi,Rohini,Indian,3.9,44,44,44,200,15.33411997
Barista,Delhi,Rohini,"Beverages, Snacks, Desserts",3.5,44,44,44,350,10.65582853
Tandoori Momos Wala,Delhi,Rohini,Chinese,,47,47,47,200,
Dine House,Delhi,Rohini,"Italian, Chinese, Tandoor, North, Indian",,38,38,38,500,
Biryani Wale,Delhi,Rohini,Indian,3.3,36,36,36,300,10.04692404
Binger's Tandoori Momos,Delhi,Rohini,Chinese,,45,45,45,250,
BTW,Delhi,Budh Vihar,"Street, Food, North, Indian",3.7,39,39,39,200,17.07594591
Shakes and Chinese,Delhi,Sector 51,"Indian, Chinese",,45,45,45,250,
Sahni Fish Corner,Delhi,Sector 3 Rohini,Indian,4.2,33,33,33,700,16.51366766
Bingers Biryani,Delhi,sector 7 rohini,"Biryani, Fast, Food",,38,38,38,200,
Biryani zaika,Delhi,Rohini,"Biryani, Chinese, North, Indian",,45,45,45,200,
Barbeque Nation,Delhi,Rohini,"North, Indian, Mughlai, Seafood, Biryani, Desserts, Kebabs",3.5,44,44,44,600,16.15292181
mughlai biryani,Delhi,Rohini,"Indian, Continental, Snacks",,40,40,40,300,
Biryani Kingdom,Delhi,Rohini,Chinese,,40,40,40,250,
Pikwik Bakers,Delhi,Sector 3 Rohini,"Desserts, Bakery",3.5,35,35,35,600,16.15292181
BIRYANI HI BIRYANI,Delhi,Rohini,Indian,,44,44,44,250,
JW Solitaire,Delhi,Rohini,"North, Indian, Chinese, Continental",,37,37,37,800,
Parashar Foods,Delhi,Rohini,"Indian, Tandoor, Snacks, Sweets, North, Indian",3.7,34,34,34,350,11.26473302
NINE DRAGON,Delhi,Rohini,"Chinese, Indian",3.7,37,37,37,400,14.54775484
Wow! China,Delhi,Rohini,"Tibetan, Fast, Food, Chinese, Asian, Snacks, Continental, Desserts, Beverages",3.5,39,39,39,400,10.65582853
KC Restaurant,Delhi,Sector 8 Rohini,"Chinese, Street, Food, Fast, Food",4.1,39,39,39,200,18.92199412
The Cake Cafe,Delhi,Sector 7 Rohini,"Bakery, Chinese",4.1,33,33,33,350,25.48808501
ON A ROLL,Delhi,Sector 7 Rohini,"Fast, Food",4,36,36,36,250,18.46048207
Metro Grill,Delhi,Rohini,"North, Indian, Chinese",,45,45,45,500,
The Special Roll,Delhi,Rohini,Snacks,,45,45,45,200,
DL ROLL BO55,Delhi,Rohini,"Fast, Food, Snacks",,45,45,45,200,
Amjad Delhi Darbaar,Delhi,Rohini,Indian,,46,46,46,200,
Bakingo,Delhi,Rithala Rohini,"Bakery, Desserts, Beverages, Snacks",4.3,38,38,38,300,26.73140623
ROLLSOME,Delhi,Sector 8 Rohini,Beverages,4,36,36,36,250,24.8664244
Pandit Ji Ke Paranthe,Delhi,Budh Vihar,Indian,3.3,46,46,46,300,12.97502459
Momo Shack,Delhi,Sector 7 Rohini,"Chinese, Fast, Food",4.1,44,44,44,300,18.92199412
Keventers Ice Creamery,Delhi,Rohini,"Ice, Cream, Desserts",4.6,33,33,33,300,14.00480321
Mummy Ki Rasoi,Delhi,Budh Vihar,Indian,3.2,48,48,48,300,9.742471801
BAR OF BURGER,Delhi,Rohini,"American, Beverages",,40,40,40,300,
Moti Mahal Delux Rohini,Delhi,Sector 7 Rohini,"North, Indian, Chinese, Thalis, Combo",4.2,34,34,34,500,19.38350617
Ya Ya Momo,Delhi,Sector 7 Rohini,"Snacks, Fast, Food, Chinese",4,39,39,39,300,18.46048207
Dine House by Eleven Course,Delhi,Sector 10 Rohini,"Chinese, North, Indian, Italian, Mexican",,53,53,53,1650,
Artinci - Indulge Guilt Free!,Delhi,Rohini,"Ice, Cream, Healthy, Food, Keto, Desserts, Snacks, Beverages, Bakery",4.4,39,39,39,200,17.30003278
The Sugar Free Keto Kafe - By Artinci,Delhi,Rohini,"Healthy, Food, Keto, Desserts, Ice, Cream, Snacks, Beverages, Bakery",4.8,46,46,46,200,14.6137077
Chalte Firte Momos & Special Foods,Delhi,Sector 7 Rohini,"Chinese, Fast, Food, North, Indian",3.8,36,36,36,200,17.53745796
Chicken Khurana,Delhi,Rohini,"Indian, Desserts, Snacks",,48,48,48,300,
Giani's,Delhi,Sector 7 Rohini,"Ice, Cream, Desserts, Beverages, Bakery",4.3,33,33,33,200,19.84501822
Shiv Shankar Dhaba,Delhi,Rohini,"Chinese, Thalis, Snacks",4,36,36,36,170,18.46048207
Pizza Burger Point,Delhi,Sector 37,"Burmese, Pizzas, North, Indian, Fast, Food, Chinese, Italian, Beverages",,45,45,45,200,
kocktails & kurries,Delhi,NSP,"Indian, Asian, Italian, Fast, Food",,46,46,46,400,
italiano kitchen,Delhi,Sector 37,"Italian, North, Indian, Chinese, Fast, Food, Beverages",,49,49,49,200,
MOMO SHOMO,Delhi,Rohini,"Asian, Chinese, Tibetan, North, Eastern, Beverages, Fast, Food, Street, Food",4.2,40,40,40,300,19.38350617
Vaishno Punjabi Dhaba,Delhi,Rohini,"North, Indian",4.5,31,31,31,300,17.69321535
Mosaic by Crowne Plaza Rohini,Delhi,Rohini,"North, Indian, Bakery, Salads, Chinese, Juices, Desserts",4.6,48,48,48,1000,14.00480321
Burger Singh (Big Punjabi Burgers),Delhi,Sector 7 Rohini,"Snacks, Fast, Food, Indian, American, Beverages, Desserts, Mughlai, North, Indian, Biryani, Tibetan, Chinese, Continental",4,33,33,33,250,24.8664244
Lala's(Khao or Khane do),Delhi,Rohini,"Italian, Chinese, Fast, Food",,44,44,44,400,
Hashtag Foods,Delhi,Sector 73,"Continental, Italian",3.9,37,37,37,400,17.99897002
Punjabi Rasoi,Delhi,Sector 9 Rohini,"North, Indian, Chinese, Fast, Food, South, Indian, Italian, Desserts",4.2,34,34,34,400,26.10974562
Paratha Experiment,Delhi,Pitam Pura,"North, Indian, Punjabi, Home, Food, Indian, Snacks, Combo, Desserts, Beverages, South, Indian, Continental, Chettinad, Healthy, Food, Chinese, Sweets",3.9,39,39,39,200,11.87363751
Biryani By Kilo,Delhi,VARDHMAN PREMIUM MALL,"Biryani, Mughlai, Kebabs, North, Indian, Hyderabadi, Lucknowi, Andhra, South, Indian",4.8,53,53,53,700,14.6137077
Vinayak Restaurant,Delhi,Rohini,Chinese,,48,48,48,200,
That Pizza Place,Delhi,Rohini,"Pizzas, Italian, Fast, Food, Desserts, Continental, Mediterranean, American, Mexican, Indian, Combo, Beverages, Bakery, French, Sweets, European, Lebanese, Snacks",4,36,36,36,500,15.72730253
Khichdi Experiment,Delhi,Pitam Pura,"Home, Food, Indian, Healthy, Food, North, Indian, Snacks, Maharashtrian, Sweets, South, Indian, Combo, Desserts, Beverages, Kebabs",4.3,33,33,33,250,19.84501822
The Biryani Experiment,Delhi,Pitam Pura,"Biryani, Hyderabadi, Indian, Kebabs, North, Indian, South, Indian, Andhra, Afghani, Combo, Desserts, Beverages, Punjabi, Kerala, Sweets, Arabian, Lucknowi, Parsi, Tandoor",4.3,36,36,36,500,19.84501822
Delhi se,Delhi,Rohini,"Chinese, North, Indian, Tandoor, Combo, Biryani, Beverages",,44,44,44,400,
Wendy's,Delhi,Rohini,American,4.1,40,40,40,200,18.92199412
Oven Story Pizza,Delhi,Rohini,"Pizzas, Italian",3.6,47,47,47,600,16.61443386
Khana Khazana food van,Delhi,Rohini,Chinese,3.4,44,44,44,300,13.36820715
Shri Balaji Rasoi,Delhi,Sector 9 Rohini,"North, Indian",3.9,37,37,37,250,15.33411997
VHC Food Chain,Delhi,Rohini,"Chinese, North, Indian, Snacks, Pastas, Combo, Beverages",3.9,48,48,48,300,15.33411997
Shree Rathnam,Delhi,Sector 7 Rohini,"South, Indian, North, Indian, Chinese",4.2,37,37,37,600,26.10974562
Patiala Shahi Kitchen,Delhi,Sector 8 Rohini,Indian,4.1,36,36,36,300,18.92199412
Pehalwan ji Delhi 6 Chicken Restaurant,Delhi,Begampur,"North, Indian, Seafood, Biryani",,66,66,66,300,
Pure Veg Meals by Lunchbox,Delhi,Rohini,"North, Indian, Desserts, Biryani",,37,37,37,200,
Victory Pizza,Delhi,Budh Vihar,"North, Indian",,50,50,50,400,
Baskin Robbins,Delhi,Rohini,"Desserts, Ice, Cream",3.8,38,38,38,250,11.56918526
Faasos,Delhi,Rohini,"Combo, Snacks, Beverages, Desserts, Indian",4.1,46,46,46,200,18.92199412
The Biryani Life,Delhi,Rohini,"Biryani, Hyderabadi, Lucknowi, North, Indian, Mughlai, Combo, Desserts",4.2,39,39,39,250,16.51366766
LunchBox,Delhi,Rohini,"North, Indian, Punjabi, Combo, Biryani, Healthy, Food, Jain, Thalis, Indian, Mughlai, Desserts",4.1,40,40,40,200,18.92199412
Firangi Bake,Delhi,Rohini,"Italian, Mexican, Pastas",4.1,46,46,46,400,16.12048509
Sweet Truth - Cake and Desserts,Delhi,Rohini,"Ice, Cream, Bakery, Desserts, Beverages",4.3,37,37,37,450,19.84501822
The Brooklyn Creamery - Healthy Ice Cream,Delhi,Rohini,"Desserts, Ice, Cream, Healthy, Food",4.2,36,36,36,200,12.78699424
Patiala Shahi Chicken Corner,Delhi,Sector 8 Rohini,"North, Indian, Beverages",4.1,36,36,36,400,18.92199412
Natural Ice Cream,Delhi,Rohini,"Ice, Cream",4.4,35,35,35,150,17.30003278
The Good Bowl,Delhi,Rohini,"North, Indian, Punjabi, Biryani, Combo, Chinese, Beverages, Desserts, Jain, Indian, Hyderabadi, Mughlai",4.2,40,40,40,400,16.51366766
HOT & SPICY RESTAURANT,Delhi,Rohini,"Chinese, Indian, Tandoor",,49,49,49,300,
Nirula's,Delhi,Rohini,"Ice, Cream, Desserts, Beverages",4.2,39,39,39,500,12.78699424
R.P.W Pizza,Delhi,Rohini,Italian,3.5,38,38,38,350,13.76138971
Shree Ram Paratha wala,Delhi,Rohini,"North, Indian, Indian, Snacks",,28,28,28,150,
Jay Mata ji home kitchen,Delhi,Rohini,"South, Indian",,28,28,28,200,
RED DRAGON,Delhi,Paharganj,"Chinese, Continental, Beverages",,39,39,39,250,
ROTI AUR BOTI XPRESS,Delhi,Rohini,"Biryani, Mughlai, Tandoor, North, Indian, Combo",,45,45,45,300,
DOU CHI,Delhi,Rohini,"Fast, Food, Indian, Chinese",,52,52,52,300,
Fat Chinese Chef,Delhi,Rohini,"Chinese, Fast, Food",,52,52,52,300,
Excellent dumpling house,Delhi,Rohini,"Fast, Food, Chinese, Indian",,47,47,47,300,
Chopper's stop,Delhi,Rohini,"Chinese, Fast, Food, Indian",,51,51,51,300,
KAHI SE BHI,Delhi,Rohini,"Biryani, Mughlai, Tandoor, North, Indian",,45,45,45,300,
THE BOWL CLUB by Pind Balluchi,Delhi,Sector 10 Rohini,"North, Indian",3.9,45,45,45,600,11.87363751
Kutumb,Delhi,Rohini,"Chinese, North, Indian",,46,46,46,600,
DANA PAANI,Delhi,Sector 29,"Biryani, North, Indian",,48,48,48,300,
Pind De Chur Chur Naan by Pind Balluchi,Delhi,Sector 10 Rohini,"North, Indian",3.4,45,45,45,600,10.35137629
RAJA BHOJ & CO.,Delhi,Sector 8,"Tandoor, Indian",,57,57,57,300,
DILLI MERI JAAN,Delhi,Rohini,"Chinese, Indian",,45,45,45,350,
Rozi Roti,Delhi,Sector 29,"Biryani, Mughlai, North, Indian, Tandoor",,49,49,49,300,
Squeezer Juice and Shakes,Delhi,Rohini,"Juices, Beverages, Ice, Cream",3.9,34,34,34,250,11.87363751
The HOUSE OF CHOPSTICKS By Pind Balluchi,Delhi,Rohini,"North, Indian, Chinese",,47,47,47,300,
Pind Balluchi,Delhi,Sector 10 Rohini,"Mughlai, North, Indian",3.8,40,40,40,400,17.53745796
Standard Rabri Faluda and Shakes,Delhi,Sector 8 Rohini,Desserts,4.3,30,30,30,150,19.84501822
Laale Di Chaap,Delhi,Rohini,"North, Indian",,44,44,44,350,
Berco's,Delhi,Sector 10 Rohini,"Chinese, Thai, Asian, Beverages, Desserts, Oriental, Seafood, Pan-Asian",4.1,39,39,39,600,18.92199412
SHANGHAI CHILLIE'S,Delhi,Rohini,"Chinese, Fast, Food, Thai",,45,45,45,300,
BHUKHA SHER,Delhi,Rohini,"North, Indian, Tandoor, Biryani, Mughlai",,40,40,40,300,
FRESH JUICE AND SHAKES,Delhi,Rohini,Juices,,38,38,38,200,
OYE CHHOTU,Delhi,Rohini,"Mughlai, North, Indian, Tandoor",,47,47,47,300,
Ballu Bawarchi,Delhi,Rohini,"North, Indian, Biryani, Mughlai, Tandoor",,50,50,50,300,
TURBAN COFFEE,Delhi,Rohini,"Italian, Fast, Food, Snacks, Beverages",,40,40,40,500,
Kesar (Sainik Vihar),Delhi,Pitam Pura,"North, Indian, Chinese, Fast, Food",4.2,40,40,40,400,26.10974562
Demould,Delhi,Sector 7 Rohini,"Desserts, Bakery",4.1,36,36,36,400,18.92199412
Hudson Chopsticks,Delhi,Sector 7 Rohini,"Chinese, Thai, Pan-Asian, Oriental",4.2,44,44,44,300,29.01677007
Southy,Delhi,Sector 7 Rohini,"South, Indian, Snacks, Beverages",3.6,37,37,37,200,22.37978196
Prashant Momos & Special Chinese Foods (Pure Veg),Delhi,Sector 13 Rohini,Chinese,3.9,52,52,52,200,17.99897002
New Durga Corner,Delhi,Paschim Vihar,"South, Indian, Chinese",4.1,40,40,40,150,25.48808501
Rolls 57 By VHC,Delhi,Sector 8 Rohini,"Italian, Snacks, Desserts, Continental, Beverages, Combo",,49,49,49,150,
Shahi Tandoor,Delhi,Rohini,"Tandoor, Indian",,47,47,47,300,
CHAAP KINGDOM,Delhi,Rohini,Indian,4.2,40,40,40,300,12.78699424
Fruitarian - Fruit Salads,Delhi,Sector 8 Rohini,"Healthy, Food, Salads, Ice, Cream, Beverages, Juices, Navratri, Special, North, Indian, Snacks",4.2,45,45,45,200,19.38350617
CHICKEN BITES,Delhi,Rohini,"Indian, Tandoor, Kebabs",,53,53,53,400,
K3 KURRY KA KING,Delhi,Pitam Pura,"Chinese, Continental, Mughlai",4,39,39,39,300,15.72730253
Snac Zilla,Delhi,Rohini,"Chinese, Snacks, Beverages",,47,47,47,300,
Chinese Palace By VHC,Delhi,Sector 8  Rohini,"Chinese, Beverages, Snacks, Ice, Cream, Combo, Thalis",,49,49,49,150,
Karims Rohini,Delhi,Rohini,"Indian, North, Indian",,45,45,45,700,
Punjabi's Eating Hub,Delhi,Sainik Vihar,"Mughlai, North, Indian",4.2,44,44,44,400,19.38350617
NH1 Bowls - Highway To North,Delhi,Rohini,"North, Indian, Biryani, Combo, Snacks",3.9,38,38,38,250,15.33411997
Am2pm Fitness Cafe,Delhi,Sector 9 Rohini,"Beverages, Thalis, Indian",3.7,53,53,53,200,14.54775484
Tandoori junction,Delhi,Sainik Vihar Pritampura ,"North, Indian, Tandoor, Thalis, Beverages",,48,48,48,350,
China Town Kathi Rolls,Delhi,Rohini,"Fast, Food",4.6,44,44,44,250,14.00480321
BACKSTREET CAFE,Delhi,Rohini,"Chinese, Fast, Food, Pizzas, Snacks",4,50,50,50,300,12.17808975
DELUXE BUTTER OMLETTE,Delhi,Rohini,"North, Indian",,59,59,59,200,
Tikka Junction (Rohini),Delhi,Sector 9 Rohini,"North, Indian, Chinese",3.8,37,37,37,400,17.53745796
Dev China Town,Delhi,Rohini,"Chinese, Fast, Food",3.9,48,48,48,300,11.87363751
Dev kitchen,Delhi,Rohini,"North, Indian, Chinese, Continental",,50,50,50,200,
MoonMoon - Juicy Crustwiches,Delhi,Rohini,"Fast, Food, American, Snacks, Beverages",4.3,40,40,40,300,19.84501822
HOME FACTORY,Delhi,Sec-9 Rohini,"North, Indian, Continental, Chinese",,50,50,50,200,
The Hungry Pit,Delhi,Rohini,"Italian, Continental, Beverages, Fast, Food, Combo",3.6,47,47,47,250,10.96028078
shawarma wala,Delhi,Pitam Pura,"North, Indian",3.4,40,40,40,300,13.36820715
BOX8 - Desi Meals,Delhi,Rohini,"North, Indian, Biryani, Combo, Snacks",4,38,38,38,250,24.8664244
My Diet Cafe,Delhi,Sector 9 Rohini,"North, Indian, Indian, Beverages",3.7,51,51,51,250,11.26473302
Mealful Rolls - Meals in a Roll,Delhi,Rohini,"North, Indian, Biryani, Combo, Snacks",4.1,46,46,46,250,16.12048509
LeanCrust Pizza - ThinCrust Experts,Delhi,Rohini,"Pizzas, Italian",4.2,45,45,45,350,16.51366766
Itminaan Biryani - Dum Pukht,Delhi,Rohini,"North, Indian, Biryani, Combo, Snacks",4,46,46,46,250,15.72730253
SAFFRON FLAVORS,Delhi,Rohini,"North, Indian, Biryani, Punjabi",4,44,44,44,300,24.8664244
Chef Nation,Delhi,NSP,"Chinese, Beverages",,50,50,50,300,
Royal Burger By VHC,Delhi,Sector 8 Rohini,"Beverages, Snacks, Combo, Chinese, Continental, Italian, Pastas",,47,47,47,150,
Cheesecake & co,Delhi,Rohini,Bakery,4.3,40,40,40,350,16.90685022
The Blue Plate,Delhi,Pitampura,"Chinese, North, Indian, Biryani",,49,49,49,400,
CHHAUNK,Delhi,Rohini,"North, Indian, Desserts",4.3,47,47,47,150,19.84501822
Kake Da Hotel,Delhi,Sector 7 Rohini,"North, Indian, Mughlai, Punjabi",4.1,36,36,36,600,28.3258946
The Yellow Bowl,Delhi,Pitampura,"Chinese, Italian",4.4,48,48,48,200,13.39589873
The Paratha Company,Delhi,Rohini,"North, Indian",3.4,47,47,47,200,10.35137629
Instapizza,Delhi,Sector 8 Rohini,"Pizzas, Italian, Fast, Food, Beverages, Desserts",4.1,44,44,44,400,18.92199412
Atrangi Food Cafe,Delhi,Rohini,"Chinese, Continental, Italian, Pastas, Pizzas",,49,49,49,250,
MOMO MAGIC CAFE,Delhi,Rohini,"Beverages, Chinese, Fast, Food",4.3,40,40,40,300,19.84501822
Desi Matki,Delhi,Rohini,"North, Indian, Snacks",,48,48,48,300,
SUKH CHAI,Delhi,Rohini,"Street, Food, Pizzas, Beverages, Fast, Food",,46,46,46,200,
PROTEIN SINGH,Delhi,Rohini Sector 7,"Fast, Food, Salads, Beverages",,47,47,47,250,
Healthy Tree,Delhi,Rohini,"Beverages, Healthy, Food, Salads",4.1,46,46,46,350,18.92199412
CURRY MANTRA,Delhi,Rohini,"Chinese, Italian, Indian",,46,46,46,400,
The Golden Yolk,Delhi,Rohini,"Indian, Snacks",,51,51,51,200,
Shakes House By VHC,Delhi,Sector 8 Rohini,"Beverages, Continental, Italian, Combo, Desserts, Snacks",,51,51,51,150,
Patiala flavours,Delhi,Rohini,Indian,,45,45,45,500,
CHEF BROTHERS SHAWARMA ROLL,Delhi,Pitam Pura,"North, Indian",,53,53,53,500,
Chinese Fiesta (Since 1998),Delhi,Sector 8 Rohini,"Chinese, Continental, Snacks, Beverages, Italian, Desserts",3.6,50,50,50,150,10.96028078
ZAZA 22 Spice Biryani,Delhi,Rohini,"North, Indian, Biryani, Combo, Snacks",4,38,38,38,250,18.46048207
Fat Wrap / Fat Roll - Giant Juicy and Stuffed!,Delhi,Rohini,"Fast, Food, Snacks, Beverages, Desserts",,40,40,40,400,
FILHALL THE BEST MULTI CUISINE KITCHEN,Delhi,Rohini,"Indian, Chinese, Continental",,48,48,48,200,
Pizza Paradise By VHC,Delhi,Rohini,"Pizzas, Beverages, Italian, Continental, Biryani, Desserts, Combo",4.8,44,44,44,150,14.6137077
PRADEEP EGG CENTER,Delhi,Rohini,Snacks,,47,47,47,500,
Sagar Ratna,Delhi,Pitam Pura,"South, Indian, North, Indian, Chinese",4.1,46,46,46,450,25.48808501
New Punjabi Rasoi,Delhi,Secot 24Rohini,"North, Indian",3.7,52,52,52,300,23.00144257
Prashant Roll,Delhi,Sector 13 Rohini,Snacks,4.1,45,45,45,200,18.92199412
Havmor Havfunn Ice Cream,Delhi,Rohini,"Ice, Cream, Desserts",4.6,38,38,38,200,21.22955438
Gulab Wala,Delhi,Pitam Pura,"North, Indian, Desserts, South, Indian, Street, Food, Sweets, Beverages, Snacks, Indian",4.3,46,46,46,350,36.62479064
Sharma shud vashno dhaba,Delhi,Paschim Vihar,"North, Indian",4.2,50,50,50,200,12.78699424
Yummy Bites,Delhi,Rohini,"Indian, Chinese",3.8,52,52,52,300,17.53745796
GIRI MOMOS WALA,Delhi,Pitam Pura,"Chinese, Fast, Food",3.9,47,47,47,200,17.99897002
Sandoz Paschim Vihar,Delhi,Paschim Vihar,"North, Indian, Chinese",4.1,49,49,49,300,25.48808501
NIC Natural Ice Creams,Delhi,Paschim Vihar,"Ice, Cream, Desserts",4.5,35,35,35,120,20.76804233
Grameen Kulfi,Delhi,Paschim Vihar,"Ice, Cream, Desserts",4.3,34,34,34,120,13.09144648
BIKANER SWEET INDIA,Delhi,Rohini,Indian,3.3,38,38,38,200,12.97502459
Ase China,Delhi,Rohini,Chinese,3.8,45,45,45,150,14.9409374
Chit Chat,Delhi,Rohini,"North, Indian, Chinese",4.3,50,50,50,300,13.09144648
wedesi,Delhi,NSP,"North, Indian, Indian",,49,49,49,150,
PAN & GRILL,Delhi,Rohini,Snacks,,55,55,55,200,
Punjabi Dhaba - Paschim Vihar,Delhi,Paschim Vihar,"Indian, North, Indian",4,48,48,48,300,12.17808975
VEER JI MALAI CHAAP WALE  PRASHANT VIHAR,Delhi,prashant vihar,"Indian, Tandoor",3.6,47,47,47,200,16.61443386
Pakwan,Delhi,Behra Enclave Paschim Vihar,"Mughlai, North, Indian, Chinese",3.7,46,46,46,300,25.56239268
Dil Se Foodie Amul Butter Wale Burger,Delhi,Paschim Vihar,"Continental, American, Desserts, Fast, Food, Mexican, Beverages, Punjabi",,57,57,57,500,
Healthy Food,Delhi,Paschim Vihar,"Healthy, Food",,59,59,59,500,
Late Night Sandwich,Delhi,Paschim Vihar,"Healthy, Food",,56,56,56,500,
Loud Cloud,Delhi,Paschim Vihar,"Healthy, Food",,49,49,49,500,
Burger And Sandwich Karol Bagh Wale (TAAL),Delhi,Paschim Vihar,"Healthy, Food",,57,57,57,500,
Late Night Burger,Delhi,Paschim Vihar,"Healthy, Food",,56,56,56,500,
Crispy Bites,Delhi,Sector 14 Rohini,"North, Indian, Italian",3.7,46,46,46,400,23.00144257
McDonald's,Delhi,Paschim Vihar,American,4.3,53,53,53,400,29.70764555
Abbys -The Food Hub,Delhi,Rohini,"North, Indian, Fast, Food, Beverages",,49,49,49,300,
Modern Caterers,Delhi,NSP,"North, Indian, Chinese, Snacks, Beverages, Punjabi",4.2,46,46,46,300,29.01677007
Shake'n Food,Delhi,Rohini,Beverages,4.7,46,46,46,350,14.30925546
Dosa Corner,Delhi,Pitam Pura,"Chinese, South, Indian",4.1,56,56,56,250,16.12048509
UNCLE'S JUNKYARD,Delhi,Sector 11 Rohini,"Chinese, Pizzas, Snacks",,60,60,60,250,
The Waffle Co.,Delhi,Sector 14 Rohini,"Ice, Cream, Desserts, Beverages",4.2,49,49,49,200,19.38350617
Giri Momos Centre & Chinese Fast Food,Delhi,Delhi,Chinese,3.9,46,46,46,300,17.99897002
U.S. Burger Point,Delhi,Sector 11 Rohini,Italian,3.7,56,56,56,200,14.54775484
Giani,Delhi,Rohini,"Ice, Cream",4.2,36,36,36,350,19.38350617
Moms Kitchen,Delhi,Paschim Vihar,"Indian, Seafood",,56,56,56,250,
Waffle Lust,Delhi,Paschim Vihar,"Desserts, Beverages",4,49,49,49,200,18.46048207
Hot Spot Mini shop,Delhi,Prashant Vihar Rohini,"Italian, Beverages, Fast, Food, Snacks",3.8,48,48,48,300,17.53745796
New Oye Punjabi,Delhi,NSP,"Punjabi, North, Indian, Chinese",,55,55,55,350,
Culinaria by Pikwik,Delhi,Pitam Pura,"North, Indian, Continental, Home, Food, Indian",4.2,52,52,52,200,26.10974562
Burgrill - The Win Win Burger,Delhi,Pitampura,"Salads, Fast, Food, Desserts, Continental, Beverages, American",4.4,46,46,46,250,20.30653027
YUM-SHUM CHINESE,Delhi,Rohini,"Chinese, Snacks",,57,57,57,300,
SHREE VAISHNO RASOI,Delhi,Rohini,"Tandoor, Chinese, Biryani",4.3,50,50,50,250,13.09144648
Pizza Pepper,Delhi,Paschim Vihar,"Fast, Food, Italian",,57,57,57,500,
Mehendiram Restaurant & Mocktail Bar,Delhi,Paschim Vihar,"Indian, Chinese, Tandoor",,52,52,52,300,
Da Pizza Bakers,Delhi,Paschim Vihar,"Pizzas, Fast, Food",,61,61,61,400,
New Punjabi Dhaba,Delhi,Rohini,"North, Indian",3.3,47,47,47,300,12.97502459
THE KATHI ROLLS POINT,Delhi,Rohini,"Snacks, Fast, Food",,72,72,72,390,
Da Pizza Makers,Delhi,Paschim Vihar,"Pizzas, Italian, Snacks",3.4,65,65,65,400,13.36820715
Maha Laxmi Dhaba,Delhi,Rohini,"North, Indian",4.1,45,45,45,300,12.48254199
Pizza Pan,Delhi,Paschim Vihar,"Pizzas, Fast, Food",,65,65,65,500,
Punjabi Angithi,Delhi,Sector 16 Rohini,"North, Indian, Chinese, Punjabi, Kebabs, Fast, Food, Tandoor",4,48,48,48,400,27.63501912
Bikaner Sweet Corner,Delhi,Pitam Pura,"North, Indian, Desserts, Sweets",4.4,46,46,46,300,20.30653027
DURGA DOSA CORNER,Delhi,Paschim Vihar,"South, Indian, Chinese",4.2,44,44,44,200,19.38350617
Handi Chic-Fish,Delhi,Sector 11 Rohini,"North, Indian, Chinese",3.8,46,46,46,500,14.9409374
M2M momos,Delhi,Paschim Vihar,"North, Indian",,59,59,59,200,
Love Chinese Corner,Delhi,Rohini,"North, Indian, Fast, Food, Chinese",,55,55,55,300,
DHRUV'S KITCHEN,Delhi,Sector 11 Rohini,Indian,,58,58,58,250,
TASTE OF NAWAABS,Delhi,Rohini,"Biryani, Indian",,53,53,53,650,
Village Pizza,Delhi,NSP,Pizzas,,51,51,51,200,
Singh N Ching,Delhi,Paschim Vihar,"North, Indian, Tandoor, Biryani",,51,51,51,400,
Kiran's kitchen,Delhi,Rohini,"Indian, Chinese, Mughlai, Biryani, Punjabi",,55,55,55,400,
Cuoco,Delhi,Rohini,"Continental, Beverages, Italian, Fast, Food",,55,55,55,350,
Kaleva,Delhi,Rani Bagh,"Indian, Sweets, Street, Food",4.2,48,48,48,300,19.38350617
desi cafe,Delhi,Rohini,Indian,,51,51,51,300,
Taabartod Thali,Delhi,Rohini,"North, Indian, Thalis, Tandoor, Desserts",,55,55,55,200,
The Tangdi Club,Delhi,Rohini,"Indian, Tandoor, Biryani, North, Indian, Fast, Food, Mughlai, Snacks, Kebabs",,50,50,50,400,
FLAVOUR OF SPICES,Delhi,Rohini,"Mughlai, North, Indian, Chinese",,58,58,58,250,
MOMOS XPRESS,Delhi,Paschim Vihar,Chinese,3.9,50,50,50,300,11.87363751
CHULHA CHOWKA,Delhi,Rohini,"Chinese, North, Indian, Tandoor",,67,67,67,250,
Kuremal Mahavir Prasad Kulfi Wale - Kuremal Kulfi,Delhi,Pitam Pura,"Ice, Cream",3.9,45,45,45,200,11.87363751
PURPLE FOREST.,Delhi,Pitam Pura,"Bakery, Desserts",,61,61,61,300,
Chawla Kitchen,Delhi,Paschim Vihar,"Chinese, Mughlai, Indian, Snacks, Popular, Brand, Store, Fast, Food",3.8,48,48,48,500,23.62310318
NIRMAL VADA PAV,Delhi,NSP,"Street, Food, Fast, Food",,53,53,53,250,
KUREMAL KULFI,Delhi,NSP,"Desserts, Indian",,46,46,46,200,
Shake Square,Delhi,Pitam Pura,"Ice, Cream, Beverages, Fast, Food, Italian, Desserts",3.9,50,50,50,250,15.33411997
Grills And Buns,Delhi,Paschim Vihar,"Fast, Food, Snacks, Combo, Italian, Beverages, Continental",3.8,50,50,50,200,17.53745796
BANSAL SWEET SHOP,Delhi,NSP,"Sweets, Snacks",4.4,46,46,46,300,17.30003278
Roll City,Delhi,Pitam Pura,"Fast, Food",,56,56,56,300,
MMJ DELIGHTS,Delhi,Rohini,"Chinese, Fast, Food, Pizzas, Pastas, Indian",,58,58,58,400,
Slurppy- The Shake Factory,Delhi,Rohini,"Fast, Food, Italian, Beverages, Desserts, Continental, Pastas",,59,59,59,400,
CHINES HOT HUB,Delhi,Paschim Vihar,Chinese,,52,52,52,199,
Happy Hours(HR),Delhi,Rohini,Combo,,54,54,54,300,
HARIRAM SWEETS,Delhi,Rohini,Indian,3.7,47,47,47,200,11.26473302
Vikas Foods,Delhi,Pitam Pura,"North, Indian",4.3,47,47,47,400,16.90685022
Hong Kong Express,Delhi,Paschim Vihar,"Chinese, Thai",4.3,50,50,50,450,19.84501822
The Basil Box,Delhi,Paschim Vihar,"Italian, Pizzas, Salads",4,56,56,56,1000,12.17808975
Cheers Resto Bar,Delhi,Rohini,"North, Indian",,56,56,56,300,
Deem Seem,Delhi,Pitam Pura,"North, Indian",,54,54,54,20,
London Grill Co,Delhi,Paschim Vihar,"American, Healthy, Food, Fast, Food, Continental, Salads, Beverages, Desserts",4,50,50,50,500,27.63501912
Murg Express,Delhi,Rohini,"North, Indian",,57,57,57,300,
THE BHUKKAD CHOWK,Delhi,NSP,"Chinese, Beverages",,64,64,64,400,
CHINESE KITCHEN KING,Delhi,Rohini,"Chinese, Snacks, Tandoor",,58,58,58,150,
Singhs vada pav,Delhi,Pitam Pura,"Street, Food, Fast, Food, Snacks, North, Indian, Beverages",4.2,49,49,49,150,19.38350617
CHINESE BY NATURE,Delhi,Pitam Pura,"Chinese, Indian",3.2,53,53,53,100,12.58184202
Chinese Veg Crunch,Delhi,Sector 16 Rohini,"Chinese, Fast, Food",4,49,49,49,300,18.46048207
Second Wife,Delhi,Pitam Pura,"Fast, Food, Italian",,58,58,58,300,
Nine 11,Delhi,Rohini,"Indian, North, Indian",4.1,50,50,50,800,12.48254199
Moolchand Chur Chur Naan & Paratha Since 1979,Delhi,Rohini ,"North, Indian",,62,62,62,300,
The Pizza Club,Delhi,Pitam Pura,"Street, Food, Chinese, Pizzas, Beverages",,55,55,55,100,
Grand Peshawari,Delhi,Pitam Pura,"North, Indian, Mughlai",,59,59,59,400,
Bad Food,Delhi,Pitam Pura,"Italian, American, Beverages",,63,63,63,200,
Puratan Restaurant,Delhi,Rohini,"Chinese, North, Indian",,57,57,57,1000,
THE BURGER BISTRO,Delhi,Rohini,"American, Fast, Food, Beverages",,52,52,52,200,
Phulka Restaurant,Delhi,Rohini,"North, Indian, Tandoor, Punjabi, Chinese, Pizzas, Fast, Food, Salads, Desserts",3.8,52,52,52,200,11.56918526
Silver Apple,Delhi,Rohini,"Chaat, Indian, Beverages",,60,60,60,200,
The Tribbiani's Pizzeria,Delhi,NSP,"Pizzas, Italian, Beverages",,59,59,59,450,
Delhi Cart & Bakers By Radisson Blu,Delhi,Paschim Vihar,"Biryani, North, Indian, Punjabi, Oriental, Sweets, Desserts, Thai, Chinese, Mughlai",4.1,58,58,58,1000,12.48254199
Oro By Radisson Blu,Delhi,Paschim Vihar,Desserts,,58,58,58,1000,
Tea Lounge by Radisson Blu,Delhi,Paschim Vihar,Desserts,,56,56,56,1000,
Level 2 by Radisson Blu,Delhi,Paschim Vihar,Desserts,,56,56,56,1000,
Indyaki by Radisson Blu,Delhi,Paschim Vihar,Desserts,,58,58,58,1000,
Cupcakes by Radisson Blu,Delhi,Paschim Vihar,Desserts,,61,61,61,1000,
Haq Se Punjab,Delhi,Prashant Vihar Rohini,"North, Indian, Continental",4.3,61,61,61,300,13.09144648
Bobby Punjabi Rasoi,Delhi,Pitam Pura,"Indian, Mughlai, Chinese",4.2,53,53,53,300,19.38350617
The Godfathers Cafe,Delhi,Rohini,"Fast, Food, Beverages",,62,62,62,350,
Tandoori chubara,Delhi,Rohini,Tandoor,4.2,52,52,52,400,19.38350617
Castle's Barbeque,Delhi,Tilak Nagar,Chinese,,60,60,60,500,
Khan Chacha Hyderabadi,Delhi,Rohini ,"North, Indian",,61,61,61,300,
Lords of Shawarma (Pitampura),Delhi,Pitampura,"Lebanese, Chinese",3.1,51,51,51,200,14.3068736
Sanjha Chulha Since 1979,Delhi,Rohini,"North, Indian",,55,55,55,300,
Shahenshah Taste Me Baap,Delhi,Rohini,"North, Indian",,62,62,62,300,
Bonfire,Delhi,Rohini,"North, Indian",3.5,55,55,55,200,13.76138971
Bemisal Dharmender Hotel,Delhi,Rohini,"North, Indian, Chinese",,55,55,55,300,
Express Sanjha Chulha Pure Veg,Delhi,Rohini ,"Indian, Chinese",,63,63,63,300,
MDH Masala Legendry Since 1960,Delhi,Rohini ,"Indian, Snacks",,60,60,60,300,
Subway,Delhi,Prashant Vihar Rohini,"Fast, Food, Salads, Snacks, Desserts, Beverages",4.1,53,53,53,350,25.48808501
Super India Restaurant,Delhi,Rohini,"North, Indian",,56,56,56,300,
Sam Special All Chinese food,Delhi,Paschim Vihar,"Chinese, Fast, Food",,57,57,57,300,
PIZZA KING,Delhi,Rohini,"Fast, Food",4.2,61,61,61,300,12.78699424
NutrioBox,Delhi,Prashant Vihar Rohini,"Salads, Continental, Juices, Healthy, Food",4.2,51,51,51,450,26.10974562
DAWAT ART OF COOKING,Delhi,Rohini,"North, Indian",,55,55,55,250,
FOOD 2 GO,Delhi,Rohini,"North, Indian, Chinese",3.9,50,50,50,200,11.87363751
HOTELWATERFALL,Delhi,Paschim Vihar,"Indian, Chinese",,60,60,60,200,
Chotiwala -The Mouth Watering Food,Delhi,Rohini,"North, Indian, Biryani",,61,61,61,300,
Punjabi Zaika,Delhi,Pitam Pura,"North, Indian",4.3,52,52,52,350,19.84501822
Madras Cafe,Delhi,Rohini,"South, Indian",3.9,50,50,50,200,17.99897002
Kukki da Dhaba,Delhi,Rohini,"North, Indian",4.2,55,55,55,300,16.51366766
PizzaPastaBurger CoIn,Delhi,NSP,"Pizzas, Fast, Food",3.7,62,62,62,200,14.54775484
THE KABABS & CURRY,Delhi,Rohini,"Chinese, North, Indian",,56,56,56,300,
Hong's Kitchen,Delhi,Pitam Pura,"Chinese, Asian, Combo, Tibetan",3.8,56,56,56,250,17.53745796
Mikky Peshawari Chicken & Fish (Since 1998),Delhi,Pitampura,"North, Indian, Mughlai, Tandoor, Kebabs, Indian, Beverages, Biryani, Punjabi, Seafood, Afghani, Thalis, Combo, Snacks, Barbecue, Home, Food, Lucknowi",4,53,53,53,250,18.46048207
Hong's Momos,Delhi,Pitam Pura,"Chinese, Asian, Fast, Food, Combo, Tibetan",,64,64,64,200,
SUNNY BAKERY,Delhi,Paschim Vihar,"Bakery, Desserts",3.9,57,57,57,400,11.87363751
Cake 24 7,Delhi,Begampur,Bakery,,57,57,57,600,
The crispy bites,Delhi,Rohini,"Fast, Food",3.9,52,52,52,400,15.33411997
MUMMYS KITCHEN,Delhi,Sector -15,Biryani,,61,61,61,500,
Brown Munde,Delhi,Paschim Vihar,"Chinese, Italian, Snacks, Fast, Food",4.3,53,53,53,300,19.84501822
Cake All Time,Delhi,Rohini,"Bakery, Cafe",,56,56,56,200,
SGF - Spice Grill Flame (Paschim Vihar),Delhi,Paschim Vihar,"North, Indian, Fast, Food, Chinese",3.7,54,54,54,250,17.07594591
Cake 24x7,Delhi,Ashok Vihar,Bakery,,58,58,58,200,
Bombay Bar-be-que,Delhi,Prashant Vihar Rohini,Indian,4.2,57,57,57,400,19.38350617
Mims roll n biryani,Delhi,Rohini - Sector 16,Indian,,53,53,53,200,
Kakas food point,Delhi,Paschim Vihar,"Chinese, Fast, Food, North, Indian",4.6,57,57,57,300,14.00480321
Bombay Indianese Treat,Delhi,Rohini,Chinese,,61,61,61,300,
Zaika E Dilli 6,Delhi,Mukherjee Nagar,Mughlai,,53,53,53,300,
Kapoor Dhaba,Delhi,Peeragarhi camp,"North, Indian",3.6,50,50,50,200,10.96028078
Gourmet Ice Cream Cakes by Baskin Robbins,Delhi,NSP,"Desserts, Ice, Cream, Bakery",,58,58,58,300,
Shahi Naan Wala,Delhi,Paschim Vihar,"North, Indian, Fast, Food, Tandoor, Combo, Snacks",4.4,50,50,50,250,17.30003278
Sunny Fruit Juice and Shakes,Delhi,Paschim Vihar,Beverages,,50,50,50,300,
The Waffle Co,Delhi,Rohini,"Desserts, Beverages",4.3,54,54,54,300,16.90685022
Quality Cake Shop,Delhi,Paschim Vihar,"Desserts, Italian, Chinese, Beverages",4.1,58,58,58,250,12.48254199
deli 63,Delhi,Paschim Vihar,"Street, Food, Fast, Food",,60,60,60,400,
Five Star Dhaba,Delhi,Paschim Vihar,Punjabi,3.8,49,49,49,200,17.53745796
sayna Restaurant,Delhi,Paschim Vihar,"North, Indian",,65,65,65,150,
FOODIE DELIGHT,Delhi,Rohini,"Indian, Chinese, Combo",,55,55,55,350,
Subs n Shakes,Delhi,Pitam Pura,"American, Salads, Beverages, Mexican, Desserts, Chinese, Combo",3.5,56,56,56,250,13.76138971
Tandoori Chamcha,Delhi,Paschim Vihar,"North, Indian, Chinese, Mughlai, Desserts, Tandoor",3.8,53,53,53,300,17.53745796
Shudh Vaishno Shanker Dhaba,Delhi,Paschim Vihar,"North, Indian",4.2,48,48,48,300,19.38350617
Lakhan Pan,Delhi,Paschim Vihar,Juices,4.6,47,47,47,100,18.08639791
The Roll Point,Delhi,Paschim Vihar,"Fast, Food",,52,52,52,300,
Kabab hut,Delhi,Paschim Vihar,"Indian, Tandoor, Biryani",,49,49,49,300,
For God's Cake,Delhi,Paschim Vihar,"Bakery, Desserts, Beverages, Pizzas, Pastas, Snacks, Fast, Food, American",3.9,46,46,46,300,17.99897002
Jain Kulfi (Vikas Jain's),Delhi,Rohini,Desserts,4.1,51,51,51,100,12.48254199
Yellow Berries,Delhi,Begampur,"North, Indian, Bengali",,63,63,63,250,
Shahi chiken corner,Delhi,Rohini,Indian,,60,60,60,350,
Roll King,Delhi,Paschim Vihar,Indian,,57,57,57,300,
TANDOORI BITES,Delhi,Rohini,"Indian, North, Indian, Fast, Food",,58,58,58,500,
China Gate Fast Food,Delhi,NSP,Chinese,,63,63,63,250,
The Cake Mistri,Delhi,Paschim Vihar,"Snacks, Indian",,57,57,57,450,
Gurdass Man Dhaba,Delhi,Sector 15 Rohini,Indian,3.9,49,49,49,300,17.99897002
Sunil Momos.Com,Delhi,Paschim Vihar,"Fast, Food",3.3,52,52,52,300,15.22989771
Ghee and Turmeric,Delhi,Paschim Vihar,"North, Indian, Tandoor, Punjabi, Beverages, Desserts, Mughlai",4.1,55,55,55,500,16.12048509
Hot Spot Roll Corner,Delhi,Paschim Vihar,"Fast, Food",4.3,57,57,57,150,13.09144648
New Durga Dosa Corner,Delhi,Paschim Vihar,"South, Indian, Snacks, Fast, Food, Indian",4,51,51,51,150,18.46048207
Hill Chillz 26,Delhi,NSP,"Ice, Cream, Beverages",4.3,50,50,50,300,16.90685022
ALI- KARIM'S food,Delhi,Shakurpur,"Indian, Mughlai",2.8,59,59,59,300,8.524662826
Shakespeer,Delhi,Rohini,"Fast, Food, Pizzas, Beverages, Snacks",,62,62,62,300,
Oriental Mom,Delhi,Pitam Pura,"Asian, Chinese, Thai, Burmese",4.2,60,60,60,600,19.38350617
MADHUSHALA,Delhi,PITAMPURA,"Indian, Chinese",,60,60,60,600,
South Indian Corner,Delhi,Sector 15 Rohini,"South, Indian, Fast, Food",4,49,49,49,250,18.46048207
The special Cheeseyest Pizza,Delhi,Rohini,"Pizzas, Fast, Food",,60,60,60,200,
Calcutta Mithai,Delhi,Sri Nagar ,"Chaat, Sweets",4.2,57,57,57,200,16.51366766
Jai Shree Radhey Radhey Tiffin Service,Delhi,Rohini,Indian,,59,59,59,200,
Yamu's panchayat,Delhi,Paschim Vihar,"North, Indian, Desserts",4.5,50,50,50,400,17.69321535
Banke Bihari Restaurant,Delhi,Nangloi,"Street, Food, Desserts",3.6,54,54,54,300,16.61443386
PiFi Pizza,Delhi,Rohini,"Italian, Mexican, Beverages",3.8,57,57,57,350,11.56918526
Uncle Butter Omelette,Delhi,Rohini,Snacks,,61,61,61,250,
Sizzling GrillZ,Delhi,Rohini,Indian,,62,62,62,300,
JOSH,Delhi,Pitam Pura,"Indian, Chinese, Tandoor, Italian, Fast, Food",,64,64,64,400,
U.S BURGER POINT,Delhi,Rohini,"Continental, Italian, Fast, Food",,66,66,66,250,
,,,,,,,,,
,,,,,,,,,
Blue Water Grille,Delhi,Punjabi Bagh,"North, Indian, Chinese, Continental, Fast, Food",3.9,68,68,68,600,17.99897002
Everest Momos & Chinese Fast Food,Delhi,Punjabi Bagh,Chinese,3.9,64,64,64,200,17.99897002
CHAUBARA,Delhi,Punjabi Bagh,"Fast, Food, Snacks, Beverages",4.4,71,71,71,250,13.39589873
Mitthu Tikki Wala,Delhi,Shalimar Bagh,"Street, Food, Chinese",4.1,60,60,60,300,18.92199412
MOM'S KITCHEN,Delhi,Ashok Vihar,Indian,,69,69,69,249,
Fat Tiger,Delhi,NSP,"Pizzas, Chinese, Snacks, Beverages, American",5,73,73,73,300,15.22261219
Delicious Food,Delhi,Rajouri Garden,"Fast, Food, Chinese",,68,68,68,150,
THE DINEROOM,Delhi,Ramesh Nagar,"Chinese, Indian, Salads, South, Indian, Desserts",4.6,73,73,73,450,14.00480321
Quickey Snacks Corner,Delhi,Ashok Vihar,"Chinese, Snacks",,70,70,70,200,
Currchi,Delhi,Ramesh Nagar,"Chinese, North, Indian, Pastas",4.1,67,67,67,400,18.92199412
ANCIENT TAWA,Delhi,Punjabi Bagh,Indian,4.1,65,65,65,400,16.12048509
SFC Soya Chaap ( Shalimar Bagh),Delhi,Delhi,"Snacks, North, Indian, Chinese, Fast, Food, Indian, Kebabs",4.1,64,64,64,200,18.92199412
Mandarin Oak- The Heavenly Chinese,Delhi,Shalimar Bagh,"Chinese, Asian, Thai",4.2,72,72,72,350,16.51366766
Hamiz laziz foods,Delhi,Rajouri Garden,"Indian, Mughlai, Biryani, Tandoor, Kebabs",4.5,64,64,64,350,17.69321535
Nando's,Delhi,Ramesh Nagar,"Fast, Food, Portuguese, African, Grill, Salads",4.1,69,69,69,450,25.48808501
Shravana Cafe,Delhi,Shalimar Bagh,"South, Indian, Chinese",3.6,68,68,68,300,14.15457228
shalimar cafe  by amandeep pure veg ,Delhi,Shalimar Bagh,"Indian, Chinese, Italian",4.3,65,65,65,200,16.90685022
Madras Dosa & Chinese Corner (Shalimar Bagh),Delhi,Delhi,"South, Indian, Chinese, Italian, Beverages, Snacks",3.9,63,63,63,300,26.94414364
Chawla's (Shalimar Bagh),Delhi,Shalimar Bagh,"North, Indian, Chinese",4.2,64,64,64,400,16.51366766
Samose Wale,Delhi,Shalimar Bagh,Snacks,4.1,70,70,70,150,12.48254199
Curry Company,Delhi,Shalimar Bagh,"Mughlai, Chinese",,70,70,70,600,
KESHAV BAKERY,Delhi,Tagore Garden Extension,Bakery,,69,69,69,500,
FingerLickerz Bombaywala (Shalimar Bagh),Delhi,Shalimar Bagh,"Street, Food, Fast, Food, Maharashtrian, Indian, Snacks",4.2,63,63,63,150,19.38350617
Nori,Delhi,Punjabi Bagh,"Asian, Chinese, Burmese, Thai, Seafood",,69,69,69,800,
Tite Da Dhaba,Delhi,Tagore Garden Extension,"North, Indian",4.1,64,64,64,200,28.3258946
Spice Sea,Delhi,Shalimar Bagh,"North, Indian, Chinese",4.1,66,66,66,600,18.92199412
PARATHA UNIVERSE,Delhi,Vishnu Garden,"Chinese, Indian",,70,70,70,250,
Wok in the Clouds,Delhi,Central Markt Punjabi Bagh,"North, Indian, Chinese, Thai, Continental",4.5,72,72,72,1500,17.69321535
TANDOORI KINGDOM,Delhi,Punjabi Bagh,"North, Indian",,69,69,69,500,
The Pizza Dough,Delhi,Punjab Bagh,"Continental, American, Fast, Food, Italian, Mexican, Beverages",2.7,76,76,76,200,8.220210582
CHOOLAH (PURE VEG),Delhi,Ramesh Nagar,"North, Indian, Mughlai, Punjabi",3.6,73,73,73,200,10.96028078
M.k. Chinese Food,Delhi,Tri Nagar,Chinese,,72,72,72,450,
Wonder Bao,Delhi,Punjabi Bagh,"Chinese, Fast, Food, Pan-Asian",4.1,71,71,71,800,16.12048509
Grillz n gravy,Delhi,punjabi bagh,"Chinese, Mughlai, Indian",,69,69,69,500,
Shakespeare Cafe (Punjabi bagh),Delhi,Punjabi Bagh,"Indian, Tandoor, Chinese",,75,75,75,400,
PapaJi & Sons,Delhi,Ramesh Nagar,"Mughlai, Chinese, Continental, Indian, Italian",,78,78,78,250,
Kalaunji By Sticky Rice,Delhi,Punjabi Bagh,"North, Indian, Mughlai, Biryani, Desserts, Indian, Kebabs",4.4,72,72,72,800,17.30003278
Mirza,Delhi,Central Markt Punjabi Bagh,"North, Indian, Chinese, Biryani, Snacks, Chaat, Beverages",4,68,68,68,250,24.8664244
PRANAV KABAB,Delhi,Punjabi Bagh,"Indian, Chinese, Mughlai, Biryani",,71,71,71,600,
PAPAJII & SONS (PUNJABI BAGH),Delhi,Ramesh Nagar,"Indian, Chinese, Mughlai",3.8,71,71,71,250,14.9409374
Dimsum Vs Sushi,Delhi,Central Market Punjabi Bagh,"Japanese, Pan-Asian, Chinese",4,71,71,71,1100,18.46048207
The Pizza Pie,Delhi,Vishnu Garden,"Pizzas, Snacks, Italian, Beverages",,72,72,72,500,
Sethi Restaurant,Delhi,Vishnu Garden,"North, Indian",4,63,63,63,300,27.63501912
SK 2 pizza and burger,Delhi,PATEL  NAGAR,"Pizzas, Continental",,71,71,71,200,
Budget Bytes,Delhi,Vishnu Garden,"Chinese, Arabian, Fast, Food",3.9,76,76,76,150,11.87363751
Dashi - Dimsum & Sushi Bar,Delhi,Central Market Punjabi Bagh,"Japanese, Chinese, Pan-Asian, Sushi",4.3,65,65,65,1000,19.84501822
Aioli Bistro,Delhi,Punjabi Bagh,"Italian, Continental, Pizzas, Salads, Pastas, Desserts",4.2,65,65,65,1000,19.38350617
Sticky Rice,Delhi,Punjabi Bagh,"Pan-Asian, Asian, Chinese, Japanese, Sushi, Thai, Seafood, Desserts",4.3,71,71,71,1000,19.84501822
Cake@99,Delhi,Tagore Garden Extension,Bakery,,73,73,73,100,
gourmet tandoor,Delhi,Janakpuri,"Tandoor, Indian, Chinese, Continental",,79,79,79,150,
Uncle ji ka kitchen,Delhi,Paschim Vihar,"North, Indian, Thalis",,79,79,79,300,
Kafilla,Delhi,Tagore Garden Extension,"Tandoor, North, Indian, Chinese, Beverages",3.7,65,65,65,300,14.54775484
Khalsa Restaurant,Delhi,Krishna Park Tilak Nagar,"North, Indian, Chinese",4.1,73,73,73,300,25.48808501
Cake Factory,Delhi,Tagore Garden Extension,Bakery,,72,72,72,500,
Dashmesh Tiffin Service,Delhi,Tagore Garden Extension,"North, Indian, Beverages",,75,75,75,300,
CAKE WORLD,Delhi,Tagore Garden Extension,"Desserts, Snacks, Continental",,74,74,74,300,
Satguru Tiffin Service,Delhi,Tagore Garden Extension,"North, Indian, Chinese, Desserts, Fast, Food",3.5,73,73,73,200,10.65582853
Mama chicken,Delhi,KESHAV PURAM,"Chinese, North, Indian, Pastas, Snacks, Mughlai",,72,72,72,450,
Indi Fork,Delhi,Punjabi Bagh,"North, Indian",,70,70,70,1000,
Cake 24Ghante,Delhi,Tagore Garden Extension,Bakery,,70,70,70,500,
Radha Swami Chaap Wala,Delhi,Rajouri Garden,"North, Indian, Chinese, Tandoor",,76,76,76,300,
Sindhi Namkeen & More,Delhi,Kirti Nagar,"Indian, Gujarati",,68,68,68,200,
darbari swad,Delhi,Ashok Vihar,"Indian, Tandoor, Biryani",,74,74,74,400,
Rolls Mania,Delhi,Uttam Nagar,Beverages,3.6,75,75,75,200,10.96028078
Foodiz Dhaba,Delhi,Kirti Nagar,"Chinese, Indian",,73,73,73,300,
Daksh Rasoi,Delhi,Ashok Vihar,"North, Indian, Thalis, Combo",,75,75,75,500,
China Hot & Hot,Delhi,Tagore Garden Extension,"Chinese, Tandoor, Indian",3.7,66,66,66,200,17.07594591
Cake & Co.,Delhi,Tilak nagar,"South, Indian, Biryani, Desserts",,70,70,70,300,
Desi Mirch Masala,Delhi,Kirti Nagar,"Chinese, Fast, Food, Thalis",,72,72,72,150,
Andhra Kodi Pulao,Delhi,Tagore Garden Extension,"Biryani, North, Indian, Kebabs",4.3,67,67,67,350,13.09144648
Momos Corner,Delhi,Subhash Nagar Petrol Pump,"Chinese, Pan-Asian",4.2,70,70,70,300,26.10974562
Daryaganj - By the inventors of Butter Chicken and Dal Makhani,Delhi,Pacific Mall Subhash Nagar,"Indian, North, Indian, Mughlai, Kebabs, Biryani, Tandoor",4.2,76,76,76,1200,19.38350617
Chili's American Grill & Bar,Delhi,Tilak Nagar,"American, Salads, Mexican, Italian, Steakhouse",4.2,76,76,76,900,19.38350617
Amritsari Express,Delhi,Rajouri Garden,"North, Indian",,78,78,78,200,
THE BURGER COMPANY,Delhi,Janakpuri,"Fast, Food, Beverages",,78,78,78,300,
EatFit,Delhi,South West,"Healthy, Food, Pizzas, North, Indian, Thalis, Biryani",4.3,71,71,71,270,16.90685022
Budget Bite,Delhi,Moti Nagar,"Chinese, Snacks, Fast, Food",,74,74,74,300,
Haldiram's (Tilak Nagar),Delhi,Tilak Nagar,"Sweets, Desserts, North, Indian",4.4,76,76,76,450,30.39852103
Dunkin Donuts,Delhi,Tilak Nagar,"Desserts, Bakery, Beverages, Fast, Food, Combo",4.3,72,72,72,250,19.84501822
Muradabadi Biryani,Delhi,Block Gg1 Vikaspuri,"North, Indian",4,74,74,74,150,18.46048207
Musafir By Imly,Delhi,Tagore Garden Extension,"Indian, Chinese, Italian",4,73,73,73,400,15.72730253
Vanakkam Madras Cafe,Delhi,Vikaspuri,"South, Indian, Chinese",4.2,77,77,77,150,19.38350617
Empress Delhi,Delhi,Tagore Garden Extension,"Chinese, North, Indian, Continental",,78,78,78,800,
Street Foods By Punjab Grill,Delhi,Tilak Nagar,"North, Indian, Indian, Biryani, Punjabi, Fast, Food, Kebabs, Mughlai, Desserts",3.8,73,73,73,350,17.53745796
Imly,Delhi,Tagore Garden Extension,"Continental, South, Indian, Street, Food, Maharashtrian, Snacks, Mughlai, North, Indian, Thalis, Desserts, Beverages, Sweets",3.6,71,71,71,500,14.15457228
CLAY-1 GRILL,Delhi,Wazirpur Industrial Area,"Indian, Chinese, Mughlai, Seafood",4.1,77,77,77,400,18.92199412
Asia Seven,Delhi,Tilak Nagar,"Chinese, Asian, Pan-Asian, Snacks",3.9,75,75,75,350,15.33411997
Sardar Ji Family Restaurant (Raja Garden),Delhi,Tagore Garden Extension,"Punjabi, Chinese, North, Indian, Beverages, Tandoor, Kebabs, Indian, Fast, Food",4.2,73,73,73,300,19.38350617
Murthal Xpress,Delhi,Tagore Garden Extension,"North, Indian, Chaat, Thalis, Tandoor, Indian, Desserts",3.8,74,74,74,250,17.53745796
Guru Rakha (Karampura),Delhi,Karam Pura,"North, Indian, Mughlai, Chinese, Tandoor",4.3,65,65,65,500,19.84501822
Spicy Crave,Delhi,Rajouri Garden,Chinese,4,74,74,74,200,15.72730253
The thali station,Delhi,Tagore Garden Extension,"North, Indian, Punjabi, Desserts",3.8,79,79,79,200,11.56918526
Shudh Vaishno Hotel (Karam Pura),Delhi,Moti Nagar,Indian,4.3,63,63,63,400,19.84501822
Dilli Darbar,Delhi,Ashok Nagar,"Mughlai, Indian",3.6,70,70,70,300,10.96028078
Pa Pa Ya,Delhi,Rajouri Garden,"Japanese, Pan-Asian, Thai, Sushi, Chinese",4.1,76,76,76,800,18.92199412
Nathu's Sweets,Delhi,Tagore Garden Extension,"Sweets, Chinese, Desserts, North, Indian, South, Indian, Italian, Street, Food, Beverages, Indian, Fast, Food",3.7,73,73,73,200,25.56239268
Aggarwal sweets,Delhi,vikaspuri,"Snacks, Desserts",3.8,74,74,74,200,17.53745796
Aggarwal Standard Sweets,Delhi,Kg-Iii,"Sweets, Snacks",3.8,72,72,72,250,17.53745796
Louis Burger,Delhi,Rajouri Garden Extension,"American, Fast, Food",4.2,74,74,74,600,26.10974562
Nomad Pizza- Traveller Series,Delhi,Rajouri Garden,"Pizzas, Beverages, Continental",4.2,74,74,74,700,16.51366766
CHINESE FOOD NATION,Delhi,Moti Nagar,"Continental, Chinese",3.7,69,69,69,300,11.26473302
WOK ON FIRE,Delhi,Rajouri Garden,"Chinese, Thai, Asian",4.7,76,76,76,400,18.47958047
CHATTORE,Delhi,Moti nagar,"Chinese, Tandoor",,77,77,77,150,
Pizza Guyz By Hudson Chopsticks,Delhi,Rajouri Garden,Pizzas,4.5,79,79,79,700,13.70035097
Burgerama,Delhi,Rajouri Garden,"American, Fast, Food, Snacks, Beverages, Italian-American",4.3,70,70,70,600,26.73140623
The street bakers,Delhi,Moti Nagar,"Bakery, Chinese, Snacks",4.2,71,71,71,200,12.78699424
URBAN FOOD HOUSE,Delhi,Rajouri Garden,"Chinese, Continental, Fast, Food",,74,74,74,150,
Hira Lal Paan,Delhi,Rajouri Garden,"Paan, Beverages, Waffle",4.3,74,74,74,200,16.90685022
Fabcafe By FabIndia,Delhi,Rajouri Garden,"North, Indian, Healthy, Food, Biryani, Beverages",4.2,73,73,73,1000,19.38350617
 Kishori Lal Paan,Delhi,Rajouri Garden,"Paan, Beverages, Desserts",4.4,77,77,77,100,20.30653027
White Cub,Delhi,Rajouri Garden,"Ice, Cream",,78,78,78,200,
Mr Crust Bakers,Delhi,Rajouri Garden,"Bakery, Desserts",4.5,67,67,67,400,20.76804233
Tamba,Delhi,Rajouri Garden,"North, Indian, Mughlai, Biryani, Kebabs, Desserts",4,76,76,76,400,18.46048207
MURADABADI CHICKEN BIRYANI,Delhi,Moti Nagar,Biryani,,70,70,70,400,
NOTO - Healthy Ice Cream,Delhi,Rajouri Garden,"Ice, Cream",4.3,71,71,71,250,13.09144648
McDonald's,Hyderabad,Himayatnagar,"American, Fast, Food",4.2,33,33,33,400,29.01677007
Bawarchi,Hyderabad,New Nallakunta,"Biryani, Tandoor, Chinese, Indian, Desserts, Kebabs, Mughlai",3.9,27,27,27,300,35.92071743
Mehfil,Hyderabad,Narayanguda,"Biryani, Tandoor, Chinese, Indian, Kebabs, Desserts",3.9,25,25,25,300,35.92071743
KFC,Hyderabad,Lnt Mall Musarambagh,"American, Fast, Food, Snacks",4,35,35,35,400,27.63501912
Lucky Restaurant,Hyderabad,Chintal,"Biryani, Tandoor, Chinese, North, Indian, Desserts, Kebabs, Mughlai",4,38,38,38,300,36.84176147
Hotel Niagara,Hyderabad,Gowliguda,"Haleem, Arabian, Biryani, Tandoor, Chinese, Indian, Desserts, Kebabs, Mughlai",3.9,23,23,23,450,26.94414364
Shah Ghouse Cafe & Restaurant,Hyderabad,Hyderabad,"Biryani, Chinese, Tandoor, Mughlai, North, Indian",4.1,47,47,47,350,34.921312
Minerva Coffee Shop,Hyderabad,Himayatnagar,"South, Indian, North, Indian, Chinese",4.3,30,30,30,500,29.70764555
Grand Hotel,Hyderabad,Koti,"Biryani, Tandoor, Chinese, Indian, Kebabs, Desserts",4.1,24,24,24,300,37.7628055
Balaji Family Dhaba & Caterers,Hyderabad,New Nallakunta,"North, Indian, Chinese",3.9,33,33,33,450,26.94414364
4M Biryani House,Hyderabad,Kavadiguda,"Biryani, North, Indian, Chinese",4.1,41,41,41,250,37.7628055
Meridian Restaurant,Hyderabad,Punjagutta,"Biryani, Chinese, North, Indian, Kebabs",4.1,53,53,53,400,34.921312
Santosh Dhaba Exclusive,Hyderabad,Koti,"North, Indian, Biryani, Chinese, Italian, Mexican, Desserts",4.1,30,30,30,300,28.3258946
Cafe Bahar since 1973,Hyderabad,Himayath Nagar,"Mughlai, Biryani, Indian, Chinese, Tandoor",4,29,29,29,300,34.06957269
Imperial Multi-Cuisine Restaurant,Hyderabad,Redhills,"Biryani, Tandoor, North, Indian, Chinese, Kebabs, Mughlai",4,39,39,39,400,27.63501912
Lazzat Restaurant,Hyderabad,Yakutpura,"Biryani, North, Indian, Chinese, Fast, Food, Haleem",4,47,47,47,400,27.63501912
Cafe 555 & Aqeeq Restaurant,Hyderabad,Masab Tank,"Biryani, North, Indian, Chinese",3.9,46,46,46,300,33.21783337
Shree Santosh Family Dhaba,Hyderabad,Koti,"North, Indian, Chinese, Tandoor, Biryani, Beverages, Indian",3.8,31,31,31,200,26.25326816
Mandi King Arabian Restaurant,Hyderabad,New Malakpet,"Arabian, Tandoor, North, Indian, Chinese, Desserts",3.9,33,33,33,500,26.94414364
Hotel Shadab,Hyderabad,Ghansi Bazaar,"Biryani, North, Indian, Chinese, Kebabs",4.1,37,37,37,400,34.921312
Lucky Multicuisine Restaurant,Hyderabad,Somajiguda,"North, Indian, South, Indian, Tandoor, Biryani",3.9,51,51,51,350,26.94414364
New Astoria Restaurant,Hyderabad,New Nallakunta,"Chinese, Biryani",3.8,34,34,34,450,17.53745796
Prince Hotel,Hyderabad,Humayun Nagar,"Biryani, North, Indian, Tandoor",4,51,51,51,200,27.63501912
Al Akbar Fast Food,Hyderabad,Pathar Gatti,"Chinese, North, Indian",4.2,38,38,38,200,19.38350617
Pista House Bakery & Restaurant,Hyderabad,Moosarambagh,"North, Indian, Biryani, Tandoor, Chinese",4.1,42,42,42,300,28.3258946
Srikanya,Hyderabad,Punjagutta,"Andhra, Seafood",4.1,56,56,56,250,28.3258946
Master Chef Restaurant,Hyderabad,Uppal,"Chinese, Biryani, Mughlai, North, Indian",3.8,62,62,62,300,26.25326816
Papadams Blue,Hyderabad,Huda Complex,"Biryani, Chinese, Andhra, North, Indian, South, Indian, Tandoor",3.9,53,53,53,500,26.94414364
Al Rabea Al Arabi Cafeteria,Hyderabad,Santosh Nagar,"Lebanese, Arabian, Fast, Food",4.3,49,49,49,250,29.70764555
Kritunga Restaurant,Hyderabad,Somajiguda,"Biryani, Andhra, Rayalaseema, South, Indian, North, Indian, Chinese",4,52,52,52,500,27.63501912
Burger King,Hyderabad,New Malakpet,"American, Fast, Food",4.1,36,36,36,350,28.3258946
Kritunga Restaurant,Hyderabad,Kothapet,"Biryani, Andhra, Rayalaseema, South, Indian, North, Indian, Chinese",4,49,49,49,500,27.63501912
Capital Multi Cuisine Restaurant,Hyderabad,New Malakpet,"Haleem, Arabian, Biryani, Tandoor, Chinese, Indian, Desserts, Kebabs, Mughlai",3.8,33,33,33,500,32.36609405
CakeZone,Hyderabad,Narayanguda,"Desserts, Bakery, Sweets, Ice, Cream, Beverages, Juices, Bengali",4,30,30,30,200,27.63501912
Star Hotel,Hyderabad,Kavadiguda,"Hyderabadi, Mughlai, Biryani",3.4,41,41,41,300,23.48976625
Biryani Trip,Hyderabad,Nallakunta & Vidyanagar,Biryani,4.4,39,39,39,350,17.30003278
SHRI SANTOSH FAMILY DHABA,Hyderabad,Kothapet & Dilsukhnagar,"North, Indian, Chinese, Biryani",3.9,60,60,60,300,24.24476379
Shadab Go,Hyderabad,Banjara Hills,"North, Indian, Biryani, Chinese",4.1,68,68,68,500,28.3258946
Cream Stone,Hyderabad,Basheer Bagh,"Ice, Cream, Desserts, Beverages, Ice, Cream, Cakes",4.4,27,27,27,350,30.39852103
Hilton Restaurant,Hyderabad,Khairtabad,"North, Indian, Chinese, Biryani",4.2,47,47,47,300,29.01677007
Paradise Biryani,Hyderabad,Malakpet,"Biryani, North, Indian, Chinese",3.8,36,36,36,400,17.53745796
Istah - Shawarma and Biryani,Hyderabad,Himayath Nagar,"Arabian, Lebanese, Mediterranean, Biryani",4.4,27,27,27,250,30.39852103
Hotel Shubham Palace - Dhanturi Hospitality,Hyderabad,Sri Hanuman Nagar Colony,"Biryani, Chinese, South, Indian, North, Indian, Tandoor",3.9,65,65,65,300,26.94414364
Pista House,Hyderabad,New Nallakunta,"Bakery, Pizzas, Snacks, Desserts",4.3,30,30,30,200,29.70764555
NIC Natural Ice Creams,Hyderabad,Narayanguda,"Ice, Cream, Desserts",4.5,23,23,23,120,31.08939651
Chutneys,Hyderabad,Punjagutta,"North, Indian, Chinese, South, Indian",4.2,62,62,62,500,29.01677007
Nikhils hot&spice chinees fast food,Hyderabad,Kachiguda,Chinese,4,26,26,26,300,27.63501912
Spicy Hub,Hyderabad,Kothapet,"North, Indian, Chinese",4,51,51,51,500,27.63501912
Sarvi Restaurant,Hyderabad,Banjara Hills,"Biryani, Tandoor, Chinese, Indian, Desserts, Kebabs, Mughlai",4.1,56,56,56,400,34.921312
Hitex Santosh Family Dhaba,Hyderabad,Tarnaka,"North, Indian",3.7,68,68,68,300,23.00144257
Pista House Bakery,Hyderabad,Santoshnagar & Saidabad,"Italian, Ice, Cream, Beverages, Fast, Food, Continental",3.9,50,50,50,200,24.24476379
Pista House Restaurant,Hyderabad,Santoshnagar & Saidabad,"Tandoor, Indian, Chinese, Biryani, Beverages",4.1,48,48,48,500,25.48808501
Palamuru Grill,Hyderabad,Kothapet,"South, Indian, Kebabs, Biryani",4.1,63,63,63,600,28.3258946
Pista House Premium Lounge,Hyderabad,Charminar,"American, Fast, Food, Snacks",4.2,46,46,46,300,29.01677007
Milan Juice Centre,Hyderabad,Nampally,"Arabian, Juices",4,30,30,30,150,27.63501912
Rice Bowl,Hyderabad,Himayatnagar,"North, Indian, South, Indian",4,28,28,28,200,27.63501912
New Minerva Sweets,Hyderabad,Toli Chowki,"Sweets, Chaat, Desserts",4.3,62,62,62,250,29.70764555
Pizza Hut,Hyderabad,Kachiguda,Pizzas,,34,34,34,300,
Papaji-Da-Dhaba,Hyderabad,Amberpet,"North, Indian, Chinese, Tandoor",4,35,35,35,200,27.63501912
KRITUNGA RESTAURANT,Hyderabad,Tarnaka Nacharam & Malkajigiri,"Biryani, Rayalaseema, Andhra, South, Indian",3.7,59,59,59,500,23.00144257
BAKEWELL CAKE HOUSE,Hyderabad,Toli Chowki,"Bakery, Fast, Food, Pizzas, Sweets",4.1,66,66,66,100,18.92199412
Balaji Santosh Dhaba,Hyderabad,Kachiguda,"North, Indian, Chinese",4,27,27,27,350,24.8664244
N Village,Hyderabad,Bn Reddy Nagar,"North, Indian, Chinese, South, Indian, Biryani",4,60,60,60,700,24.8664244
Rambharose - Bhattad Ki Idli,Hyderabad,Narayanguda,"South, Indian",4.2,27,27,27,150,29.01677007
The Bowl Company,Hyderabad,Himayath Nagar,"Continental, Indian, Pan-Asian, Chinese, Beverages, Desserts",4.1,31,31,31,300,28.3258946
Sri Santosh Family Dhaba,Hyderabad,New Nallakunta,"Sweets, Fast, Food",4,38,38,38,100,18.46048207
Cafe Niloufer Classic,Hyderabad,Redhills,Bakery,4.5,35,35,35,150,31.08939651
A-1 Chicken Pakoda,Hyderabad,Dilsukhnagar,"Biryani, Chinese, Mughlai",4.1,41,41,41,250,25.48808501
Kinara Grand,Hyderabad,Kothapet,"North, Indian, Chinese, Biryani",3.9,58,58,58,750,26.94414364
Crystal Restaurant,Hyderabad,Himayatnagar,"Biryani, North, Indian, Chinese",3.9,34,34,34,350,26.94414364
Suruchi - The Family Restaurant,Hyderabad,Habsiguda,"Biryani, North, Indian, Chinese",4.2,58,58,58,500,26.10974562
BlueFox,Hyderabad,Himayatnagar,"Biryani, North, Indian, Chinese, Tandoor",4.1,36,36,36,800,28.3258946
Pista House Bakery,Hyderabad,Uppal,"Pizzas, Salads",4,63,63,63,200,24.8664244
Agra Sweets Banjara,Hyderabad,Masab Tank,"Sweets, Desserts, Chaat, Snacks, Beverages",4.3,46,46,46,250,29.70764555
Sri Raghavendra Tiffins,Hyderabad,Kachiguda,"South, Indian, Andhra",4.3,25,25,25,150,29.70764555
Pista House Bakery Kotla,Hyderabad,Charminar,"Fast, Food, Continental, Pizzas, Snacks",4.3,46,46,46,200,19.84501822
VNR Fresh Juice Center,Hyderabad,Narayanguda,"Beverages, Desserts",3.5,30,30,30,200,24.18064173
Mohammed's Shawarma,Hyderabad,Toli Chowki,Arabian,4,55,55,55,150,24.8664244
Hotel Sohail Waves,Hyderabad,Chanchalguda,"Arabian, Tandoor, Mughlai, Biryani, North, Indian",4.1,27,27,27,500,28.3258946
Sri Sai Raghavendra Udupi Veg,Hyderabad,Dilsukhnagar,"South, Indian, Juices, Ice, Cream",4.1,45,45,45,100,28.3258946
Pista House Restaurant,Hyderabad,Uppal,"Biryani, Chinese, Tandoor, Ice, Cream, Beverages",4,64,64,64,400,24.8664244
Cake D'licious,Hyderabad,Kothapet & Dilsukhnagar,"Bakery, Desserts",3.9,50,50,50,250,17.99897002
Balaji Family Dhaba,Hyderabad,Santosh Nagar,"Indian, Chinese, Punjabi, Jain",4.1,48,48,48,300,28.3258946
Habeeb's Fast Food,Hyderabad,Amberpet,"Fast, Food, Chinese, Mughlai",4.1,38,38,38,300,25.48808501
Sai Charan Dhaba,Hyderabad,Ghansi Bazaar,"North, Indian, Tandoor",4.1,44,44,44,300,18.92199412
Akson Restaurant,Hyderabad,Punjagutta,"North, Indian, Biryani, Kerala",4.3,53,53,53,250,29.70764555
Sri Raghavendra Udupi Veg,Hyderabad,Krishna Nagar Colony,"South, Indian",4,55,55,55,200,27.63501912
Surabhi Grand,Hyderabad,Amberpet,"Mughlai, North, Indian, Chinese, Seafood",4,45,45,45,300,24.8664244
Sri Balaji Family Dhaba,Hyderabad,Gudimalkapur,"North, Indian",3.9,50,50,50,300,17.99897002
Mandar Restaurant,Hyderabad,Toli Chowki,"North, Indian, Biryani, Chinese",4.1,59,59,59,500,28.3258946
Scoops,Hyderabad,Koti,"Ice, Cream, Desserts, Beverages",4.5,20,20,20,200,27.97472745
The Belgian Waffle Co.,Hyderabad,Himayatnagar,"Desserts, Beverages",4.4,39,39,39,200,27.35306684
Onesta,Hyderabad,Banjara Hills,"Italian, Desserts, Pizzas, American, Snacks",3.6,58,58,58,200,24.87151721
Kwality Wall s Frozen Dessert & Ice Cream Shop,Hyderabad,Himayath Nagar,"Ice, Cream, Desserts",,36,36,36,200,
Santosh Family Dhaba,Hyderabad,Himayath Nagar,"North, Indian, Biryani, Chinese, Tandoor, Indian",3.8,32,32,32,300,23.62310318
Rumaan Restaurant,Hyderabad,Madannapet Colony,"Biryani, Tandoor, North, Indian, Chinese, Kebabs, Mughlai",4,44,44,44,300,18.46048207
Andhra Gunpowder,Hyderabad,Tolichowki,Andhra,4.4,45,45,45,280,30.39852103
 Sahadeva Reddy's Biryani Durbar,Hyderabad,Kothapet & Dilsukhnagar,"Biryani, Chinese, Indian",4.1,45,45,45,250,16.12048509
Hotel Swagath Grand - Dhanturi group of Hotels,Hyderabad,Nagole,"Biryani, Chinese, South, Indian, North, Indian, Tandoor",3.9,67,67,67,300,26.94414364
The Thick Shake Factory,Hyderabad,Basheer Bagh,Beverages,4.3,27,27,27,250,19.84501822
Om Best Paratha,Hyderabad,New Malakpet,"North, Indian",4,37,37,37,200,27.63501912
KS Bakers,Hyderabad,Narayanguda,Bakery,3.9,27,27,27,250,17.99897002
Hotel Nakshatra Grand,Hyderabad,Kothapet,"North, Indian, Chinese, Biryani, South, Indian",3.8,52,52,52,350,17.53745796
Swiss Castle,Hyderabad,Himayath Nagar,"Bakery, Sweets, Desserts",4.6,28,28,28,500,21.22955438
A-1 Chicken Pakoda,Hyderabad,Gaddiannaram,"Biryani, Kebabs, Indian, Chinese, Mughlai, Fast, Food",4,40,40,40,250,27.63501912
Bombay Juice,Hyderabad,Koti,"Chaat, Chinese, Juices",4.2,26,26,26,200,26.10974562
Eagles Pizza,Hyderabad,Himayatnagar,Pizzas,3.7,32,32,32,150,23.00144257
Sri Balaji Family Dhaba - Ramkote,Hyderabad,Ramkote,"Punjabi, North, Indian, Chinese",4.1,26,26,26,200,28.3258946
Ice Magic,Hyderabad,Toli Chowki,Pizzas,4.5,68,68,68,250,20.76804233
Domino's Pizza,Hyderabad,Kachiguda,Pizzas,4.4,30,30,30,400,20.30653027
Alex's Kitchen,Hyderabad,Basheer Bagh,Chinese,4.2,39,39,39,350,26.10974562
Zomoz-The Momo Company,Hyderabad,Himayatnagar,"Fast, Food, Tibetan, Chinese",4.3,31,31,31,150,26.73140623
Tipsy Topsy,Hyderabad,Saidabad,"Chinese, Italian, Desserts, Bakery, Fast, Food",3.7,39,39,39,250,23.00144257
Subway,Hyderabad,Himayatnagar,"Fast, Food, Salads, Snacks, Desserts, Beverages",4.3,33,33,33,350,26.73140623
Sri Balaji Prithviraj Family Dhaba,Hyderabad,Narayanguda,"North, Indian, Chinese",3.9,29,29,29,400,26.94414364
Mr.Pulao,Hyderabad,Dilsukhnagar,"Andhra, South, Indian, Biryani",3.6,41,41,41,200,22.37978196
Green Treat,Hyderabad,Kothapet,"North, Indian, South, Indian",4.1,54,54,54,400,25.48808501
Lucky's Biryani House,Hyderabad,New Nallakunta,"Biryani, Chinese",4,38,38,38,400,18.46048207
Riyan Hotel,Hyderabad,Vijaya Nagar Colony,"Hyderabadi, Mughlai, Biryani, Indian, Chinese",3.5,35,35,35,300,24.18064173
Brista Restaurant,Hyderabad,Santoshnagar & Saidabad,"Biryani, North, Indian, Beverages, Desserts, Chinese",3.8,50,50,50,350,17.53745796
Tibbs Frankie,Hyderabad,Koti,Snacks,4.3,29,29,29,150,19.84501822
Hotel Shanthi Delux,Hyderabad,Amberpet,"South, Indian, North, Indian, Chinese",4.3,38,38,38,250,19.84501822
Subbayya Gari Hotel,Hyderabad,Old Malakpet,"South, Indian",4.1,29,29,29,300,28.3258946
Chickpet Donne Biryani House,Hyderabad,Narayanguda,Indian,3.7,28,28,28,400,17.07594591
Cake L'amore,Hyderabad,Himayatnagar,"Bakery, Beverages, Desserts",4.1,42,42,42,200,25.48808501
Azaan Bait Al Mandi,Hyderabad,Kavadiguda,Biryani,3.9,33,33,33,350,17.99897002
homely,Hyderabad,Kothapet & Dilsukhnagar,"Home, Food, South, Indian, North, Indian, Thalis",4.1,39,39,39,200,28.3258946
Jain Kitchen Pure Veg Restaurant,Hyderabad,Old Malakpet,"North, Indian, Jain, Chinese, Tandoor",4.1,38,38,38,200,18.92199412
Potful - Claypot Biryanis,Hyderabad,Kothapet & Dilsukhnagar,"Biryani, Kebabs, Mughlai, North, Indian",4,77,77,77,500,24.8664244
Karachi Bakery Banjara,Hyderabad,Banjara Hills,"Bakery, Pizzas, Snacks, Chinese, Italian, American, Sweets, Desserts, Beverages",4.1,56,56,56,200,28.3258946
Al Madina Mandi House,Hyderabad,Old Malakpet,"Biryani, Arabian, Fast, Food",3.9,34,34,34,400,17.99897002
Nakshatra Inn Multi Cuisine Restaurant,Hyderabad,Kothapet,"Biryani, Chinese, North, Indian, South, Indian",3.8,52,52,52,300,17.53745796
Karachi Bakery,Hyderabad,Old Malakpet,"Bakery, Pizzas, Fast, Food, Chinese, Italian, American, Sweets, Desserts, Beverages",4.2,38,38,38,400,19.38350617
New Sai kailash Dhaba,Hyderabad,Kothapet & Dilsukhnagar,"Chinese, Biryani, Combo",4.2,54,54,54,250,19.38350617
Mohammedia Shawarma,Hyderabad,Himayatnagar,"Arabian, Lebanese, Street, Food",3.8,31,31,31,300,17.53745796
Taj Mahal Hotel,Hyderabad,Narayanguda,"North, Indian, Chinese, South, Indian, Tandoor",4.2,32,32,32,300,29.01677007
Varalakshmi Tiffins,Hyderabad,Dilsukhnagar,"South, Indian",4.3,50,50,50,300,29.70764555
Lavish Corner,Hyderabad,Abids,"Chinese, Indian, Beverages, Snacks",3.9,29,29,29,120,17.99897002
Kabul Darbar,Hyderabad,Toli Chowki,"Afghani, Arabian, Indian, Tandoor",4.3,57,57,57,850,19.84501822
Balaji Dinesh Mithai bhandar,Hyderabad,Santosh Nagar,"Sweets, Snacks",4.1,46,46,46,200,18.92199412
Good Lands Restaurant,Hyderabad,Amberpet,"Biryani, North, Indian, South, Indian, Tandoor, Chinese",4.2,60,60,60,300,19.38350617
Govind Dosa,Hyderabad,Himayatnagar,"South, Indian",4.3,33,33,33,250,26.73140623
Chicha's,Hyderabad,Lakdikapul,"Biryani, Hyderabadi, Indian, Street, Food",3.8,40,40,40,200,23.62310318
Lassi corner Malakpet,Hyderabad,New Malakpet,Beverages,3.7,33,33,33,150,17.07594591
Khichdi Experiment,Hyderabad,Himayath Nagar,"Home, Food, Indian, Healthy, Food, North, Indian, Snacks, Maharashtrian, Sweets, South, Indian, Combo, Desserts, Beverages, Kebabs",4.3,32,32,32,250,19.84501822
Ohri's Cake Nation,Hyderabad,Adarsh Nagar,"Desserts, Bakery",4.3,31,31,31,600,19.84501822
Taj Mahal-Abids,Hyderabad,Koti,"North, Indian, Chinese, South, Indian",4.3,34,34,34,300,29.70764555
Natural Ice Cream,Hyderabad,Abids,"Ice, Cream",4.3,33,33,33,150,19.84501822
Almond House,Hyderabad,Himayatnagar,"Sweets, Desserts, Snacks",4.6,29,29,29,800,28.59638806
Al Arabian Shawarma,Hyderabad,New Mallepally,Arabian,4.2,35,35,35,150,16.51366766
Angaara,Hyderabad,Himayatnagar,"Indian, Chinese, Tandoor",3.9,33,33,33,250,17.99897002
Exotica,Hyderabad,Banjara Hills,"Indian, Chinese, North, Indian, Punjabi, Tandoor, Kebabs, Biryani, Seafood, Oriental, Desserts, Sweets, Beverages, Combo",4.5,65,65,65,1000,27.97472745
Haldirams,Hyderabad,Banjara Hills,"Snacks, Indian",4.3,63,63,63,200,26.73140623
Nrs Hotel Sanman,Hyderabad,Tarnaka,"South, Indian, North, Indian",4.1,57,57,57,150,28.3258946
Masqati Ice Cream,Hyderabad,Abids,"Ice, Cream, Pizzas, Desserts",4.3,31,31,31,300,19.84501822
Prince Restaurant,Hyderabad,Mehdipatnam,"Biryani, North, Indian, Tandoor, Hyderabadi, Kebabs, Chinese",3.9,52,52,52,200,26.94414364
Dwaraka Restaurant,Hyderabad,Khairtabad,"North, Indian, Chinese, South, Indian",4.2,37,37,37,250,29.01677007
Faasos,Hyderabad,Abids,"Combo, Snacks, Beverages, Desserts",4,37,37,37,200,15.72730253
Sri Radhe Chills and Thrills,Hyderabad,Koti,"Italian, Juices, Fast, Food",4.2,28,28,28,200,26.10974562
Sri Siddhartha Tiffins and Meals,Hyderabad,New Nallakunta,"Beverages, South, Indian",4.3,35,35,35,150,29.70764555
Haiku,Hyderabad,Banjara Hills,"Japanese, Asian, Thai",4.4,75,75,75,1500,20.30653027
Oven Story Pizza,Hyderabad,Abids,Pizzas,3.9,37,37,37,600,24.24476379
MR CHEF MANDI HOUSE,Hyderabad,L.B Nagar,Arabian,3.5,59,59,59,500,13.76138971
SHAWARMA STATION,Hyderabad,Santoshnagar & Saidabad,"Arabian, Lebanese",3.1,58,58,58,289,9.438019557
Bhagmati Biryani,Hyderabad,Amberpet,"Biryani, Telangana",3.6,41,41,41,250,16.61443386
Quik cakes.,Hyderabad,Kothapet,"Bakery, Desserts",,56,56,56,500,
Mandilicious,Hyderabad,Himayatnagar,"Arabian, Indian, Chinese",3.9,32,32,32,450,17.99897002
Gullu Dada's Biryani,Hyderabad,Abids,"Biryani, Hyderabadi, Desserts",3.8,27,27,27,500,14.9409374
Qaffeine Coffee by Ohri's,Hyderabad,Himayath Nagar,"Beverages, Desserts, Snacks",4.3,40,40,40,400,13.09144648
Flying Spaghetti Monster,Hyderabad,Banjara Hills,"Italian, Pizzas",4.3,76,76,76,1500,19.84501822
SV FOOD COURT,Hyderabad,Uppal,"Chinese, Biryani",,67,67,67,149,
Burgersuncle,Hyderabad,Charminar,"American, Italian, Indian",,50,50,50,300,
Zam Zam Arabian Mandi,Hyderabad,Old Malakpet,Arabian,3.7,37,37,37,300,11.26473302
SAAPAATU,Hyderabad,Hyderabad,"South, Indian, Indian",,34,34,34,250,
Ibaco,Hyderabad,Kachiguda,"Ice, Cream, Desserts",4.2,28,28,28,800,16.51366766
Gourmet Ice Cream Cakes by Baskin Robbins,Hyderabad,Himayath Nagar,"Desserts, Ice, Cream, Bakery",,32,32,32,300,
Frozen Bottle,Hyderabad,Himayatnagar,"Beverages, Ice, Cream, Desserts",3.8,32,32,32,250,17.53745796
Makers of Milkshakes,Hyderabad,Kachiguda,Beverages,4.3,27,27,27,300,16.90685022
Tasty byte,Hyderabad,Mehdipatnam,"Chinese, Italian, Beverages",,61,61,61,250,
A M SHAH HALEEM,Hyderabad,Kothapet & Dilsukhnagar,Indian,,33,33,33,500,
The Shawarma Spot,Hyderabad,Velly View Enclave,Continental,4,35,35,35,160,12.17808975
Zaika Bites,Hyderabad,Huda Complex,Indian,,57,57,57,300,
Chung Hua Estd 1983,Hyderabad,Kothapet & Dilshuknagar,"Chinese, Asian, Thai, Seafood, Singaporean",3.9,58,58,58,300,24.24476379
LunchBox,Hyderabad,Abids,"North, Indian, Punjabi, Combo, Biryani, Healthy, Food, Jain, Thalis, Indian, Mughlai, Desserts",4.1,36,36,36,200,18.92199412
Lassi Corner,Hyderabad,Kachiguda,"Hyderabadi, Desserts, Fast, Food",4.1,28,28,28,150,18.92199412
Sri Siddhi Vinayaka Tiffins and Meals,Hyderabad,Dilsukhnagar,"South, Indian",4.3,46,46,46,100,29.70764555
Kathmandu Momo,Hyderabad,Somajiguda,"Fast, Food",4.4,59,59,59,150,20.30653027
The Hyderabad Chicken Haleem,Hyderabad,Mehdipatnam,Haleem,3.2,53,53,53,150,9.742471801
The Just Biryani,Hyderabad,Khairtabad,"Chinese, South, Indian, North, Indian",4.3,54,54,54,200,13.09144648
Mithaiwala,Hyderabad,Kothapet,"Sweets, Desserts, Snacks, Chaat",4.3,47,47,47,400,26.73140623
Bowls Kitchen,Hyderabad,Sri Sai Tarun Enclave,"North, Indian, South, Indian",3.7,65,65,65,200,17.07594591
Hotel Rumaan,Hyderabad,Toli Chowki,"Biryani, Tandoor, North, Indian, Chinese, Kebabs, Mughlai",4.2,61,61,61,300,29.01677007
Sweet Truth - Cake and Desserts,Hyderabad,Abids,"Ice, Cream, Bakery, Desserts, Beverages",3.9,37,37,37,450,15.33411997
Lassi shop-IS Sadan Cross Road,Hyderabad,Saidabad,"Ice, Cream",4.1,41,41,41,100,12.48254199
Biryani Zone,Hyderabad,Uppal,"Biryani, Chinese, Indian, Snacks, Arabian, Combo",,69,69,69,280,
MS CRUNCHY BITES,Hyderabad,Santoshnagar & Saidabad,"Pizzas, Fast, Food, Beverages",,46,46,46,200,
G Pulla Reddy Sweets,Hyderabad,Abids,"Sweets, Desserts",4.4,31,31,31,300,20.30653027
Hyderabadish,Hyderabad,Nallakunta & Vidyanagar,"Indian, Biryani, Kebabs",4.2,45,45,45,300,12.78699424
EatFit,Hyderabad,Kothapet,"Healthy, Food, Pizzas, North, Indian, Thalis, Biryani",4,57,57,57,270,18.46048207
Hotel Mukrram,Hyderabad,Amberpet,Biryani,4.1,43,43,43,300,18.92199412
Fishland Express,Hyderabad,Banjara Hills,"Biryani, Chinese, South, Indian, North, Indian, Tandoor",3.8,61,61,61,350,23.62310318
Chai Point,Hyderabad,Banjara Hills,"Bakery, Combo, Beverages, Maharashtrian, Snacks, Street, Food, South, Indian, Punjabi, Fast, Food",4.2,57,57,57,150,26.10974562
Samosa Singh,Hyderabad,Himayatnagar,"Fast, Food, Snacks, North, Indian, Desserts, Beverages, Street, Food, Combo",4,37,37,37,100,24.8664244
4 Seasons,Hyderabad,Toli Chowki,"Mediterranean, Lebanese, Mughlai, North, Indian, Chinese, Salads",4.1,65,65,65,800,25.48808501
Hotel Sitara Grand - Dhanturi Group Of hotels,Hyderabad,Chandrapuri Colony,"Biryani, Chinese, South, Indian, North, Indian, Tandoor",3.8,70,70,70,300,26.25326816
Hotel City Diamond,Hyderabad,Mehdipatnam,"Biryani, Hyderabadi",4.3,43,43,43,300,26.73140623
Amaravathi Family Restaurant,Hyderabad,Nagole,"Indian, Chinese, Tandoor",4.1,69,69,69,500,25.48808501
Swathi mess and dhaba,Hyderabad,Jam Bagh,"Biryani, Chinese, Hyderabadi, North, Indian, Indian",3.9,31,31,31,200,24.24476379
Mr. Faddy,Hyderabad,Toli Chowki,American,4.2,65,65,65,300,29.01677007
Andhra Meals,Hyderabad,Mehdipatnam,"South, Indian",4,46,46,46,200,27.63501912
Mai Ki Rasoi,Hyderabad,Basheer Bagh,"North, Indian",4.5,32,32,32,200,31.08939651
Amantran Bengali Restaurant,Hyderabad,Himayatnagar,"Bengali, North, Indian, Chinese, Home, Food, Thalis, Beverages",4.1,41,41,41,200,18.92199412
La Pino'z Pizza,Hyderabad,Himayath Nagar,"Pizzas, Italian, Mexican, Desserts, Fast, Food, Snacks",4,33,33,33,400,24.8664244
Rayalaseema Ruchulu,Hyderabad,Redhills,"South, Indian, Biryani, Rayalaseema",4,39,39,39,450,24.8664244
Santosh Dhaba Jashan,Hyderabad,Koti,"North, Indian, Chinese, Italian",4.1,30,30,30,300,25.48808501
Spice 6 Global Dining,Hyderabad,Banjara Hills,"Indian, Fast, Food, Chinese, Arabian, Desserts",4.2,55,55,55,900,19.38350617
Meghacity,Hyderabad,Basheer Bagh,"North, Indian, Chinese",4.4,32,32,32,500,30.39852103
Sahara Bakers,Hyderabad,Himayatnagar,"Bakery, Pizzas",3.8,34,34,34,200,23.62310318
Dine Hill,Hyderabad,Masab Tank,"Arabian, Biryani, North, Indian, Chinese",4.1,49,49,49,400,25.48808501
Marrakesh,Hyderabad,Uppal,"Biryani, North, Indian, Arabian, Lebanese",3.8,72,72,72,300,17.53745796
Zyqa Restaurant,Hyderabad,Punjagutta,"North, Indian, Biryani, Chinese",4,55,55,55,200,24.8664244
Al Ibrahim hotel,Hyderabad,Nallakunta & Vidyanagar,Biryani,4.2,42,42,42,250,19.38350617
Manu s Kitchen,Hyderabad,Tarnaka Nacharam & Malkajigiri,"Chinese, Tandoor, Seafood, Biryani, Indian",4.1,68,68,68,500,18.92199412
Redaan Restaurant,Hyderabad,Madannapet Colony,"Chinese, Biryani, Kebabs, Haleem",3.8,41,41,41,250,26.25326816
Mandi @36,Hyderabad,Banjara Hills,"Arabian, Continental, Haleem",4.1,56,56,56,1000,25.48808501
Papadams Restaurant,Hyderabad,Huda Complex,"Biryani, Chinese, Andhra, North, Indian, South, Indian, Tandoor",3.8,54,54,54,500,26.25326816
Al - Akbar Fast Food Corner,Hyderabad,Moghalpura,"North, Indian, Chinese",4.2,45,45,45,200,26.10974562
HALEEM HOUSE,Hyderabad,Hakimpet,"North, Indian, Chinese, Biryani",3.9,64,64,64,200,17.99897002
Biryanis and More,Hyderabad,Somajiguda & Khairtabad,"Biryani, Chinese, Tandoor",3.9,49,49,49,350,17.99897002
The Kunafa Station,Hyderabad,Charminar,Desserts,3.9,39,39,39,300,17.99897002
Nandu Fresh Fruit Juice Centre,Hyderabad,Himayatnagar,Beverages,3.8,27,27,27,250,26.25326816
Al Saud Bait Al Mandi,Hyderabad,Nallakunta & Vidyanagar,Arabian,4,34,34,34,250,18.46048207
Ohri's Ming's Court,Hyderabad,Adarsh Nagar,Chinese,4,39,39,39,500,27.63501912
Itminaan Biryani - Dum Pukht,Hyderabad,Vidyanagar,"North, Indian, Biryani, Combo, Snacks",,39,39,39,250,
Shahji Ka Dhaba,Hyderabad,Lakdikapul,"North, Indian, Chinese",4.3,44,44,44,400,19.84501822
Hotel Suprabhat Multi Cuisine Restaurant,Hyderabad,Habsiguda ,"Chinese, Tandoor, North, Indian",4.1,62,62,62,400,25.48808501
Crispy Hub,Hyderabad,Zamistanpur,"American, Pizzas, Continental",3.8,41,41,41,250,17.53745796
Taco Bell,Hyderabad,New Malakpet,Mexican,3.8,37,37,37,300,23.62310318
Veggie Chinese,Hyderabad,Old Mla Quarters,Chinese,4,30,30,30,300,18.46048207
Veerji Ka Dhaba,Hyderabad,Kavadiguda,"North, Indian",4.1,39,39,39,200,18.92199412
Madhur Sweets,Hyderabad,Masab Tank,"Sweets, Desserts",4.4,42,42,42,250,30.39852103
Balaji Mithai Wala & Chat,Hyderabad,Santosh Nagar,Sweets,4,45,45,45,150,18.46048207
Behrouz Biryani,Hyderabad,Abids,"Biryani, Mughlai, Lucknowi, Hyderabadi, Kebabs, North, Indian, Persian, Desserts",3.8,36,36,36,500,17.53745796
Ghrelin - Cafe and Patisserie,Hyderabad,Basheer Bagh,"Desserts, Bakery",4.3,36,36,36,450,26.73140623
Bakers 'Q',Hyderabad,Amberpet,Bakery,4,44,44,44,300,18.46048207
Sahadeva Reddy's Chinese Kitchen,Hyderabad,Dilsukhnagar,"Chinese, Fast, Food",4,38,38,38,250,24.8664244
NalliBokka MuttonMukka,Hyderabad,Tarnaka Nacharam & Malkajigiri,"Indian, Chinese, Biryani",,67,67,67,500,
OKRA - Marriott,Hyderabad,Kavadiguda,"North, Indian, Chinese, Biryani",3.9,70,70,70,1000,24.24476379
AB's-Absolute Barbecues,Hyderabad,Banjara Hills,"Barbecue, Biryani, Chinese",3.5,70,70,70,500,13.76138971
UBQ by Barbeque Nation,Hyderabad,Banjara Hills,"North, Indian, Chinese, Biryani",3.7,57,57,57,300,23.00144257
star santosh Dhaba,Hyderabad,Himayath Nagar,"North, Indian, Biryani, Chinese, Indian, Tandoor",3.4,32,32,32,300,10.35137629
Skypark Cafe,Hyderabad,Banjara Hills,"Cafe, Chinese, Continental",4,61,61,61,500,24.8664244
The Biryani Experiment,Hyderabad,Himayath Nagar,"Biryani, Hyderabadi, Indian, Kebabs, North, Indian, South, Indian, Andhra, Afghani, Combo, Desserts, Beverages, Punjabi, Kerala, Sweets, Arabian, Lucknowi, Parsi, Tandoor",3.5,37,37,37,250,10.65582853
1441 Pizzeria,Hyderabad,Narayanguda,"Italian, Pizzas, Pastas, Desserts, Beverages",4.1,33,33,33,400,25.48808501
Chef Inam's Steak House,Hyderabad,Banjara Hills,"Steakhouse, American",4.2,69,69,69,1200,19.38350617
Agrawala Sweets,Hyderabad,Abids,"Sweets, Fast, Food",4.3,27,27,27,250,19.84501822
Chinese Pavilion,Hyderabad,Punjagutta,"Chinese, Seafood",4.3,64,64,64,850,26.73140623
Indira Darshini,Hyderabad,Khairtabad,"Chinese, South, Indian, Fast, Food, Hyderabadi",4.1,49,49,49,200,25.48808501
Sri Raghavendra Curry Express,Hyderabad,New Nallakunta,"South, Indian, Andhra",4.3,29,29,29,200,29.70764555
The Bhimavaram Boys,Hyderabad,Narayanguda,"South, Indian",3.7,33,33,33,300,23.00144257
Tasty Dragon - Chinese Kitchen,Hyderabad,Nacharam,Chinese,4.2,66,66,66,200,19.38350617
Shiva Sai Reddy Sweets & Chat,Hyderabad,Sai Nagar,Sweets,4.4,60,60,60,200,27.35306684
Dadu's Mithai Vatika,Hyderabad,Himayatnagar,"Sweets, Street, Food, Snacks, Chaat, Bakery",4.4,34,34,34,250,27.35306684
Hotel Indu Deluxe,Hyderabad,Khairtabad,"South, Indian, Biryani",4.9,44,44,44,400,14.91815994
Huber & Holly,Hyderabad,Himayatnagar,"Pizzas, Beverages, Desserts, Ice, Cream, Italian, Pastas",4.2,28,28,28,500,19.38350617
Keshav Reddy Sweets,Hyderabad,Banjara Hills,"Sweets, Bakery, Desserts, Fast, Food, Street, Food, Chaat",4.2,65,65,65,150,26.10974562
Rammy Fast Food,Hyderabad,Adikmet,"Fast, Food",4,35,35,35,200,18.46048207
Barbeque Nation,Hyderabad,Kiran Nagar,"North, Indian, Chinese, Biryani",3.4,60,60,60,600,15.69140976
Mini Punjab,Hyderabad,Abids,"South, Indian, North, Indian, Chinese, Punjabi",3.7,35,35,35,400,23.00144257
Sri Narsing Bhelpuri & Pav Bhaji (Himayathnagar),Hyderabad,Adarsh Nagar,"Chaat, Italian",4.1,35,35,35,150,18.92199412
Balaji Vishnu Sweet House,Hyderabad,Abids & Koti,Sweets,,29,29,29,150,
bake and beans,Hyderabad,Himayath Nagar,"Snacks, American, Pizzas, Pastas, Beverages",,36,36,36,400,
NEW HANDI BIRYANI,Hyderabad,Kachiguda,"Chinese, Biryani, Kebabs, South, Indian, Beverages",3.9,29,29,29,200,11.87363751
Cheesiaano pizza,Hyderabad,Himayatnagar,"Italian, Pizzas",4,34,34,34,300,18.46048207
Hotel Azizia,Hyderabad,Lakdikapul,"North, Indian, Biryani, Chinese",3.9,31,31,31,300,15.33411997
Panda Momos,Hyderabad,Himayath Nagar,Chinese,,39,39,39,250,
THE MAHBOOB BIRYANI,Hyderabad,Charminar,Biryani,,38,38,38,1500,
Kamat Hotel,Hyderabad,Khairtabad,"North, Indian, South, Indian, Fast, Food",4.3,37,37,37,500,29.70764555
Bombay Kulfis,Hyderabad,Himayatnagar,"Ice, Cream",4.4,29,29,29,100,13.39589873
Roll Zone,Hyderabad,Himayatnagar,"Snacks, Fast, Food",4.1,31,31,31,150,16.12048509
COMBO STORIES BY 10D EXPRESS,Hyderabad,Banjara Hills,"Chinese, Indian, Thalis, North, Indian, Pan-Asian, Oriental, Kebabs, Tandoor, Fast, Food, Desserts, Asian, Combo, Grill, Hyderabadi, Lucknowi, Mughlai, Bowl, Company, Keventers, &, more",4.1,66,66,66,200,12.48254199
Ohri's Uppu,Hyderabad,Banjara Hills,"Andhra, South, Indian",3,68,68,68,400,9.133567313
Viyaala Vaari Vindhu,Hyderabad,Kothapet,"South, Indian",4,58,58,58,300,15.72730253
Roosterville,Hyderabad,Vijay Nagar Colony,Indian,3.7,68,68,68,200,17.07594591
RUSHTY REATAURANT CHAT SANDWICH AND JUICE,Hyderabad,Kavadiguda,"Fast, Food, Beverages, Juices",,51,51,51,150,
Deccan Chef,Hyderabad,Himayath Nagar,Indian,,34,34,34,150,
Apsara Ice Creams,Hyderabad,Himayatnagar,"Ice, Cream, Desserts",4.3,33,33,33,150,16.90685022
Pizza Stories,Hyderabad,Ramnas Pura,Pizzas,,59,59,59,350,
YS Mandi,Hyderabad,Kothapet & Dilsukhnagar,"Arabian, Kebabs, Biryani",,44,44,44,400,
Tasty Inn Hyderabadi Biryani,Hyderabad,Nallakunta & Vidyanagar,"Biryani, Indian, Chinese, Seafood",,43,43,43,250,
Sindhura East Court,Hyderabad,Jyothi Nagar,"North, Indian, Chinese, South, Indian, Tandoor",3.7,65,65,65,300,11.26473302
Healing Rice Bowls,Hyderabad,Banjara Hills,"North, Indian",3.3,70,70,70,200,10.04692404
EMI Burger,Hyderabad,Nallakunta & Vidyanagar,"Snacks, Beverages, Fast, Food",,45,45,45,400,
Express Cafe by Holiday Inn Express,Hyderabad,Khairtabad,"Indian, Chinese",,67,67,67,800,
Radhe Family Dhaba,Hyderabad,Nallakunta & Vidyanagar,"Indian, Chinese",,41,41,41,300,
WarmOven Cake & Desserts,Hyderabad,Banjara Hills,"Bakery, Desserts, Ice, Cream",4.2,64,64,64,200,26.10974562
Chickn Wickn,Hyderabad,Banjara Hills,"North, Indian, Chinese, Biryani",3.9,61,61,61,200,11.87363751
IQBATAN Restaurant,Hyderabad,Banjara Hills,"Arabian, Mughlai, Indian",,57,57,57,500,
Sri Shagun Mithai Vatika,Hyderabad,Himayatnagar,"Desserts, Sweets",4.3,34,34,34,200,13.09144648
WAHH CHAAP,Hyderabad,Himayath Nagar,"North, Indian, Biryani",4.1,31,31,31,300,25.48808501
The Dessert Zone,Hyderabad,Banjara Hills,"Bakery, Desserts, Ice, Cream, Beverages",4.1,63,63,63,300,18.92199412
The Indiway,Hyderabad,Koti,"North, Indian, Biryani, Mughlai, Tandoor, Snacks",4.1,41,41,41,500,18.92199412
KHILJIS CASTLE,Hyderabad,Tolichowki,"Arabian, Snacks, Fast, Food",,78,78,78,250,
The Cheese Lovers,Hyderabad,Nallakunta & Vidyanagar,"Pizzas, Beverages, Fast, Food",,43,43,43,280,
FIPOLA GRILL HOUSE,Hyderabad,Kothapet & Dilsukhnagar,"Seafood, Snacks, Grill",,65,65,65,400,
The Shawarma Daddy,Hyderabad,Himayath Nagar,"Arabian, Continental, Snacks",2.2,44,44,44,150,8.650016392
Blenders & Coolers,Hyderabad,Banjara Hills,"Beverages, Juices",,69,69,69,600,
Best Pasta,Hyderabad,Banjara Hills,Pastas,,69,69,69,600,
Bhaijaan's Avenue,Hyderabad,Kothapet & Dilsukhnagar,"North, Indian, Seafood, Indian",,32,32,32,280,
K&C Bakers &confectioners,Hyderabad,Narayanguda,Bakery,4,30,30,30,200,18.46048207
Thin Wrap Pizza Co,Hyderabad,Nallakunta & Vidyanagar,Pizzas,,43,43,43,400,
Thaaliyan by Phulkaas,Hyderabad,Nallakunta & Vidyanagar,"Indian, Mughlai",3.8,38,38,38,200,17.53745796
Phulkaas,Hyderabad,Hyderabad,"North, Indian",3.8,40,40,40,200,17.53745796
Golden Bistro,Hyderabad,Himayath Nagar,"Chinese, Fast, Food",,40,40,40,250,
MATAAM AL JAZIRAH,Hyderabad,Nampally,"Desserts, Arabian, Beverages",4.2,36,36,36,300,16.51366766
Jenny's Brownies,Hyderabad,Narayanguda,"Desserts, Beverages",3.2,32,32,32,300,9.742471801
Momo Monk,Hyderabad,Nallakunta & Vidyanagar,"Chinese, Snacks",,39,39,39,180,
De' Cafe Studio,Hyderabad,Malakpet,"Continental, American, Italian",3.4,39,39,39,300,10.35137629
Miami Shakes & More,Hyderabad,Narayanguda,"Beverages, Desserts",3,31,31,31,300,13.84536155
Deluxe Marhaba,Hyderabad,Pathar Gatti,"Arabian, Biryani, Chinese",3,39,39,39,300,9.133567313
The Royal Palace,Hyderabad,Malakpet,"Chinese, Mughlai, Tandoor, Biryani",3.9,36,36,36,300,17.99897002
Snack House,Hyderabad,Nallakunta & Vidyanagar,"Fast, Food, Snacks",4.9,39,39,39,180,14.91815994
Paratha Envy,Hyderabad,Nallakunta & Vidyanagar,"North, Indian",,40,40,40,280,
CRUMBLED CHEESE,Hyderabad,Himayath Nagar,"Italian, Beverages, Pizzas, Pastas, Desserts, Mexican",4.3,39,39,39,350,16.90685022
Makhani Pizzeria,Hyderabad,Nallakunta & Vidyanagar,Pizzas,,40,40,40,450,
Barista,Hyderabad,Khairtabad,"Beverages, Snacks",,58,58,58,350,
MADHOUSE PIZZAS AND THICHSHAKES,Hyderabad,Kothapet & Dilsukhnagar,"Beverages, Juices, Salads",,52,52,52,300,
Andhra Meals and rolls Zone,Hyderabad,MEHDIPATNAM,"South, Indian, Indian",,54,54,54,200,
Eggasm,Hyderabad,Himayath Nagar,"Chinese, Indian",4,28,28,28,200,12.17808975
Eat Neat,Hyderabad,Nallakunta & Vidyanagar,"Fast, Food, Lebanese, Continental, Healthy, Food",4.2,41,41,41,200,19.38350617
DESTINO RE DEFINED,Hyderabad,Kothapet & Dilsukhnagar,"Chinese, Indian, Biryani",,49,49,49,250,
ASTORIA RESTAURANT,Hyderabad,Khairtabad,"Biryani, Chinese, Indian",3.7,40,40,40,300,11.26473302
Sundae Everyday Ice Cream,Hyderabad,Banjara Hills,"Desserts, Ice, Cream",3.9,64,64,64,200,15.33411997
Goli Soda,Hyderabad,Himayatnagar,"Beverages, Desserts",4.1,33,33,33,100,18.92199412
Sandwich Bristo,Hyderabad,Nallakunta & Vidyanagar,"European, Snacks, Fast, Food",,45,45,45,250,
Dairy Den,Hyderabad,Khilwat,"Desserts, Ice, Cream, Beverages",3.5,51,51,51,200,10.65582853
I LOVE COMBOS,Hyderabad,Nallakunta & Vidyanagar,"Continental, Pizzas, Beverages, Fast, Food",,43,43,43,300,
GOLDEN DRAGON,Hyderabad,Kothapet & Dilsukhnagar,"Fast, Food",,57,57,57,150,
Meals101,Hyderabad,Banjara Hills,"Chinese, North, Indian, Desserts, Beverages",4,52,52,52,350,18.46048207
Trupthi Deluxe Mess,Hyderabad,Himayatnagar,"South, Indian",3.5,35,35,35,200,10.65582853
The Joint Shawarma,Hyderabad,Himayath Nagar,Indian,4,32,32,32,400,12.17808975
Hotel Mansingh,Hyderabad,Feelkhana,"North, Indian, South, Indian, Chinese",4,38,38,38,250,12.17808975
Amaravathi Restaurant,Hyderabad,Bn Reddy Nagar,"North, Indian, Chinese",4,63,63,63,400,15.72730253
Royal fast food,Hyderabad,Kothapet,Chinese,4,58,58,58,150,12.17808975
Hard Rock Cafe Hyderabad,Hyderabad,Banjara Hills,"American, Continental, Indian",4,66,66,66,900,18.46048207
PENANG,Hyderabad,Koti,"Asian, Chinese, Thai",4,35,35,35,500,24.8664244
Food zone 2,Hyderabad,Murad Nagar,"Mughlai, Chinese, Tandoor",4,46,46,46,300,24.8664244
Al-Tazaj Fried Chicken,Hyderabad,Nampally,"Italian, Beverages, Fast, Food",4,51,51,51,200,12.17808975
R R FAST FOOD,Hyderabad,Habsiguda,Chinese,3.2,53,53,53,150,9.742471801
Great Bakers,Hyderabad,Toli Chowki,"Italian, Pizzas, Pastas, Indian, Desserts, American",4.1,76,76,76,300,16.12048509
Hasrat Catering India,Hyderabad,Kothapet & Dilsukhnagar,Indian,,46,46,46,300,
The burger chefs,Hyderabad,Kothapet,"Pizzas, Fast, Food, Beverages",,67,67,67,500,
House Of Milkshake,Hyderabad,Charminar,"Ice, Cream, Beverages, Fast, Food",4.1,39,39,39,200,18.92199412
Corner Bowls,Hyderabad,Kothapet,"Indian, Italian, Fast, Food",3.1,62,62,62,200,9.438019557
Waffle Studio,Hyderabad,Himayatnagar,"Snacks, Indian",3.6,36,36,36,300,16.61443386
Masqati True Juice,Hyderabad,Yakhutpura,"Juices, Chaat, Beverages, Desserts",4,49,49,49,200,18.46048207
Cranky Fried Chicken,Hyderabad,Nallakunta & Vidyanagar,"Pizzas, Combo, Beverages",,42,42,42,300,
Shahi Rasoi Multicuisine family Restaurant,Hyderabad,Banjara Hills,"Biryani, Desserts, Grill",4.1,50,50,50,750,16.12048509
All About Garlic Bread,Hyderabad,Nallakunta & Vidyanagar,"Fast, Food",,43,43,43,300,
Nasheman Hotel  Altaf Bakery,Hyderabad,Banjara Hills,"Hyderabadi, Tandoor, Kebabs, Grill, Biryani",4.1,50,50,50,500,16.12048509
Devikas Kitchen - Multi Cuisine,Hyderabad,Saidabad,"Indian, Fast, Food, Snacks",,52,52,52,500,
Surprise India - Cakes & Desserts,Hyderabad,Tolichowki,Desserts,,56,56,56,300,
MUDDAPAPPU AVAKAI.COM,Hyderabad,Himayatnagar,"South, Indian",3.9,31,31,31,300,17.99897002
BOX8 - Desi Meals,Hyderabad,Vidyanagar,"North, Indian, Biryani, Combo, Snacks",3.7,38,38,38,250,14.54775484
Barcenos Pizza,Hyderabad,Himayatnagar,"Pizzas, Beverages",3.8,33,33,33,300,11.56918526
Nice Tiffins,Hyderabad,Kavadiguda,"South, Indian",4.1,41,41,41,200,12.48254199
Stikstof,Hyderabad,Himayatnagar,"Ice, Cream",,49,49,49,500,
Roll It Up,Hyderabad,Himayath Nagar,"Fast, Food, Snacks, Italian, Chinese, Beverages",3.2,32,32,32,300,9.742471801
FALAK RESTAURANT AND BANQUET HALL,Hyderabad,asif nagar,"Biryani, Chinese, Mughlai",,49,49,49,250,
Palace Heights,Hyderabad,Koti,"North, Indian, Chinese, Biryani, Continental, Mughlai",3.8,44,44,44,1700,14.9409374
MADHUBAN GRAND,Hyderabad,Kothapet & Dilsukhnagar,"North, Indian, Chinese, Biryani, Snacks, Fast, Food, Indian, Seafood",3.7,51,51,51,350,11.26473302
Oh! Punjab,Hyderabad,Banjara Hills,"Punjabi, North, Indian, Chinese",4.3,75,75,75,300,16.90685022
Jashan Juice and Pizza one,Hyderabad,Feelkhana,"Beverages, Juices",4.2,32,32,32,150,19.38350617
MEGHANA TIFFIN CENTER,Hyderabad,Chanakyapuri,"South, Indian",4.3,64,64,64,50,26.73140623
Keventers - Milkshakes and Desserts,Hyderabad,Banjara Hills,"Beverages, Ice, Cream, Desserts, Healthy, Food",4,62,62,62,300,15.72730253
SPICY PUNJABI THALIS,Hyderabad,Punjagutta,Punjabi,3.6,64,64,64,400,10.96028078
ZEST KITCHEN,Hyderabad,Kothapet,"Indian, North, Indian, Chinese, Biryani, Tandoor",3.7,63,63,63,250,17.07594591
Southern Flavours,Hyderabad,Himayath Nagar,"South, Indian, Beverages, Indian",4.1,41,41,41,350,12.48254199
Hottie And Spicy Chat And Juices,Hyderabad,Mehdipatnam,"Snacks, Beverages",4.4,55,55,55,200,13.39589873
Sri Sweets & Savories,Hyderabad,Kothapet,Sweets,4.1,53,53,53,300,12.48254199
TANISI MULTICUISINE RESTAURANT,Hyderabad,Begumpet,"Indian, Chinese, Biryani, Continental",,58,58,58,300,
Dragon Society,Hyderabad,Himayath Nagar,"Chinese, South, Indian, North, Indian, Fast, Food",3.8,34,34,34,200,14.9409374
Salt & Pepper-The Central Court Hotel,Hyderabad,Khairtabad,"North, Indian, Chinese, Continental, Seafood",,44,44,44,250,
Ciro's Pizzeria,Hyderabad,Banjara Hills,"Pizzas, Italian, Continental, American, Desserts",3.9,64,64,64,1000,17.99897002
Break The Bread-Sandwiches and Burgers,Hyderabad,Himayath Nagar,"Healthy, Food",3.6,35,35,35,200,10.96028078
CZARS PIZZA,Hyderabad,Kothapet & Dilsukhnagar,"Italian, Beverages, Pizzas, Snacks",,55,55,55,400,
Leos Kitchen,Hyderabad,Brindavan Colony,"South, Indian, North, Indian",,71,71,71,350,
Sarvi Bakery,Hyderabad,Banjara Hills,"Desserts, Fast, Food, Bakery",4.1,58,58,58,250,18.92199412
Bake Zone Bakery&Lounge,Hyderabad,Himayath Nagar,"Desserts, Fast, Food",,40,40,40,300,
RAHMANIA CHAT CORNER,Hyderabad,Kothapet & Dilsukhnagar,"Indian, Street, Food",,49,49,49,200,
Sivarama reddy sweets,Hyderabad,Kothapet,Sweets,4.3,48,48,48,500,19.84501822
Sahib Sindh Sultan,Hyderabad,Banjara Hills,"North, Indian, Biryani",4.2,66,66,66,1000,16.51366766
Ohri's Eatmor,Hyderabad,Adarsh Nagar,"Ice, Cream, Beverages, Desserts, Chaat, Italian",4.2,37,37,37,600,26.10974562
Zafar's Fine Dine,Hyderabad,Toli Chowki,"Arabian, Mughlai, North, Indian",4,61,61,61,400,18.46048207
Wok 21 Chinese,Hyderabad,Dilsukhnagar,"Chinese, North, Indian",3.8,46,46,46,400,11.56918526
a bleu basil,Hyderabad,Himayatnagar,Indian,4.1,36,36,36,700,18.92199412
Vijaya Mirchi Point,Hyderabad,Khairtabad,"Street, Food, Indian, South, Indian, Snacks",4,49,49,49,100,15.72730253
Super Naturals,Hyderabad,Bhavani Nagar Uppal - Hyderabad,Beverages,,74,74,74,250,
Gully Lounge,Hyderabad,Kothapet & Dilsukhnagar,"Chinese, South, Indian, Biryani, Juices, Beverages, Ice, Cream",,67,67,67,493,
LASSI N CAFE,Hyderabad,Nallakunta & Vidyanagar,"Beverages, Fast, Food",,40,40,40,200,
AMERICAN BAKERS BAKERS & CONFECTIONERS,Hyderabad,Hyderguda Old MLA home,"Fast, Food",,36,36,36,250,
Al Baik Shawarma,Hyderabad,Mehdipatnam,Arabian,4.2,49,49,49,200,12.78699424
A Bowl Affair,Hyderabad,Himayath Nagar,"Indian, Chinese, Combo, Beverages",3.3,33,33,33,300,10.04692404
Santrupti Restaurant,Hyderabad,Kothapet & Dilsukhnagar,"South, Indian, North, Indian, Biryani",,68,68,68,400,
Momos And Pizza Hub,Hyderabad,Nallakunta & Vidyanagar,"Pizzas, Fast, Food, Chinese",,44,44,44,400,
A'la Liberty,Hyderabad,Charminar,"North, Indian, Chinese, Biryani",4.3,41,41,41,450,13.09144648
Bowlsome,Hyderabad,Himayath Nagar,"Asian, North, Indian, Continental, Healthy, Food, Punjabi, Home, Food, Oriental, Desserts, Beverages, Pan-Asian, Bengali, Mangalorean, Kashmiri, Lucknowi, Chinese, Sweets, Kebabs, Combo, Rajasthani, Awadhi",3.6,35,35,35,250,10.96028078
New York Waffles & Dinges,Hyderabad,Narayanguda,"Desserts, Beverages, Fast, Food",3.3,36,36,36,300,10.04692404
Subbu Mirchi Point,Hyderabad,Jam Bagh,"Street, Food, Indian, Snacks",4.1,29,29,29,100,18.92199412
Aamantran - Mithaaii,Hyderabad,Kavadiguda,"Chaat, Snacks, Bakery, Sweets",3.7,43,43,43,200,14.54775484
S V FOOD COURT,Hyderabad,Santoshnagar & Saidabad,Chinese,,52,52,52,200,
Dunkin Donuts,Hyderabad,Banjara Hills,"Desserts, Bakery, Beverages, Fast, Food, Combo",4.3,52,52,52,250,26.73140623
Sauced Up,Hyderabad,Banjara Hills,"American, Fast, Food",4.4,47,47,47,200,27.35306684
Shakesphere,Hyderabad,Uppal - Hyderabad,"Beverages, Fast, Food",,72,72,72,250,
Old Mumbai Ice Cream,Hyderabad,Narayanguda,"Ice, Cream",3.7,28,28,28,200,11.26473302
Suruchi Biryani House,Hyderabad,Kothapet,"North, Indian, Chinese, Biryani, Hyderabadi",3.4,67,67,67,300,13.36820715
Food Studio,Hyderabad,Nallakunta & Vidyanagar,"Indian, Chinese, Arabian, Fast, Food",,62,62,62,220,
Khan-e-khaas,Hyderabad,Redhills,"Fast, Food",4.3,47,47,47,200,13.09144648
Krishna Idli and Dosa,Hyderabad,Himayath Nagar,"South, Indian, Chinese, Pizzas, Andhra, Hyderabadi, Maharashtrian, Fast, Food, Salads, Beverages, North, Indian",3.9,29,29,29,250,17.99897002
INTI RUCHI,Hyderabad,Nallakunta & Vidyanagar,Indian,4.2,48,48,48,200,16.51366766
Mandi Pride,Hyderabad,Koti,Indian,3.8,34,34,34,400,11.56918526
Durga's Street Delight's,Hyderabad,Nallakunta & Vidyanagar,"Chinese, North, Indian, Biryani",,41,41,41,200,
Platform 65,Hyderabad,Kothapet & Dilsukhnagar,"Indian, North, Indian, Chinese, Desserts, Beverages",3.3,64,64,64,400,10.04692404
MF BIRYANI AND SHAWARMA,Hyderabad,Banjara Hills,Biryani,,69,69,69,250,
Chinese Hut Fast Food,Hyderabad,Moghalpura,"Chinese, Fast, Food",3.6,45,45,45,150,16.61443386
Radisson Blu Plaza Delivery,Hyderabad,Banjara Hills,"Chinese, Biryani, North, Indian",3.7,82,82,82,1200,11.26473302
Sri Surya Tiffins,Hyderabad,Kothapet & Dilsukhnagar,"South, Indian, Chinese, Fast, Food, Snacks",,67,67,67,150,
Al Yousufain Fast Food,Hyderabad,Lakdikapul,"Indian, Fast, Food",4.1,30,30,30,300,16.12048509
Chinese Fast Food,Hyderabad,Nallakunta & Vidyanagar,Chinese,,37,37,37,250,
MOHAMMEDI CONFECTIONERS,Hyderabad,Charminar,"Sweets, Snacks",3.5,38,38,38,150,13.76138971
Saara Veg,Hyderabad,Himayatnagar,"Indian, Chinese",4.2,36,36,36,400,16.51366766
GHARIB NAWAZ FAST FOOD & BIRYANI,Hyderabad,Charminar,"Chinese, Beverages",,50,50,50,200,
Saleem Stores The Pan Parlour,Hyderabad,Kothapet & Dilsukhnagar,Paan,,57,57,57,150,
Chinese by Sahadeva Reddy,Hyderabad,Dilsukhnagar,"Chinese, Fast, Food",4.2,39,39,39,200,19.38350617
The Tea Planet  Kachiguda,Hyderabad,Himayath Nagar,"Beverages, Snacks",,31,31,31,200,
Agra Mithai Ghar And Restaurant,Hyderabad,Ghansi Bazaar,"Sweets, Beverages, Chaat, Desserts, Fast, Food",4.3,38,38,38,200,16.90685022
Telangana Inti Ruchulu ,Hyderabad,Dilsukhnagar,"South, Indian, Telangana, Home, Food",4.3,52,52,52,200,26.73140623
NEW SHAHI NAAN,Hyderabad,Kothapet & Dilsukhnagar,Indian,,34,34,34,49,
Hotel Shezan - Exhibition Ground,Hyderabad,Nampally,"Indian, Biryani, Chinese",4.4,29,29,29,200,20.30653027
Tasty Fish Fry Point,Hyderabad,Tolichowki,Italian,4.1,35,35,35,200,12.48254199
The Platinum Hotel-Clove,Hyderabad,Himayatnagar,"North, Indian, South, Indian, Continental, Chinese",4,37,37,37,800,18.46048207
Fancy Ice Cream,Hyderabad,Masab Tank,Desserts,3.9,38,38,38,150,11.87363751
Rice++,Hyderabad,Himayath Nagar,"Healthy, Food",,36,36,36,200,
Reddy Military Hotel,Hyderabad,Padmarao Nagar,"South, Indian, Hyderabadi, Chinese, North, Indian, Andhra",3.7,47,47,47,250,17.07594591
KINGS PIZZA HUT,Hyderabad,Santoshnagar & Saidabad,Continental,,58,58,58,200,
Monster Burger,Hyderabad,Kothapet & Dilsukhnagar,"Chinese, South, Indian, Snacks, Combo, Beverages, Desserts",3.2,75,75,75,200,9.742471801
Hunger's Hub Fastfood,Hyderabad,Kothapet & Dilsukhnagar,"Chinese, Bakery, Fast, Food",,38,38,38,250,
Eggsplode,Hyderabad,Himayath Nagar,"Salads, French, Beverages, Combo",4.2,33,33,33,150,19.38350617
Waffee & Co,Hyderabad,Uppal,"Desserts, Waffle",4.4,63,63,63,200,17.30003278
Mast Kalandar  The Kitchen,Hyderabad,Himayath Nagar,"North, Indian",3.8,32,32,32,300,11.56918526
Sri Narsing Bhelpuri & Juice Centre (Bogulkunta),Hyderabad,Koti,"Chaat, Italian, Juices",4.2,31,31,31,150,29.01677007
SNEHITHA RESTAURANT,Hyderabad,Zamistanpur,"South, Indian, Indian",4.4,37,37,37,160,20.30653027
Firangi Bake,Hyderabad,Abids,"Italian, Mexican, Pastas",3.9,39,39,39,400,15.33411997
Treat On The Street,Hyderabad,Tolichowki,"Pizzas, Fast, Food, Pastas, Snacks, Italian, Desserts, North, Indian, Indian",,75,75,75,250,
Yaariyan,Hyderabad,Basheer Bagh,"North, Indian, South, Indian, Italian, Chinese, Chaat, Beverages, Desserts",3.8,35,35,35,400,11.56918526
Patiala On the rocks,Hyderabad,Himayath Nagar,"Beverages, Snacks",,33,33,33,250,
Al Hashmi Arabian Shawarma House,Hyderabad,Lal Darwaza,"Street, Food, Arabian",3,54,54,54,250,9.133567313
The waffle co,Hyderabad,Himayatnagar,"Ice, Cream, Desserts, Beverages",4.1,33,33,33,200,18.92199412
The Shawarma's,Hyderabad,Dilsukhnagar,Lebanese,4.1,47,47,47,200,16.12048509
Saptami Grand - Udupi Veg Restaurant,Hyderabad,Padmarao Nagar,"South, Indian, Chinese, Desserts",4.3,47,47,47,200,19.84501822
Delicious Dosa,Hyderabad,Gaddiannaram,"South, Indian",4,47,47,47,100,24.8664244
Coffee Cream,Hyderabad,Ghansi Bazaar,"Beverages, Fast, Food, Italian, Snacks",4,47,47,47,200,18.46048207
Bachelor Burgers,Hyderabad,Himayath Nagar,"Continental, Italian",3.4,47,47,47,200,10.35137629
PVR Cafe,Hyderabad,New Malakpet,"Snacks, Fast, Food, American",3.5,47,47,47,400,10.65582853
Stop n Go,Hyderabad,Lakdikapul,"Fast, Food, Bakery",4.3,48,48,48,200,19.84501822
HALAL GUYS,Hyderabad,Nampally,"Fast, Food, Beverages, Ice, Cream",,48,48,48,300,
MAMAZ ALMANDI,Hyderabad,Nallakunta & Vidyanagar,Indian,,48,48,48,300,
Al Madina Chicken Haleem,Hyderabad,Mehdipatnam,"North, Indian, Chinese, Biryani",3.3,48,48,48,150,10.04692404
classic ice cream,Hyderabad,Charminar,"Ice, Cream, Desserts",,55,55,55,200,
DHARU SNACKS,Hyderabad,Himayath Nagar,"Indian, Combo",,34,34,34,350,
FRIED CHICKEN HUB,Hyderabad,Tolichowki,Continental,4.2,78,78,78,325,19.38350617
Shawarma and Chinese Fast Food,Hyderabad,Gowliguda,Indian,,34,34,34,300,
Al Hashmi Arabian Shawarma & Fast Food,Hyderabad,Aliabad,"Fast, Food",3.6,57,57,57,150,16.61443386
Burger Bros,Hyderabad,Himayatnagar,Snacks,4,33,33,33,200,18.46048207
Nice Day Baquares And Ice Creams,Hyderabad,Himayath Nagar,Chinese,,38,38,38,100,
Momo Cafe,Hyderabad,Himayatnagar,Chinese,3.6,34,34,34,250,16.61443386
Eat Italy,Hyderabad,Koti,"Italian, American, Pastas, Pizzas",4.2,35,35,35,400,19.38350617
The Chocolate room,Hyderabad,Nagole,Desserts,3.7,76,76,76,500,14.54775484
Teas N More,Hyderabad,Himayath Nagar,"Beverages, Fast, Food, Snacks, Pizzas, Chinese",,41,41,41,150,
Punjabi Tadka,Hyderabad,Tarnaka Nacharam & Malkajigiri,"Indian, Punjabi, Fast, Food",,77,77,77,250,
Hotel Akshaya,Hyderabad,Himayatnagar,"South, Indian, North, Indian",4.3,33,33,33,300,26.73140623
GOURMET GULLY,Hyderabad,Himayath Nagar,"Continental, Salads, Pizzas, Pastas, Italian-American",,38,38,38,600,
Shawarma Spot,Hyderabad,Tolichowki,Arabian,,76,76,76,200,
Te - A Tea Tradition,Hyderabad,Himayath Nagar,"Beverages, Snacks",,32,32,32,150,
Masala Republic,Hyderabad,Himayatnagar,"Continental, North, Indian",4.1,41,41,41,500,12.48254199
kolhapuri thaska,Hyderabad,Koti,"Indian, Fast, Food",3.9,42,42,42,100,11.87363751
Royal biryani kabab juice,Hyderabad,Banjara Hills,"Juices, Salads",,55,55,55,200,
Hungry Kya Pet Barlo,Hyderabad,Gaddi Annaram,"Street, Food, South, Indian",,69,69,69,300,
Biryani Society,Hyderabad,Himayath Nagar,"Indian, Biryani, Combo",,37,37,37,200,
McCafe by McDonald's,Hyderabad,Koti,"Beverages, Desserts",,35,35,35,250,
CHAI SUTTA BAR DILSUKHNAGAR,Hyderabad,Kothapet & Dilsukhnagar,"Beverages, Fast, Food",,50,50,50,300,
FarmBowl By Urbankisaan,Hyderabad,Himayatnagar,"Healthy, Food, Salads",4.2,27,27,27,300,26.10974562
Soul kitchen,Hyderabad,Tarnaka Nacharam & Malkajigiri,Chinese,4.1,71,71,71,500,16.12048509
Al baik Shawarma & juice point,Hyderabad,Old Malakpet,"Juices, Fast, Food",4.1,27,27,27,250,12.48254199
VAISHNAVI TIFFINS MEALS FAST FOOD,Hyderabad,Kothapet & Dilsukhnagar,Chinese,,49,49,49,360,
SALASAR CHAT AND TIFFIN CENTRE,Hyderabad,Charminar,"South, Indian",4.2,61,61,61,100,16.51366766
50 Fruits,Hyderabad,Humayun Nagar,"Juices, Beverages, Healthy, Food",4.3,49,49,49,150,19.84501822
Suprabath Tiffins,Hyderabad,Lakdikapul,"South, Indian",4.2,31,31,31,300,12.78699424
Big Bowl,Hyderabad,Himayath Nagar,Chinese,3.7,38,38,38,250,14.54775484
Swagath Hotel,Hyderabad,Charminar,"South, Indian, Chinese, Indian",4.3,44,44,44,400,19.84501822
MILKSHAKES HUB N MORE,Hyderabad,Kothapet & Dilsukhnagar,Beverages,,68,68,68,300,
Al Karam Kalyani Biryani,Hyderabad,Khairtabad,Biryani,3.1,55,55,55,200,9.438019557
Express By AB's,Hyderabad,Banjara Hills,"Biryani, North, Indian, Chinese, South, Indian",3.7,67,67,67,350,17.07594591
Creamy n Creamy Ice stone,Hyderabad,Banjara Hills,"Desserts, Fast, Food, Beverages, Hyderabadi",3.8,53,53,53,150,14.9409374
Baguette Salads,Hyderabad,Punjagutta,"Healthy, Food, North, Indian, Beverages",3.8,64,64,64,200,17.53745796
Spice 9 restaurants,Hyderabad,Kothapet & Dilsukhnagar,"Biryani, North, Indian, Indian",3.8,50,50,50,300,14.9409374
Shree Ganesh Darshini,Hyderabad,Kachiguda,"South, Indian",3.6,30,30,30,150,16.61443386
Desi Pizza,Hyderabad,Dilsukhnagar,Pizzas,3.9,50,50,50,200,11.87363751
walima Ki Dawat,Hyderabad,Mehdipatnam,"Biryani, Hyderabadi, Mughlai",,61,61,61,700,
Scoops Tiffin,Hyderabad,Jam Bagh,"South, Indian",4.2,31,31,31,100,19.38350617
24/7 Gallery Cafe - Hyatt Place Hyderabad,Hyderabad,Banjara Hills,"Italian, Indian, Continental",,66,66,66,1500,
New Deccan Bakers and Sweet Shop,Hyderabad,Tad Bun,"Sweets, North, Indian, Bakery",3.7,58,58,58,100,14.54775484
Grill station,Hyderabad,New Malakpet,Indian,3.9,44,44,44,200,11.87363751
Smoothie Bar,Hyderabad,Uppal,Beverages,,64,64,64,300,
Chulha Chowki,Hyderabad,Banjara Hills,"Indian, Chinese, Kebabs, Tandoor, Biryani, Snacks, Beverages, Desserts, Arabian",,55,55,55,350,
GRILLISTAN,Hyderabad,Kothapet & Dilsukhnagar,"Arabian, Fast, Food, Pizzas, Snacks, Beverages",,39,39,39,300,
MSA Juices Shawarma Fruits,Hyderabad,Charminar,"Beverages, Juices, Indian",,46,46,46,200,
Friends Shawarma,Hyderabad,Punjagutta,Lebanese,4.3,61,61,61,200,19.84501822
Taste of India,Hyderabad,Habsiguda,"North, Indian, Chinese, Continental",4.2,67,67,67,600,12.78699424
Hotel Anand Bhavan,Hyderabad,Toli Chowki,"South, Indian",3.9,61,61,61,150,24.24476379
Habibi Hungry,Hyderabad,Kothapet & Dilsukhnagar,"Arabian, Fast, Food",4.6,40,40,40,200,18.08639791
NORFEST - THE DHABA,Hyderabad,Himayath Nagar,Indian,4.2,35,35,35,250,16.51366766
Guru Raghavendra Tiffins,Hyderabad,Kothapet & Dilsukhnagar,"South, Indian, Snacks, Fast, Food, Chaat",,54,54,54,100,
Crunchy's,Hyderabad,Uppal,"Italian, American",3.8,72,72,72,150,11.56918526
Momos momos,Hyderabad,Banjara Hills,"Fast, Food",,75,75,75,220,
Panchakattu Dosa,Hyderabad,Jubilee Hills,"South, Indian",4.5,73,73,73,100,27.97472745
GRABZ,Hyderabad,Himayatnagar,"Italian, Continental",3.8,35,35,35,250,14.9409374
Sri Vasavi Grand,Hyderabad,Mehdipatnam,"South, Indian, Chinese",4,52,52,52,150,24.8664244
Lassi Shop,Hyderabad,Kachiguda,"Juices, Ice, Cream",3.1,31,31,31,100,12.18865946
Cravings,Hyderabad,Charminar,"Fast, Food, Snacks",,58,58,58,250,
Kfc krishna food court,Hyderabad,Uppal,"Indian, Chinese",,50,50,50,180,
SWASTIK UDUPI VEF,Hyderabad,Banjara Hills,"South, Indian, Snacks",3.4,35,35,35,48,10.35137629
BIRYANI BLEND FAMILY RESTAURANT,Hyderabad,Peerzadiguda,"Biryani, Chinese, North, Indian",,85,85,85,300,
Nanking C.R - Estd 1957,Hyderabad,Banjara Hills,Indian,4.3,75,75,75,600,26.73140623
Sukha Sagara North Indian & Chinese,Hyderabad,Khairtabad,"North, Indian, Chinese",3.9,40,40,40,300,17.99897002
SHAHI MANDI,Hyderabad,Banjara Hills,Indian,,39,39,39,350,
RAYEES SHAWARMA & MOMOS,Hyderabad,Himayath Nagar,"Lebanese, Chinese",,34,34,34,200,
Speedy Wong,Hyderabad,Banjara Hills,Chinese,3.8,63,63,63,300,11.56918526
Mahalaxmi Tiffin centre,Hyderabad,Somajiguda & Khairtabad,"South, Indian, Snacks",4.4,35,35,35,250,13.39589873
hotel city point,Hyderabad,Himayath Nagar,"Chinese, Indian",,35,35,35,200,
Ajooba food court,Hyderabad,Mehdipatnam,"Chinese, Sweets, Beverages",,53,53,53,250,
Kulfi & Falooda Project,Hyderabad,Banjara Hills,"Desserts, Snacks, Beverages, Healthy, Food",2.7,67,67,67,200,8.220210582
GRAND CHICKEN HALEEM,Hyderabad,Banjarahills,Hyderabadi,,46,46,46,150,
Sri Mohans Chat,Hyderabad,Kavadiguda,"Beverages, Chaat, Fast, Food, Juices, North, Indian",4.1,40,40,40,150,16.12048509
BILAAD EATERY,Hyderabad,Charminar,Pizzas,,53,53,53,275,
Neapolitan pizza,Hyderabad,Kothapet & Dilsukhnagar,Pizzas,,63,63,63,150,
Theobroma,Hyderabad,Somajiguda & Khairtabad,"Desserts, Bakery, Beverages",4.6,52,52,52,500,28.59638806
Gulbarga's Mama Puri & Special Snacks,Hyderabad,Humayun Nagar,"Snacks, Desserts",4.1,52,52,52,149,18.92199412
Occasionkart.com,Hyderabad,Kothapet,"Desserts, Bakery",,52,52,52,800,
I Creamy Cafe,Hyderabad,Himayath Nagar,"North, Indian",,52,52,52,200,
Delite pizza and shakes,Hyderabad,Himayath Nagar,"Pizzas, Beverages",,52,52,52,200,
Moghal hot spot,Hyderabad,Talab Katta,"Biryani, Chinese",3.2,52,52,52,200,9.742471801
Kitchen Maha Raja,Hyderabad,Gowlipura,Indian,4.3,52,52,52,250,13.09144648
Amul Hav Mor @ Ice Crm Den,Hyderabad,Habsiguda,"Ice, Cream, Desserts, Beverages",4.1,52,52,52,200,12.48254199
Guest House Coffee and Ice Cream Parlour,Hyderabad,Nallakunta & Vidyanagar,"Fast, Food, Pizzas, Pastas, Beverages",,52,52,52,300,
BISTRO BITES,Hyderabad,Banjara Hills,"Fast, Food, Pizzas, American",,52,52,52,350,
THEBOARDGAMECAFE,Hyderabad,Himayath Nagar,"Indian, Chinese",,39,39,39,500,
Urban Monk Fine Baking,Hyderabad,Kothapet & Dilsukhnagar,"Fast, Food",,73,73,73,600,
Silver Salt,Hyderabad,Banjara Hills,"Hyderabadi, Biryani, North, Indian",3.9,66,66,66,1000,15.33411997
TEJU MESS,Hyderabad,Khairtabad,"South, Indian",4,47,47,47,200,15.72730253
Feel in Saudia,Hyderabad,Charminar,"Beverages, Indian, Lebanese",,55,55,55,200,
Baskin Robbins,Hyderabad,Himayatnagar,"Desserts, Ice, Cream",4.5,27,27,27,300,20.76804233
Abu Faisal Restaurant Arabian Food,Hyderabad,Tolichowki,"Indian, Desserts",,72,72,72,600,
Italian Express,Hyderabad,Basheer Bagh,"Italian, Mongolian, Jain",3.4,35,35,35,350,15.69140976
C Kitchen,Hyderabad,Ashok Nagar,Chinese,,40,40,40,250,
EAT N TREAT,Hyderabad,Charminar,Sweets,,45,45,45,250,
klip2deal homefood,Hyderabad,Saidabad,Indian,,50,50,50,200,
Anupama hotel,Hyderabad,Khairtabad,"Biryani, South, Indian",3.7,45,45,45,250,11.26473302
KINGS NATRAJ BAKERS,Hyderabad,Kothapet,"Fast, Food",4,56,56,56,300,12.17808975
RS Fast Food Center,Hyderabad,Tarnaka,"Chinese, Fast, Food",3.8,63,63,63,150,17.53745796
Asian Pizzeria,Hyderabad,Himayatnagar,"Fast, Food, Pizzas, Continental, Beverages, Desserts",3,41,41,41,300,13.84536155
Balaji Papalal Mithai Wala,Hyderabad,Padmarao Nagar,"Sweets, Desserts",4.2,53,53,53,200,16.51366766
Nitchal Grand Restaurant,Hyderabad,Padmarao Nagar,"North, Indian, Chinese, Tandoor, Biryani",,53,53,53,250,
SSV FOODS,Hyderabad,Santoshnagar & Saidabad,Snacks,,53,53,53,180,
THE MAGICAL STONE,Hyderabad,Kothapet & Dilsukhnagar,"Ice, Cream, Beverages",,53,53,53,200,
1D cafe,Hyderabad,Padmarao Nagar,Cafe,3.7,53,53,53,200,11.26473302
Maa Santosh Dhaba,Hyderabad,Somajiguda,"North, Indian, Chinese",4.1,54,54,54,400,18.92199412
Five Star And Koli Hut,Hyderabad,Kothapet & Dilsukhnagar,Indian,4.7,54,54,54,120,14.30925546
Taj Bakery,Hyderabad,Uppal,Bakery,,54,54,54,200,
bakers magic,Hyderabad,Mehdipatnam,"Fast, Food",,54,54,54,350,
JUICE BOX,Hyderabad,Humayun Nagar,"Beverages, Snacks",,54,54,54,150,
Little Italy,Hyderabad,Film Nagar,"Pizzas, Salads, Combo, Italian, Mexican, Desserts, Beverages",4.1,71,71,71,1200,18.92199412
Mumbai Kulfi Kothapet,Hyderabad,Kothapet & Dilsukhnagar,"Ice, Cream, Desserts",,63,63,63,150,
Royal Tiffin Centre,Hyderabad,Banjara Hills,Indian,4,66,66,66,150,27.63501912
MADHUSUDHANREDDY HOTEL,Hyderabad,Uppal,"South, Indian, Chinese, Biryani",3.6,60,60,60,150,10.96028078
The Clay pot,Hyderabad,Banjara Hills,"North, Indian",,74,74,74,300,
Grameen Kulfi,Hyderabad,Narayanguda,"Ice, Cream, Desserts",4.4,24,24,24,120,20.30653027
Arabian Mandi House,Hyderabad,Nallakunta & Vidyanagar,Arabian,,48,48,48,420,
Pathemari Kerala Restaurant,Hyderabad,Lakdikapul,"Kerala, South, Indian",4.1,30,30,30,300,25.48808501
Headquarters,Hyderabad,Somajiguda,"Continental, Italian, North, Indian, Chinese",,60,60,60,1100,
NUE Cafe,Hyderabad,Jubilee Hills,"Pastas, Snacks, Salads, Juices, Sweets, Bakery, Beverages, Continental, Italian",3.9,73,73,73,800,11.87363751
Pranav Dhaba,Hyderabad,Chudi Bazaar,"Indian, Chinese",4.1,42,42,42,200,12.48254199
Agra sweet house,Hyderabad,Himayath Nagar,"Sweets, Snacks",,43,43,43,180,
The Country Wok,Hyderabad,Kothapet & Dilsukhnagar,"Chinese, Beverages",3.5,63,63,63,400,16.15292181
Lalaji dilli wale,Hyderabad,Kothapet & Dilsukhnagar,"North, Indian, Chinese, Salads",3.4,65,65,65,400,15.69140976
Arabella House of Arabic & Lebanese Cuisine,Hyderabad,Lakdikapul,Indian,3.7,53,53,53,1000,11.26473302
Govindaas Sweet and snacks,Hyderabad,Himayath Nagar,"Snacks, Fast, Food",,37,37,37,200,
Reddy Vari Biryani,Hyderabad,Kothapet & Dilsukhnagar,"Indian, Biryani",,72,72,72,250,
Coconut juice bar,Hyderabad,Tolichowki,"Beverages, Desserts, Healthy, Food, Ice, Cream, Snacks",4.5,64,64,64,200,17.69321535
Baker's valley cake house,Hyderabad,Somajiguda & Khairtabad,"Pizzas, Fast, Food",,46,46,46,250,
SHAMAA HOTEL,Hyderabad,Uppal,"Indian, North, Indian, Chinese, Seafood, Biryani, Tandoor, Ice, Cream",3.8,73,73,73,300,11.56918526
POLPAT,Hyderabad,Nallakunta & Vidyanagar,Indian,,50,50,50,300,
Rolls & Bowls By FEEDX,Hyderabad,Narayanguda,"Fast, Food, North, Indian, Snacks, Salads, Beverages, Indian, Pastas",3.5,32,32,32,200,16.15292181
MONSTER PIZZA,Hyderabad,Himayath Nagar,Pizzas,,35,35,35,140,
FISH OH FISH,Hyderabad,Himayath Nagar,"Biryani, Tandoor, Mughlai",,38,38,38,400,
Filful shawarma,Hyderabad,Banjara Hills,"Snacks, Lebanese",,78,78,78,250,
mandistan,Hyderabad,Tolichowki,Arabian,3.6,69,69,69,400,10.96028078
Starboy Pizza & Shakes,Hyderabad,Narayanguda,"Pizzas, American, Fast, Food, Desserts, Beverages",3.6,36,36,36,300,16.61443386
Al-Madina Chinese Fast Food And Arabian Shawarma,Hyderabad,Kothapet & Dilsukhnagar,Chinese,,32,32,32,300,
Gol Panipuri,Hyderabad,Banjara Hills,Chaat,,66,66,66,500,
Absolute Froot,Hyderabad,Punjagutta,Beverages,,61,61,61,150,
Naseeb Hotel,Hyderabad,Nampally,"Indian, Biryani",3.8,36,36,36,200,11.56918526
Mendys Panipuri,Hyderabad,Banjara Hills,"Street, Food, Chaat",,69,69,69,300,
Arabesq - Kunafa & Shawarma,Hyderabad,Toli Chowki,"Arabian, Lebanese, Beverages, Juices",3.7,66,66,66,200,14.54775484
Euphoria,Hyderabad,Adikmet,Desserts,4.7,27,27,27,800,21.69106643
RABIYAS KITCHEN,Hyderabad,Malakpet,Indian,4.2,45,45,45,250,16.51366766
Balaji dhaba,Hyderabad,Koti,"North, Indian, Biryani, Chinese, Indian, Tandoor",3.6,35,35,35,400,16.61443386
Bluedragon by Mandilicious,Hyderabad,Himayatnagar,Chinese,4.2,34,34,34,300,12.78699424
SHREE LALLA DHABA,Hyderabad,Koti,"North, Indian",4.1,27,27,27,350,18.92199412
Hotel Surabhi Udupi Veg,Hyderabad,Uppal,"South, Indian",4.2,58,58,58,150,29.01677007
Frosty Den,Hyderabad,Adikmet,"Ice, Cream, Pizzas, Fast, Food, Beverages, Desserts",2.2,43,43,43,200,6.697949363
Kekiz Cake Shop,Hyderabad,Old Malakpet,Bakery,3.6,39,39,39,100,10.96028078
Diamond Pan Shop,Hyderabad,Masab Tank,"Biryani, Tandoor, Chinese, Indian",4.4,49,49,49,1000,20.30653027
US Pizza,Hyderabad,Adikmet,"Italian, Pizzas, Fast, Food, Beverages, Desserts",3.2,48,48,48,200,9.742471801
Burger Eat's,Hyderabad,Huda Complex,"Snacks, Biryani, Fast, Food",,64,64,64,300,
SRI DHARSHANI PURE VEG.TIFFIN CENTER,Hyderabad,Kothapet & Dilsukhnagar,"South, Indian",,58,58,58,300,
Baithak,Hyderabad,Toli Chowki,"Continental, Beverages",3.7,71,71,71,450,11.26473302
GV's HOTEL GODAVARI,Hyderabad,Kothapet,Indian,4.3,57,57,57,150,19.84501822
Arancini,Hyderabad,Himayath Nagar,"Pizzas, American, Italian, Snacks",3.6,37,37,37,700,16.61443386
Verandah-The park Hyderabad,Hyderabad,Somajiguda,"Indian, Chinese, Biryani, Snacks, Desserts",4,58,58,58,550,15.72730253
FRIES.COM,Hyderabad,Kothapet & Dilsukhnagar,"Chinese, Bakery, Beverages",,68,68,68,300,
Chickden,Hyderabad,Nallakunta & Vidyanagar,"Indian, Arabian, Chinese",4.1,44,44,44,250,12.48254199
Steves Kitchen,Hyderabad,New Malakpet,"Chinese, Indian, Snacks",3.7,48,48,48,200,14.54775484
SUNNYS CHINESE,Hyderabad,Himayath Nagar,Chinese,3.5,31,31,31,350,10.65582853
ZAHEER JUICE CENTER,Hyderabad,Santoshnagar & Saidabad,"Juices, Beverages",,35,35,35,200,
Sahadeva Reddy's Southern Spice,Hyderabad,Dilsukhnagar,"South, Indian",4.3,38,38,38,200,26.73140623
Robin pizza den,Hyderabad,Sithaphalmandi,"Fast, Food, Pizzas",,59,59,59,200,
Lassi Shop - Malakpet,Hyderabad,Old Malakpet,"Ice, Cream",3.5,37,37,37,100,10.65582853
Vadapav & More,Hyderabad,Banjara Hills,Beverages,,63,63,63,200,
MJR PAN SHOP,Hyderabad,Padma Nagar Colony,"Paan, Indian",4.2,67,67,67,100,12.78699424
CAKE FOR YOU,Hyderabad,Nagole,"Bakery, Desserts",4.4,69,69,69,250,13.39589873
Foodiez Hub,Hyderabad,Santoshnagar & Saidabad,"Chinese, Indian",,35,35,35,140,
Gabru Di Chaap,Hyderabad,Himayatnagar,"Fast, Food, North, Indian",3.9,35,35,35,300,17.99897002
Nizami Shawarma,Hyderabad,Banjara Hills,"Arabian, Beverages",,65,65,65,250,
Shawarma House,Hyderabad,Himayath Nagar,"Arabian, Snacks",,33,33,33,200,
Kung Pao Kitchen,Hyderabad,New Nallakunta,Chinese,4.1,34,34,34,300,18.92199412
Balaji Santosh Family Dhaba,Hyderabad,Amberpet,"North, Indian, Tandoor, Chinese",4.2,35,35,35,300,26.10974562
So. The Sky Kitchen,Hyderabad,Film Nagar,"Mughlai, North, Indian, Chinese, Thai, Asian",,90,90,90,800,
BHAVANI TIFFINS,Hyderabad,Mehdipatnam,"South, Indian",,55,55,55,250,
Awesome Dimsum,Hyderabad,Himayath Nagar,"North, Indian",,33,33,33,600,
Lassi & Falooda Co,Hyderabad,Banjara Hills,"Beverages, Healthy, Food, Juices",,65,65,65,200,
ANNAPURNA MESS,Hyderabad,Huda Colony,"Indian, Biryani, Chinese",3.7,50,50,50,200,17.07594591
TRIO LA PATISSERIE,Hyderabad,Banjara Hills,"Bakery, Desserts",,58,58,58,300,
Turkish Central,Hyderabad,New Mallepally,"Turkish, Arabian",3.5,39,39,39,200,24.18064173
Lassi Hub,Hyderabad,Koti,"Ice, Cream",4.1,26,26,26,150,12.48254199
Eatz & Drinkzz,Hyderabad,Adikmet,"Fast, Food",4.5,51,51,51,300,13.70035097
Sri Santhosh Family Dhaba,Hyderabad,Ramanthapur,"North, Indian, Tandoor, Punjabi, Chinese",4.1,48,48,48,400,18.92199412
Vaishu's Kitchen,Hyderabad,Nallakunta & Vidyanagar,"Biryani, Chinese",,48,48,48,300,
Amfah Hotel,Hyderabad,Mehdipatnam,"Biryani, North, Indian, Chinese",4.2,47,47,47,200,16.51366766
Khismat Restaurant,Hyderabad,Santosh Nagar,"Chinese, Indian, Mughlai",3.6,50,50,50,250,16.61443386
Bahar Biryani Cafe,Hyderabad,Gaddiannaram,"Biryani, North, Indian, Chinese",4,50,50,50,350,18.46048207
Urban Munchies,Hyderabad,Kachiguda,"Ice, Cream, Desserts",,42,42,42,150,
Food Planet Restaurant,Hyderabad,Mehdipatnam,"Chinese, North, Indian",,49,49,49,200,
AGRA SANDWICH PASTA  MOMOS CORNER,Hyderabad,Kothapet & Dilsukhnagar,"Italian, Snacks",,36,36,36,300,
Tasim - On The Go ,Hyderabad,Himayath Nagar,"North, Indian, Snacks",4.3,41,41,41,300,16.90685022
Haiking Chinese Restaurant,Hyderabad,Himayatnagar,Chinese,4.3,35,35,35,1000,26.73140623
Nrs Mamatha Darshini,Hyderabad,Jam Bagh,"South, Indian, Chinese",4.3,28,28,28,150,26.73140623
Jai Bhavani Spicy Hot Fast Food Centre,Hyderabad,New Nallakunta,"Street, Food, Indian, Chinese",3.8,29,29,29,100,17.53745796
Galaxy Paradise,Hyderabad,Tolichowki,"Biryani, Chinese",3.6,69,69,69,250,10.96028078
Meena Bakery,Hyderabad,Boudhanagar Colony,"Bakery, Fast, Food",4.4,46,46,46,250,20.30653027
Snappy Snacks Point,Hyderabad,Charminar,"Chinese, Snacks",3.4,52,52,52,200,10.35137629
A1 Fast Food and Nahari Centre,Hyderabad,Charminar,"Indian, Biryani, Chinese",,58,58,58,150,
Maharashtrian Kitchen,Hyderabad,Tarnaka Nacharam & Malkajigiri,Maharashtrian,,87,87,87,200,
Sobremesa - Cakes and Desserts,Hyderabad,Himayath Nagar,"Bakery, Desserts",4.3,45,45,45,300,13.09144648
Vinayak tiffins,Hyderabad,Himayath Nagar,"South, Indian",,33,33,33,100,
Suprabhat Tiffins,Hyderabad,Old Malakpet,"South, Indian",4.2,32,32,32,250,29.01677007
Golconda Sugar Cane Juice,Hyderabad,Golconda Fort,"Juices, Ice, Cream, Healthy, Food",3.9,77,77,77,110,15.33411997
Seema Ruchulu,Hyderabad,Uppal,"Indian, South, Indian",3.6,65,65,65,300,16.61443386
MONGINIS,Hyderabad,Dilsukhnagar,"Bakery, Desserts, Snacks",3.8,40,40,40,500,11.56918526
SHREE VENKATESHWARA COFFEE SHOP,Hyderabad,Khairtabad,"North, Indian, Snacks, Beverages",4.2,40,40,40,200,12.78699424
Ms mandi and shawarma,Hyderabad,Charminar,Indian,4.1,39,39,39,240,16.12048509
Sunrise Tiffins Bakery and Fastfood,Hyderabad,Nampally,"Continental, Ice, Cream, Bakery, Beverages",,40,40,40,200,
Rice++,Hyderabad,Himayath Nagar,"Healthy, Food",3.9,33,33,33,100,11.87363751
DADS KITCHEN,Hyderabad,Nallakunta & Vidyanagar,Chinese,,40,40,40,400,
ARBAB KITCHEN,Hyderabad,Nallakunta & Vidyanagar,"Biryani, Chinese, Seafood",,45,45,45,280,
The Burger Dudes,Hyderabad,Himayath Nagar,"Continental, Fast, Food, Snacks",,33,33,33,250,
CFC Chinese Food Court,Hyderabad,Himayath Nagar,Chinese,,37,37,37,200,
NEW ARABIAN MANDI RESTAURANT,Hyderabad,Somajiguda & Khairtabad,Arabian,,63,63,63,400,
New Sangam Hotel,Hyderabad,Himayath Nagar,"North, Indian, Indian, Chinese, Snacks",,33,33,33,230,
US Live Pops,Hyderabad,Khairtabad,American,4.8,50,50,50,150,18.87276304
BLR Food Kourt,Hyderabad,Habsiguda,"Biryani, Chinese, North, Indian",4.1,63,63,63,250,12.48254199
Kouzina Kafe -The Food Court,Hyderabad,Banjara Hills,"Bakery, Ice, Cream, Desserts, Beverages, American, Fast, Food",4.2,65,65,65,200,16.51366766
Burger It Up,Hyderabad,Banjara Hills,"American, Continental, Beverages, Desserts, Fast, Food",4,68,68,68,200,15.72730253
The Pani puri Monster,Hyderabad,Khairtabad,"Indian, Chinese, South, Indian, Chaat",,56,56,56,100,
Pizza Store,Hyderabad,Toli Chowki,"Fast, Food, Pizzas",,81,81,81,300,
Hero Sandwiches,Hyderabad,Banjara Hills,"Fast, Food, Salads, Snacks, Desserts",,68,68,68,250,
Simrats Dhaba,Hyderabad,Begum Bazar,"North, Indian, Chinese",4.1,31,31,31,300,18.92199412
Jai Durga Maa Vaishno Dhabha,Hyderabad,Somajiguda,"Punjabi, North, Indian",4.1,55,55,55,150,18.92199412
Sahadeva Reddy Tiffins,Hyderabad,Dilsukhnagar,"South, Indian",4.2,40,40,40,150,26.10974562
SANDWICH FUN,Hyderabad,Himayath Nagar,"Pizzas, Snacks",,39,39,39,200,
Pizza And Burgers,Hyderabad,Nallakunta & Vidyanagar,"Fast, Food, Pizzas, Beverages",3.3,43,43,43,300,10.04692404
Wokstars,Hyderabad,Film Nagar,"Asian, Chinese",4.2,77,77,77,400,19.38350617
Break The Bread - Sandwiches and Burgers,Hyderabad,Himayath Nagar,"Continental, Fast, Food",3.8,35,35,35,200,14.9409374
Sahadeva Reddy's Chaat Chowk,Hyderabad,New Malakpet,"Chaat, Fast, Food",4.2,38,38,38,300,16.51366766
Brook Bite Brownie,Hyderabad,Nallakunta & Vidyanagar,Desserts,,44,44,44,200,
The frozen village,Hyderabad,Toli Chowki,Desserts,,84,84,84,300,
The Sandwich Box,Hyderabad,Uppal,"Continental, Snacks",,69,69,69,300,
Sher-E-Punjab Dhaba,Hyderabad,Banjara Hills,"Indian, Biryani",,40,40,40,350,
Wah! Kulcha,Hyderabad,Kothapet & Dilsukhnagar,"Fast, Food",3.7,77,77,77,200,11.26473302
Shah Icecream,Hyderabad,Abids,"Ice, Cream",4.3,28,28,28,300,13.09144648
Abids Bistro  Royalton Hotel,Hyderabad,Abids,"Chinese, Kebabs, North, Indian, South, Indian, Tandoor",,57,57,57,450,
CHOPSTICK CHAN,Hyderabad,Jubilee Hills,Chinese,4.1,76,76,76,200,16.12048509
That Idly Place,Hyderabad,Nallakunta & Vidyanagar,"South, Indian, Indian, Snacks",,44,44,44,150,
Venkateshwara Fast Food,Hyderabad,Himayath Nagar,"Indian, Chinese, South, Indian",3.9,27,27,27,150,17.99897002
Pizza Paradise,Hyderabad,Nacharam,"Fast, Food",4.3,73,73,73,300,13.09144648
Hotel Sahara,Hyderabad,Santoshnagar & Saidabad,"South, Indian, Chinese, Biryani",,43,43,43,200,
Oh my shawarma,Hyderabad,Padmarao nagar ,Indian,4.3,55,55,55,300,13.09144648
Haldirams,Hyderabad,Himayath Nagar,"Indian, Biryani, Snacks, Fast, Food, Beverages",4.2,33,33,33,300,19.38350617
Italian Pizzeria Creamato,Hyderabad,Mehdipatnam,"Italian, Desserts, American",4.2,56,56,56,400,16.51366766
JS FAST FOOD,Hyderabad,Mehdipatnam,"North, Indian, Indian, Snacks, Beverages",,61,61,61,250,
CHITTI IN TOWN ROBOT RESTAURANT,Hyderabad,Kothapet & Dilsukhnagar,"Indian, Chinese, Tandoor, Seafood",,61,61,61,250,
Tameems Shawarma,Hyderabad,Charminar,"Arabian, Snacks",,61,61,61,270,
TTT juice center,Hyderabad,Tolichowki,Beverages,,61,61,61,150,
Labaan bakers and dairy,Hyderabad,Mehdipatnam,"Italian, Bakery",,61,61,61,300,
ARADHYA CHINESE FAST FOOD CENTER,Hyderabad,Kothapet & Dilsukhnagar,Chinese,,61,61,61,300,
Arabian Grills,Hyderabad,Tolichowki,"Arabian, Beverages",4.2,61,61,61,300,19.38350617
Cafe Graffiti Pizzeria,Hyderabad,Banjara Hills,"Fast, Food, Italian, Beverages",3.9,61,61,61,450,15.33411997
Wow! China,Hyderabad,Banjara Hills,"Tibetan, Fast, Food, Chinese, Asian, Snacks, Continental, Desserts, Beverages",3.9,62,62,62,400,17.99897002
HOUSE OF DESSERTS,Hyderabad,Banjara Hills,Desserts,3.9,61,61,61,300,11.87363751
Aromas of Asia,Hyderabad,Banjara Hills,"Pan-Asian, Chinese",4.1,62,62,62,1000,16.12048509
Shrodinger's Pizza,Hyderabad,Himayat Nagar,Pizzas,,34,34,34,350,
Famous Ice Cream,Hyderabad,Abids,"Ice, Cream",4.3,24,24,24,150,26.73140623
Fruitfull,Hyderabad,Himayatnagar,"Healthy, Food",4.2,28,28,28,150,26.10974562
Maggi Bowl,Hyderabad,Uppal,"Fast, Food",2.7,71,71,71,200,8.220210582
CHERRYS KITCHEN,Hyderabad,Kothapet & Dilsukhnagar,"Arabian, Chinese, Beverages",,51,51,51,200,
Look at me,Hyderabad,Himayath Nagar,"Pizzas, Snacks, Beverages",,33,33,33,338,
ZOUQ FUSION FOODS,Hyderabad,Banjara Hills,Turkish,2.8,83,83,83,800,8.524662826
Balaji Mithai bhandar,Hyderabad,Nampally,Sweets,4.2,26,26,26,300,19.38350617
The Brooklyn Creamery - Healthy Ice Cream,Hyderabad,Abids & Koti,"Desserts, Ice, Cream, Healthy, Food",3.9,35,35,35,200,11.87363751
Cafe Coffee Day,Hyderabad,Kachiguda,"Beverages, Snacks, Desserts",4.5,36,36,36,300,13.70035097
The Exotic Shawarma,Hyderabad,Himayatnagar,"Arabian, Fast, Food",3.8,44,44,44,250,14.9409374
mana inti ruchulu,Hyderabad,Kothapet & Dilsukhnagar,Indian,,56,56,56,200,
Haldirams Sweets and Namkeen,Hyderabad,Himayath Nagar,"Sweets, Snacks",4.3,31,31,31,300,13.09144648
Tasco Bakery,Hyderabad,Banjara Hills,"Bakery, Desserts, Snacks",4.2,49,49,49,350,12.78699424
Bijing chef,Hyderabad,Banjara Hills,Chinese,,57,57,57,180,
Bachchu s Chaat by Phulkaas,Hyderabad,Nallakunta & Vidyanagar,"Chaat, Snacks",,39,39,39,200,
Sri Shivshakti Jodhpur Sweets,Hyderabad,Himayath Nagar,"Sweets, Snacks",3.5,40,40,40,150,10.65582853
Kamath Hotel,Hyderabad,Abids,"South, Indian",4.4,29,29,29,200,27.35306684
WOW! SAMOSA,Hyderabad,Nallakunta & Vidyanagar,Snacks,,36,36,36,105,
Adam Bakers,Hyderabad,Toli Chowki,Bakery,3.9,68,68,68,150,15.33411997
Slurpy Shakes,Hyderabad,Banjara Hills,Beverages,3.9,63,63,63,200,15.33411997
Ae-spice villa,Hyderabad,Kothapet,"Indian, Fast, Food",3,68,68,68,380,9.133567313
Gafoor Ice Cream,Hyderabad,Abids,"Ice, Cream, Desserts",3.7,34,34,34,200,11.26473302
Oriental Tales - By Rayalaseema Ruchulu,Hyderabad,Redhills,"Chinese, Pan-Asian, Seafood, Oriental",,60,60,60,399,
PUNJAB NATIONAL HOTEL,Hyderabad,Banjara Hills,"Punjabi, North, Indian",,77,77,77,800,
By The Bay,Hyderabad,Punjagutta,"Indian, Asian, Italian, European",3.7,57,57,57,1200,11.26473302
Abu Shawarmas,Hyderabad,Nallakunta & Vidyanagar,"Arabian, Lebanese",4.2,45,45,45,200,12.78699424
Aaha Emi Ruchi,Hyderabad,Brindavan Colony,"Biryani, South, Indian, North, Indian",4.5,65,65,65,400,13.70035097
AS BAKERS,Hyderabad,Kothapet & Dilsukhnagar,"Bakery, Desserts",,69,69,69,1400,
Hungry Treats,Hyderabad,Kothapet & Dilsukhnagar,"Mexican, Pizzas, Pastas",,69,69,69,200,
House of Burger,Hyderabad,Himayath Nagar,"Fast, Food, Beverages",,43,43,43,150,
Balaji sitaram mithai bhandar,Hyderabad,Banjara Hills,"Sweets, Fast, Food",4.1,37,37,37,150,12.48254199
Feranoz,Hyderabad,Banjara Hills,"Desserts, Italian, Bakery, Snacks, Pizzas",4.4,59,59,59,500,27.35306684
Belly's Icecreams and Thickshakes,Hyderabad,Kothapet & Dilsukhnagar,"Beverages, Ice, Cream",,46,46,46,300,
Biryani Tales -By Rayalaseema Ruchulu,Hyderabad,Redhills,"Biryani, Kebabs, Hyderabadi, Tandoor",3.7,39,39,39,399,11.26473302
Ayezas Kitchen,Hyderabad,Himayath Nagar,"Indian, Hyderabadi",3.9,58,58,58,260,15.33411997
Frost n roll,Hyderabad,Tolichowki,"Ice, Cream, Beverages, Fast, Food",,74,74,74,400,
Dark Stone,Hyderabad,Gunti Jangaiah Nagar,"Ice, Cream, Beverages",3.5,63,63,63,300,13.76138971
Shalimar Sweets,Hyderabad,Toli Chowki,Sweets,4.1,67,67,67,300,18.92199412
Deccan Chinese Fast Food,Hyderabad,Amberpet,"Chinese, Fast, Food",,51,51,51,200,
Go Fresh The Pizza House,Hyderabad,Nallakunta & Vidyanagar,"Italian, Pizzas, Fast, Food",4.2,43,43,43,300,12.78699424
SVM Grand,Hyderabad,Koti,"South, Indian, North, Indian, Chinese",4.2,32,32,32,300,12.78699424
Pange's Pizza,Hyderabad,Banjara Hills,Pizzas,,68,68,68,600,
The Biryani Life,Hyderabad,Abids,"Biryani, North, Indian, Chinese",4,35,35,35,250,12.17808975
Chef's Sandwich,Hyderabad,Banjara Hills,"Fast, Food",,67,67,67,600,
Burger Dude's,Hyderabad,Banjara Hills,"Fast, Food",,68,68,68,600,
Melting Pot,Hyderabad,New Malakpet,"Chinese, North, Indian",3.7,43,43,43,400,14.54775484
Ocean's Basket,Hyderabad,Banjara Hills,Seafood,3.8,74,74,74,1500,11.56918526
Burgasm,Hyderabad,Banjara Hills,"Fast, Food, American",4.3,63,63,63,350,19.84501822
Bhoomi Foods,Hyderabad,Sri Durga Enclave,"Indian, South, Indian, Andhra",4.4,62,62,62,65,17.30003278
SALEEM PHEKUS,Hyderabad,Santoshnagar & Saidabad,"Chinese, Snacks",,37,37,37,250,
Seasons Xprs,Hyderabad,Banjara Hills,"Lebanese, Arabian",4.1,67,67,67,200,18.92199412
Italian hub,Hyderabad,Charminar,"European, American, Chinese",,45,45,45,250,
The Sandwich Story,Hyderabad,Banjara Hills,"Healthy, Food, Snacks",,72,72,72,200,
Mendy's Burger,Hyderabad,Banjara Hills,"Continental, Beverages",,68,68,68,500,
Lazeez Khaana,Hyderabad,Himayath Nagar,"Chinese, Biryani, Mughlai, North, Indian, Haleem",,37,37,37,350,
Ofen,Hyderabad,Banjara Hills,"European, Italian, Continental, Desserts",4.3,59,59,59,300,19.84501822
Sitara Grand - Nizami Pakwaan,Hyderabad,Banjara Hills,"Biryani, Chinese, South, Indian, North, Indian, Tandoor",3.6,62,62,62,300,16.61443386
Lalaji Dilli Wale Chaat,Hyderabad,Kothapet & Dilsukhnagar,"Chaat, Fast, Food, Maharashtrian, Beverages",,66,66,66,300,
Burger Hubs,Hyderabad,Huda Complex,"Desserts, Beverages",,62,62,62,300,
Sampradaya Foods,Hyderabad,Amberpet,"Sweets, Desserts",4.5,40,40,40,450,20.76804233
The Mirchiesz,Hyderabad,Sarvodaya Colony,"Chinese, Biryani, Indian",3.8,74,74,74,300,17.53745796
Krupa Mess & tiffins,Hyderabad,Koti,"South, Indian",3.6,39,39,39,200,22.37978196
Tower Bavarchi Multi Cuisine Restaurant,Hyderabad,New Malakpet,"North, Indian, Chinese, Biryani",3.2,35,35,35,300,14.76838565
Sounds Cheesy,Hyderabad,Toli Chowki,Indian,4.1,73,73,73,300,18.92199412
Urban Orient Express,Hyderabad,Uppal,"Chinese, Thai, Seafood, Asian",3.6,72,72,72,300,16.61443386
BISMILLAH HOTEL,Hyderabad,Kavadiguda,"South, Indian, Thalis, Beverages",3.4,40,40,40,100,15.69140976
Rahul Tiffins,Hyderabad,Basheer Bagh,"South, Indian",3.7,34,34,34,150,17.07594591
Udupi Park Pure Veg,Hyderabad,Ameerpet,"South, Indian",4.1,57,57,57,150,28.3258946
Mahalaxmi Tiffin Centre,Hyderabad,Ghansi Bazaar,Indian,4.2,42,42,42,200,19.38350617
Shah Ghouse Cafe & Restaurant,Hyderabad,Toli Chowki,"Biryani, North, Indian, Chinese, Mughlai, Tandoor",4,63,63,63,350,36.84176147
Cafe Coffee Day,Hyderabad,Basheer Bagh,"Beverages, Snacks, Desserts",4.1,40,40,40,300,18.92199412
Sai Darshini Tiffins,Hyderabad,Ameerpet,"South, Indian",4.3,59,59,59,150,29.70764555
Bheemas Grand,Hyderabad,Banjara Hills,"South, Indian",4.1,50,50,50,150,28.3258946
KALYUG KITCHEN,Hyderabad,Himayath Nagar,"South, Indian",,38,38,38,250,
Sai Brundavan Tiffins,Hyderabad,Sanjeeva Reddy Nagar,"South, Indian, Chinese",4.3,66,66,66,200,29.70764555
Burger King,Hyderabad,Himayatnagar,"American, Fast, Food",4.2,35,35,35,350,29.01677007
Karthikeya Tiffins Pure Veg,Hyderabad,Uppal,"South, Indian",4.1,62,62,62,150,25.48808501
Paradise Biryani,Hyderabad,Khairtabad,"Biryani, North, Indian, Chinese",3.9,48,48,48,400,17.99897002
Royal Tiffin Centre,Hyderabad,Koti,"South, Indian",3.8,32,32,32,150,26.25326816
Aashirvad Tiffins,Hyderabad,Rani Gunj,"South, Indian, Fast, Food, Chinese, Snacks, Juices",4.2,51,51,51,200,26.10974562
Rambharose - Bhattad Ki Idli,Hyderabad,Kachiguda,"South, Indian",4.2,27,27,27,150,29.01677007
ABHIRUCHI SWAGRUHA FOODS,Hyderabad,Ameerpet,"Sweets, Snacks",4.5,62,62,62,250,20.76804233
SSV -Tiffin's and Snacks,Hyderabad,Tarnaka,"South, Indian, Snacks, Combo",4.3,61,61,61,149,19.84501822
Flavours of Taj Mahal Hotel,Hyderabad,Kalasiguda,"North, Indian, Chinese, Desserts, Continental, South, Indian",4.2,57,57,57,300,29.01677007
Millet Express,Hyderabad,Kothapet & Dilsukhnagar,"Healthy, Food, South, Indian",4.2,54,54,54,200,29.01677007
Hotel Udupi Home,Hyderabad,Sanjeeva Reddy Nagar,"South, Indian",4.1,60,60,60,150,25.48808501
Ram Ki Bandi,Hyderabad,Abids & Koti,"South, Indian",4.1,28,28,28,300,18.92199412
Bakers Street,Hyderabad,Murad Nagar,"Bakery, Continental",4.2,49,49,49,250,26.10974562
Hotel Suprabhat,Hyderabad,Habsiguda,"South, Indian",4.3,51,51,51,200,29.70764555
The Good Bowl,Hyderabad,Abids,"North, Indian, Punjabi, Biryani, Combo, Chinese, Beverages, Desserts, Jain, Indian, Hyderabadi, Mughlai",3.9,37,37,37,400,15.33411997
Pizza Hut,Hyderabad,New Nallakunta,"Pizzas, Fast, Food",3.7,46,46,46,350,23.00144257
Sri Krishna Sweets,Hyderabad,Shivaji Nagar,Sweets,4.3,57,57,57,200,16.90685022
La Pino'z Pizza,Hyderabad,Banjara Hills,Pizzas,4,56,56,56,300,27.63501912
Scoops,Hyderabad,Venkateshwara Colony,"Desserts, Ice, Cream, Chaat",4.4,24,24,24,300,20.30653027
Vellanki Foods,Hyderabad,Ameerpet,"Sweets, Desserts",4.4,61,61,61,200,30.39852103
Lingaiah Hotel,Hyderabad,Asif Nagar,"South, Indian",4.5,33,33,33,200,20.76804233
Hotel Sandarshini,Hyderabad,Musheerabad,"North, Indian, Chinese, South, Indian",4,36,36,36,200,18.46048207
Hotel Shri Raghavendra Pure Veg,Hyderabad,Takara Basthi,"South, Indian",4.4,52,52,52,200,17.30003278
SRI SAI AK TIFFIN CENTRE,Hyderabad,A.S. Rao Nagar & Sainikpuri,"Indian, South, Indian",4.2,83,83,83,200,19.38350617
Breakfast Express,Hyderabad,Himayath Nagar,"Continental, North, Indian, South, Indian, Beverages",4.3,33,33,33,200,19.84501822
Haldirams,Hyderabad,Karkhana,"Indian, Fast, Food",4.3,67,67,67,250,29.70764555
KFC,Hyderabad,Kachiguda,"American, Snacks",3.8,45,45,45,400,11.56918526
Starbucks Coffee,Hyderabad,Banjara Hills,"Beverages, Ice, Cream",4.2,58,58,58,400,26.10974562
G Pulla Reddy Sweets,Hyderabad,Mehdipatnam,"Sweets, Desserts",4.3,54,54,54,300,19.84501822
Nrs Nandini,Hyderabad,Adikmet,"South, Indian",4.3,27,27,27,150,29.70764555
Cafe Niloufer Premium Lounge,Hyderabad,Banjara Hills,"Bakery, Fast, Food, Snacks, Beverages",4.5,63,63,63,200,31.08939651
Geetha Tiffins,Hyderabad,West Marredpally,"South, Indian",4.3,64,64,64,150,29.70764555
Hotel Swagath,Hyderabad,Kothapet & Dilsukhnagar,"North, Indian",4.4,43,43,43,200,20.30653027
Sri Gayathri Tiffins,Hyderabad,Uppal,"South, Indian",4.2,61,61,61,100,19.38350617
KARACHI BAKERY SANTOSHNAGAR,Hyderabad,Saidabad,"Bakery, Desserts, Fast, Food, Snacks",4.6,49,49,49,200,18.08639791
Sri Raghavendra Vegetarian Restaurant,Hyderabad,Ameerpet,"South, Indian, North, Indian, Andhra",4.1,59,59,59,150,25.48808501
Aamantran Pure Veg,Hyderabad,Kavadiguda,"North, Indian, Chinese, South, Indian, Jain",4.2,37,37,37,450,29.01677007
Chutney Bowl,Hyderabad,Tarnaka  Nacharam & Malkajigiri,"South, Indian",4.2,61,61,61,150,26.10974562
Punjabi Paratha House,Hyderabad,Somajiguda,"Punjabi, North, Indian",4,47,47,47,200,24.8664244
Haji Ali Fresh Fruit Juices,Hyderabad,Banjara Hills,"Beverages, Ice, Cream, Fast, Food",4.2,69,69,69,200,16.51366766
INOX,Hyderabad,Banjara Hills,"Fast, Food",,64,64,64,400,
Pure Veg Meals by Lunchbox,Hyderabad,Abids & Koti,"North, Indian, Desserts, Biryani",4.2,36,36,36,200,12.78699424
Shahi Zaiqa,Hyderabad,Basheer Bagh,"Biryani, North, Indian, Chinese",4.2,35,35,35,750,16.51366766
THE MANUFACTORY SHAKES,Hyderabad,Vanasthalipuram,Beverages,,69,69,69,200,
Brown Bear,Hyderabad,Kharkhana & Trimulgherry,"Bakery, Desserts",3.4,76,76,76,250,10.35137629
Shri Raghavendra Pure Veg,Hyderabad,Ameerpet,"South, Indian",4,60,60,60,180,18.46048207
Oven Story Pizza,Hyderabad,Santosh Nagar,Pizzas,4.3,66,66,66,600,19.84501822
T-Ruchi,Hyderabad,Ameerpet,"Chaat, Fast, Food",,64,64,64,2,
MADHU RUCHI PURE VEG RESTAURANT,Hyderabad,Dilsukhnagar,"Chinese, Indian",3.7,45,45,45,400,14.54775484
Ice N Spice (Hotel Inner Circle),Hyderabad,Somajiguda,"Indian, Chinese, Tandoor, South, Indian",4.1,55,55,55,450,12.48254199
Makers of Milkshakes,Hyderabad,Basheer Bagh,"Beverages, Desserts",4.2,33,33,33,260,19.38350617
Paratha Experiment,Hyderabad,Himayath Nagar,"North, Indian, Punjabi, Home, Food, Indian, Snacks, Combo, Desserts, Beverages, South, Indian, Continental, Chettinad, Healthy, Food, Chinese, Sweets",,36,36,36,250,
Military Xpress,Hyderabad,Kothapet & Dilsukhnagar,"South, Indian",,73,73,73,300,
Grameen Kulfi,Hyderabad,Kothapet,"Ice, Cream, Desserts",4.5,46,46,46,120,20.76804233
SRI RAGHAVENDRA TIFFINS & MEALS,Hyderabad,Kothapet & Dilsukhnagar,"South, Indian",,48,48,48,280,
Udupi dosa house,Hyderabad,Banjara Hills,"South, Indian",4.2,57,57,57,100,19.38350617
Temptations,Hyderabad,Jam Bagh,"Desserts, Beverages",4.4,31,31,31,200,20.30653027
Sri Durga Udupi Tiffins & meals,Hyderabad,Mehdipatnam,"South, Indian",4,59,59,59,150,18.46048207
Assr enterprises,Hyderabad,Ameerpet,Beverages,,74,74,74,250,
Balaji Family Dhaba,Hyderabad,Himayath Nagar,"Indian, Chinese",3.4,46,46,46,350,13.36820715
SLAY Coffee,Hyderabad,Abids,"Beverages, Desserts",4.1,40,40,40,200,18.92199412
WHOLESALE CAKES,Hyderabad,New Gayatri Nagar,"Bakery, Desserts",3.4,67,67,67,300,13.36820715
MANUS KITCHEN TIFFINS,Hyderabad,Tarnaka  Nacharam & Malkajigiri,"South, Indian, Combo, Sweets",4,69,69,69,500,12.17808975
Brownie Heaven,Hyderabad,Himayatnagar,Desserts,,38,38,38,200,
SPECIAL CAKES,Hyderabad,New Gayatri Nagar,Desserts,,74,74,74,200,
New sharma chat house,Hyderabad,Ramgopalpet,"Chaat, Snacks, Beverages",4.2,58,58,58,150,16.51366766
The Starter,Hyderabad,West Marredpally,"Chaat, Street, Food, Beverages, Home, Food, Salads, Snacks",4.4,72,72,72,250,13.39589873
Surprise India - Online Cake Delivery,Hyderabad,Ameerpet,Bakery,3.7,78,78,78,200,11.26473302
That Pizza Place,Hyderabad,Himayath Nagar,"Pizzas, Italian, Fast, Food, Desserts, Continental, Mediterranean, American, Mexican, Indian, Combo, Beverages, Bakery, French, Sweets, European, Lebanese, Snacks",,36,36,36,250,
Persis Cafe,Hyderabad,Balkampet,Indian,4.2,66,66,66,300,16.51366766
Tajis Food Court,Hyderabad,Charminar,"Indian, South, Indian, Chinese, Arabian",,68,68,68,2,
Laddu ji,Hyderabad,Kothapet & Dilsukhnagar,Sweets,,44,44,44,200,
Lakshman Ki Bandi,Hyderabad,Nampally,"South, Indian",4.3,36,36,36,150,19.84501822
HANS KITCHEN,Hyderabad,Ameerpet,"Chinese, North, Indian",,73,73,73,350,
The Liege Waffles,Hyderabad,Himayath Nagar,"Desserts, Bakery",5,45,45,45,300,15.22261219
Sri Amul Tiffins Centre,Hyderabad,Kachiguda,"South, Indian",4.3,32,32,32,200,13.09144648
Homely Kitchen,Hyderabad,Gowlipura,"North, Indian",3.8,53,53,53,200,11.56918526
TINY FOODS HOMELY FOOD COURT,Hyderabad,Ameerpet,Indian,4.1,76,76,76,300,16.12048509
Bakingo,Hyderabad,Begumpet,"Bakery, Desserts, Beverages, Snacks",4.2,57,57,57,300,26.10974562
Arya Bhavan Pure Veg,Hyderabad,Punjagutta,Indian,4.2,53,53,53,200,19.38350617
SHREE SWEETS AND NAAMKEEN,Hyderabad,Ameerpet,Sweets,,76,76,76,499,
Sind bakery,Hyderabad,Begumpet,"Bakery, Pizzas",,62,62,62,250,
Chichore cafe,Hyderabad,Nallakunta & Vidyanagar,"Italian, Beverages",,51,51,51,600,
Chocolate Ideas,Hyderabad,Malkajgiri,"Desserts, Haleem, Home, Food, Healthy, Food, Fast, Food, Sweets, Beverages",3.8,82,82,82,300,14.9409374
Hameedi Confectioners,Hyderabad,Abids,Sweets,4.4,34,34,34,300,20.30653027
Rayudu juice shop,Hyderabad,Ameerpet,"Juices, Beverages, Ice, Cream",4.8,63,63,63,120,18.87276304
BlueFox,Hyderabad,Kalasiguda,"Biryani, North, Indian, Chinese, Tandoor",4.2,68,68,68,800,29.01677007
Aangan - Yatri Nivas,Hyderabad,Ramgopalpet,"North, Indian, South, Indian",4.1,66,66,66,500,18.92199412
Nrs Cafe Nandini,Hyderabad,Begumpet,"South, Indian, Juices, Indian",4.3,65,65,65,150,29.70764555
Rotiwalaz Food Services,Hyderabad,Banjara Hills,Salads,,39,39,39,300,
Maharaja Dosa,Hyderabad,Gunrock Enclave,"South, Indian",3.6,65,65,65,200,10.96028078
Reliance Bakery,Hyderabad,Begumpet,"Bakery, Desserts",4.3,76,76,76,300,13.09144648
Cupcake Bliss Cake & Desserts,Hyderabad,Tarnaka  Nacharam & Malkajigiri,"Bakery, Desserts, Ice, Cream",4,72,72,72,200,12.17808975
4in Natural Fruit Juice,Hyderabad,Yousufguda,"Juices, Healthy, Food",4,69,69,69,250,15.72730253
Gelatica Gelato - Ice Cream & Sorbet The finest,Hyderabad,Kalyan Nagar X Roads,"Ice, Cream, Desserts",4.5,71,71,71,200,17.69321535
SAARANGI RESTAURANT,Hyderabad,Uppal,"South, Indian, North, Indian",,65,65,65,590,
KGF ITALIAN WOOD FIRE PIZZA,Hyderabad,Begumpet,"Italian, Pizzas",,77,77,77,300,
Splurge - Thickshakes and Milkshakes,Hyderabad,Himayath Nagar,"Desserts, Ice, Cream, Beverages",5,45,45,45,300,15.22261219
DOSTEA,Hyderabad,Somajiguda & Khairtabad,"Beverages, Fast, Food",,56,56,56,300,
VIRAT KITCHEN,Hyderabad,Himayath Nagar,"North, Indian, Chinese, Tandoor, Sweets, Beverages",,51,51,51,300,
JAIHIND BIRYANI (NO HALAL),Hyderabad,Himayath Nagar,Indian,,36,36,36,400,
Marathi Katta,Hyderabad,Rajamohallah,Maharashtrian,4.2,27,27,27,150,26.10974562
Krispy Kreme,Hyderabad,Banjara Hills,"Desserts, Beverages",4.3,54,54,54,170,19.84501822
Sindh Sahib,Hyderabad,West Marredpally,Indian,4.5,78,78,78,200,20.76804233
Hotel Rajdhani,Hyderabad,Feelkhana,"North, Indian, South, Indian, Biryani, Tandoor",3.8,39,39,39,500,11.56918526
Jai Bhavani Tiffins,Hyderabad,New Malakpet,"South, Indian, Beverages",3.8,32,32,32,150,11.56918526
NEw royal kitchen,Hyderabad,Himayath Nagar,"Italian, Beverages",,46,46,46,200,
Babai Express,Hyderabad,Khairtabad,"Snacks, South, Indian, Telangana",3.7,39,39,39,200,11.26473302
Zorro - Milkshakes and Thickshakes,Hyderabad,Himayath Nagar,Beverages,5,46,46,46,300,15.22261219
The Bakers Dozen,Hyderabad,Ameerpet,"Bakery, Beverages",4.7,67,67,67,350,14.30925546
Cookie Man Next Galleria Punjagutta,Hyderabad,Punjagutta,"Bakery, Desserts, Australian, Snacks",4.1,73,73,73,200,12.48254199
The Burrito Bowl,Hyderabad,Himayath Nagar,"Mexican, Beverages",4.2,34,34,34,200,16.51366766
CAKE AFFAIR,Hyderabad,Kachiguda,Bakery,,36,36,36,400,
Amay Tiffin Corner (Amul),Hyderabad,King Koti,"South, Indian",4.1,29,29,29,100,25.48808501
FANCY ICE CREAM,Hyderabad,Charminar,"Ice, Cream, Desserts",,44,44,44,40,
Saravana Udupi Hotel,Hyderabad,Nallakunta & Vidyanagar,"South, Indian",3.8,46,46,46,150,14.9409374
FRUIT BITE NATURAL JUICES & SALADS.,Hyderabad,Ameerpet,Juices,4.4,63,63,63,200,27.35306684
Bhagyalaxmi Dhaba,Hyderabad,Himayath Nagar,"Indian, Chinese, Combo",,36,36,36,250,
VOULGA RESTAURANT,Hyderabad,Nampally,"North, Indian, Chinese, Biryani, Fast, Food",3.7,36,36,36,500,11.26473302
SM CAKE O CLOCK BAKERS,Hyderabad,Tarnaka  Nacharam & Malkajigiri,"Bakery, Fast, Food",,70,70,70,400,
Manna millet restaurant,Hyderabad,Vanasthalipuram,"South, Indian",,92,92,92,150,
2 Chefs Cafe,Hyderabad,Ameerpet,"Snacks, Fast, Food, Beverages",3.9,62,62,62,100,17.99897002
VIJJU KI BANDI,Hyderabad,Begumpet,"South, Indian, Chaat, Sweets",4,61,61,61,200,12.17808975
Cafe de Gardenia,Hyderabad,Uppal,"Chinese, Indian, Biryani",,74,74,74,360,
Jaggu Mithai,Hyderabad,Kalasiguda,"Desserts, Biryani, Chaat, Fast, Food",4.2,56,56,56,250,29.01677007
Sri Udupi Grand,Hyderabad,Gudimalkapur,"South, Indian, Chinese, Indian",4.2,50,50,50,300,19.38350617
Sai Ganesh Tiffins,Hyderabad,Ameerpet,"Street, Food, South, Indian",4,64,64,64,50,18.46048207
DOSA HOUSE RESTAURANT,Hyderabad,Banjara Hills,"South, Indian, Biryani",,55,55,55,150,
Tipsy Topsy,Hyderabad,Dilsukhnagar,"Chinese, Italian, Desserts, Bakery, Fast, Food",3.7,39,39,39,250,23.00144257
Sri Sai Ram Darshini Tiffins and Meals,Hyderabad,Santoshnagar & Saidabad,"South, Indian",3.9,43,43,43,150,17.99897002
SOHANLAL TEA TIME,Hyderabad,Abids,"Beverages, South, Indian",,35,35,35,160,
Metro Cafe,Hyderabad,Shivaji Nagar,"Indian, Fast, Food, Bakery",3.7,59,59,59,200,11.26473302
Bombay Kulfis,Hyderabad,Tolichowki,Desserts,,65,65,65,100,
Scoops Ameerpet,Hyderabad,Ameerpet,"Ice, Cream, Desserts, Beverages",,65,65,65,250,
NIC Natural Ice Creams,Hyderabad,Kothapet,"Ice, Cream, Desserts",4.5,46,46,46,120,31.08939651
SuperLean Meals,Hyderabad,Banjara Hills,"Healthy, Food, Juices, Continental",4.2,63,63,63,300,19.38350617
Healthy food house,Hyderabad,Tolichowki HPS kids school opposite,"Indian, Fast, Food, Beverages",,83,83,83,100,
CAKES11,Hyderabad,Begumpet,"Bakery, Desserts",4,62,62,62,200,18.46048207
Shanbhag Hotel,Hyderabad,Punjagutta,"South, Indian, Chinese, Biryani",3.9,54,54,54,300,17.99897002
Pista House,Hyderabad,Darulshifa,"Bakery, Pizzas, Haleem",4.1,37,37,37,200,28.3258946
Snack Sutra,Hyderabad,Secunderabad,"Fast, Food, Snacks, Beverages",,79,79,79,200,
Cream Stone,Hyderabad,Nampally,"Ice, Cream, Desserts, Beverages, Ice, Cream, Cakes",4.4,31,31,31,250,30.39852103
TEJUS FRIENDS KITCHEN,Hyderabad,Nallakunta & Vidyanagar,"Indian, Chinese",,42,42,42,200,
The Dessert Bakers,Hyderabad,Himayath Nagar,"Bakery, Desserts, Snacks",4.5,35,35,35,200,13.70035097
CAKES11,Hyderabad,Kothapet & Dilsukhnagar,"Bakery, Desserts",4,64,64,64,200,18.46048207
Kaati Zone Rolls and Wraps,Hyderabad,Banjara Hills,"Fast, Food, Beverages",4.3,66,66,66,200,16.90685022
Ice Cream Corner,Hyderabad,Begumpet,Indian,,72,72,72,200,
Oh So Stoned,Hyderabad,Karkhana,"Ice, Cream, Desserts",3.9,68,68,68,300,17.99897002
Just bake Banjarahills,Hyderabad,Banjara Hills,"Bakery, Desserts, Fast, Food",,68,68,68,150,
COASTAL CHOPS,Hyderabad,Ameerpet,"Coastal, Indian, Seafood",,75,75,75,300,
Anu Tiffin Center,Hyderabad,Santoshnagar & Saidabad,"South, Indian",3.9,47,47,47,150,11.87363751
Retro Junks,Hyderabad,Begumpet,Snacks,4.6,67,67,67,150,18.08639791
Chandni Chowk,Hyderabad,Banjara Hills,"North, Indian, Combo, Street, Food, Fast, Food, Beverages",3.8,49,49,49,150,14.9409374
PKP - Pidata Kinda Pappu,Hyderabad,Padmarao Nagar,"Snacks, Indian",,62,62,62,150,
Triple a bakery,Hyderabad,West Marredpally,"Italian, Bakery",3.9,70,70,70,100,17.99897002
Sri Balaji mithai bhandar,Hyderabad,Khairtabad,"Sweets, Desserts, Beverages",4.3,32,32,32,300,19.84501822
SRI SAI TIFFINS AND CHAT,Hyderabad,Ameerpet,"South, Indian",,73,73,73,250,
SH SHAWARMA,Hyderabad,Uppal,"Arabian, Fast, Food",,47,47,47,200,
Sukha Sagara,Hyderabad,Karkhana,"South, Indian, North, Indian, Chinese",4.2,70,70,70,250,29.01677007
Milap pan shop,Hyderabad,Ameerpet,Paan,4.5,67,67,67,100,13.70035097
Silver Spoon,Hyderabad,Himayath Nagar,"Snacks, Combo",,37,37,37,160,
Anand Bhavan,Hyderabad,Ramgopalpet,"North, Indian, South, Indian",3.7,59,59,59,150,17.07594591
CAKES07,Hyderabad,Kothapet & Dilsukhnagar,Bakery,,57,57,57,199,
Quality Cakes,Hyderabad,Kothapet & Dilsukhnagar,"Bakery, Sweets, Desserts",,63,63,63,299,
Govi's Organic Foods,Hyderabad,Banjara hills,"Sweets, Desserts, Snacks, Home, Food, Indian",4.7,45,45,45,300,21.69106643
Nrs Anand Tiffins,Hyderabad,Gaddiannaram,"South, Indian",3.8,39,39,39,150,17.53745796
Urban Munchies (US Pizza),Hyderabad,Adikmet,"Fast, Food, Pizzas, Beverages, Desserts",3.2,49,49,49,300,9.742471801
Chandigarh Patiala Dhaba,Hyderabad,Ameerpet,"North, Indian, Sweets",,62,62,62,350,
KAILAS FOOD CENTRE,Hyderabad,Uppal,"South, Indian",,69,69,69,99,
Bikanervala,Hyderabad,Basheer Bagh,"Sweets, North, Indian, Chinese, South, Indian",4.3,35,35,35,500,29.70764555
Tempteas,Hyderabad,Kavadiguda,"Beverages, Snacks",3.4,40,40,40,100,10.35137629
Sweet Heart Family Restaurant,Hyderabad,Bowenpally,"North, Indian, Chinese, Biryani",3.7,74,74,74,300,25.56239268
Sri Balaji Tasty Tiffins And Meals,Hyderabad,New Malakpet,"South, Indian",,33,33,33,150,
Veggie Chinese,Hyderabad,Hyderabad,Chinese,4,59,59,59,150,24.8664244
THE MORINGA,Hyderabad,Kharkhana & Trimulgherry,"South, Indian",4.1,70,70,70,150,18.92199412
Sri Siddhi Udupi Tiffins & Restaurant,Hyderabad,Ramgopalpet,"North, Indian, South, Indian",4.3,55,55,55,150,26.73140623
A One Home Foods,Hyderabad,Begumpet,"South, Indian, North, Indian, Mughlai",3.7,69,69,69,220,14.54775484
Trio-La Patisserie.,Hyderabad,Bowenpally,Desserts,,75,75,75,300,
Down Town House,Hyderabad,Amberpet,"Ice, Cream, Beverages, Fast, Food",2.6,46,46,46,250,7.915758338
HUNGRY BURGER,Hyderabad,Ameerpet,Chinese,,70,70,70,200,
Wallonia Waffle Co.,Hyderabad,Himayath Nagar,Desserts,5,45,45,45,300,15.22261219
ATH - All Things Healthy!,Hyderabad,Banjara Hills,"Healthy, Food, Indian, Keto, Snacks, Bakery, North, Indian",4,63,63,63,200,18.46048207
CANE LAND,Hyderabad,Tolichowki,"Snacks, Beverages",,88,88,88,150,
Black Pearl - Hotel Central Park,Hyderabad,Himayatnagar,"North, Indian, Chinese, Indian",3.3,37,37,37,300,15.22989771
Patel's Chips and Crisps,Hyderabad,Kachiguda,Indian,4.4,25,25,25,350,20.30653027
Seeta Fruit Juice Centre,Hyderabad,Himayatnagar,"Ice, Cream, Beverages",3.4,37,37,37,200,15.69140976
Sri Ganesh Fruit Juice,Hyderabad,Ameerpet,"Street, Food, Indian, Beverages",4.4,71,71,71,100,20.30653027
Sofrehh Persian Bistro,Hyderabad,Film Nagar,"Fast, Food, Middle, Eastern, Cafe",4.1,77,77,77,400,16.12048509
Jalebiwalas Mithai Bhandar,Hyderabad,Afzal Gunj,"Desserts, Bakery",3.8,38,38,38,300,14.9409374
Ruby Restaurant,Hyderabad,Chandrayangutta,"Biryani, Indian, Hyderabadi, Fast, Food, Haleem",3.6,67,67,67,250,16.61443386
Juice it up,Hyderabad,Nallakunta & Vidyanagar,"Chaat, Beverages, Juices",,48,48,48,150,
Cupcake Bliss Cake & Desserts,Hyderabad,Banjara Hills,"Desserts, Bakery, Ice, Cream",4.1,62,62,62,200,18.92199412
The Bedford Bakehouse And Tearoom,Hyderabad,Banjara Hills,Continental,,74,74,74,500,
Rk Sweets and Juices,Hyderabad,Madhura Nagar,"Sweets, Desserts, Bakery, Beverages",4.2,63,63,63,200,16.51366766
H.S.KITCHENS CHILLI AND GARLIC,Hyderabad,Himayath Nagar,"Fast, Food, Desserts",,45,45,45,300,
nalabheema Kitchen,Hyderabad,Kothapet & Dilsukhnagar,Chinese,3.9,60,60,60,250,17.99897002
the tea tree,Hyderabad,Basheer Bagh,Beverages,,36,36,36,100,
APPLE CUT,Hyderabad,Himayath Nagar,"Healthy, Food, Salads, Chaat",3.9,35,35,35,300,15.33411997
Ayaan's Bbq & Mataam Mandi,Hyderabad,Tarnaka,"Arabian, Biryani, Mughlai",4.1,67,67,67,400,12.48254199
Yummy and cakes fast food,Hyderabad,Tarnaka  Nacharam & Malkajigiri,"Bakery, Snacks",,71,71,71,200,
GRAB A BOWL,Hyderabad,Secunderabad,"North, Indian, South, Indian, Healthy, Food, Juices",,74,74,74,200,
Sri Raghavendra Tiffins,Hyderabad,Nallakunta,"South, Indian",4.3,32,32,32,250,29.70764555
Spice Garden (Royal Reve Hotel),Hyderabad,Shivaji Nagar,"North, Indian, Chinese, Continental",4.2,66,66,66,600,19.38350617
China Express & Sizzling Joe,Hyderabad,Ramgopalpet,"Chinese, Italian",4,61,61,61,500,18.46048207
Sobremesa - Cakes and Dessets,Hyderabad,Kothapet & Dilsukhnagar,"Bakery, Desserts",4.4,74,74,74,300,13.39589873
Waffle house,Hyderabad,Banjara Hills,"Cafe, Desserts, Beverages",3.9,55,55,55,400,11.87363751
HOUSE OF BIRYANI,Hyderabad,Tarnaka  Nacharam & Malkajigiri,"Indian, Biryani",,72,72,72,350,
The Waffle CO,Hyderabad,Uppal,"Desserts, Beverages",4.2,61,61,61,200,16.51366766
Gayathri Tiffins,Hyderabad,Uppal,"South, Indian",3.9,61,61,61,200,17.99897002
INTI BHOJNAM,Hyderabad,Malkajgiri,"South, Indian",3.3,82,82,82,300,10.04692404
HOTEL TAMILNAADU,Hyderabad,Tarnaka  Nacharam & Malkajigiri,"South, Indian",,75,75,75,100,
Sonu De SNACKS,Hyderabad,Ameerpet,"Pizzas, North, Indian, Fast, Food",,77,77,77,150,
Subbayya Gari Hotel,Hyderabad,Vanasthalipuram,"South, Indian",3.9,68,68,68,250,24.24476379
Raagam Foods,Hyderabad,Ameerpet,Biryani,,73,73,73,300,
HD RESTAURANT,Hyderabad,Ameerpet,"South, Indian, Chinese, Fast, Food, Desserts, Beverages",3.5,71,71,71,150,10.65582853
CHAI AMRUTH,Hyderabad,Jillelaguda,Beverages,,64,64,64,110,
Kushi Tiffin center,Hyderabad,Somajiguda & Khairtabad,"South, Indian",,48,48,48,100,
Sahadeva Reddy Pure Ghee Sweets,Hyderabad,Dilsukhnagar,Sweets,4.3,39,39,39,400,19.84501822
SAIRA HOME MADE FOOD,Hyderabad,Golconda Fort,Indian,4.4,86,86,86,300,17.30003278
Eagles Pizza,Hyderabad,Shivaji Nagar,Pizzas,4,63,63,63,150,24.8664244
Hari Dosa,Hyderabad,Ameerpet,"Indian, South, Indian, Chinese",3.8,66,66,66,200,26.25326816
Baskin Robbins,Hyderabad,Uppal,"Desserts, Ice, Cream",4,61,61,61,250,12.17808975
VISHNU PRIYA UDIPI TIFFINS & MEALS,Hyderabad,Ameerpet,"Chinese, South, Indian",,66,66,66,250,
The Tim Cafe,Hyderabad,Ameerpet,"Snacks, Mexican, Pizzas, Italian",,74,74,74,200,
Chai Kings,Hyderabad,Ameerpet,"Fast, Food, Combo, Desserts, Beverages",4.5,62,62,62,150,31.08939651
Hotel Woodside (Veg),Hyderabad,kachiguda,"South, Indian, North, Indian, Chinese",4.5,30,30,30,200,20.76804233
Lucky's Biryani House,Hyderabad,Padmarao Nagar,"Biryani, Chinese",3.8,48,48,48,400,17.53745796
EK PYALI CHAI,Hyderabad,Khairtabad,"Beverages, Chaat, Desserts, Fast, Food, Juices",4.2,36,36,36,150,16.51366766
The Belgian Waffle Co.,Hyderabad,Punjagutta,"Desserts, Beverages",4.5,66,66,66,200,20.76804233
Delhi Mithaiwala,Hyderabad,Punjagutta,"Sweets, Desserts, Chaat, Snacks, Bakery",4.4,61,61,61,250,27.35306684
CHAI VAAI CAFE,Hyderabad,Kothapet & Dilsukhnagar,"Snacks, Indian, Chinese",,55,55,55,200,
BALAJI TIFFINS,Hyderabad,Kharkhana & Trimulgherry,"South, Indian",4.1,71,71,71,150,12.48254199
Homelyfit,Hyderabad,Uppal,"Healthy, Food, Continental, Indian, Chinese",,66,66,66,300,
RHM BAKERS,Hyderabad,Nallakunta & Vidyanagar,"Bakery, Pizzas, Fast, Food, Beverages",,54,54,54,199,
Natural Fruits and Juices,Hyderabad,Uppal,"Juices, Salads",3.8,57,57,57,200,11.56918526
Tea Time,Hyderabad,Ramgopalpet,Beverages,,63,63,63,200,
THE HIDE AWAY CAFE,Hyderabad, Begumpet,Chinese,,67,67,67,480,
Vasireddy Swagruha Foods,Hyderabad,Kothapet,"Sweets, South, Indian, North, Indian, Snacks",4.2,54,54,54,350,19.38350617
Dosa factory,Hyderabad,Toli Chowki,"South, Indian",4.1,73,73,73,100,25.48808501
Magic On Tongue,Hyderabad,West Marredpally,"North, Indian, Rajasthani, Sweets, Chaat, Indian, Snacks, Street, Food, Home, Food",4.2,81,81,81,200,19.38350617
Diamond bakery,Hyderabad,Banjara Hills,"Pizzas, Bakery",,34,34,34,350,
Tif In,Hyderabad,Uppal,"Snacks, South, Indian",3.5,73,73,73,150,10.65582853
Mohammedia Shawarma,Hyderabad,Mehdipatnam,"Arabian, Street, Food",3.8,57,57,57,300,23.62310318
Bakers s street,Hyderabad,Kothapet & Dilsukhnagar,"Fast, Food, Bakery, Desserts, Beverages",,58,58,58,450,
Fitmeals,Hyderabad,Banjara Hills,"Continental, Lebanese",4.2,67,67,67,500,19.38350617
Peshawar Juice n Ice cream,Hyderabad,Lakdi ka pul,"Juices, Beverages, Desserts",2.9,51,51,51,200,8.829115069
Pista House Tea,Hyderabad,Uppal,Beverages,4.2,63,63,63,100,16.51366766
SRICANTH DHABA,Hyderabad,Ameerpet,"Indian, Chinese",3.2,69,69,69,280,9.742471801
Balaji Mohanlal Mithai Bhandar,Hyderabad,A.S. Rao Nagar & Sainikpuri,Sweets,,84,84,84,200,
Suprabhat Tiffins.,Hyderabad,NALGONDA,"South, Indian, North, Indian",4.2,31,31,31,300,16.51366766
Sri Raghavendra Tiffins - chilakalaguda,Hyderabad,Chilakalguda,"South, Indian, Chinese",4,48,48,48,150,18.46048207
WOWFFLES,Hyderabad,Sanjeeva Reddy Nagar,"Desserts, Bakery",3.7,79,79,79,400,14.54775484
TRIO LA PATISSERIE,Hyderabad,Begumpet,"Bakery, Desserts",,64,64,64,400,
A.M.TIFFIN CENTRE,Hyderabad,Himayath Nagar,"South, Indian",4.1,29,29,29,150,16.12048509
Om SaiRam Hospitality Services,Hyderabad,Punjagutta,"Indian, South, Indian, Chinese",4.4,67,67,67,200,20.30653027
BALAJI JAINARAYAN MITHAI BHANDAR,Hyderabad,Kharkhana & Trimulgherry,"Sweets, Snacks, Bengali",3.8,69,69,69,300,11.56918526
Ohri's Cake Nation,Hyderabad,Banjara Hills,"Desserts, Bakery",4.1,52,52,52,600,18.92199412
SAM ICECREAME AND CHAT Center,Hyderabad,Tolichowki,"Beverages, Ice, Cream, Salads",,75,75,75,120,
Dairy Den,Hyderabad,Langar Houz,"Ice, Cream, Desserts, Beverages",4.2,54,54,54,200,12.78699424
BABAI TIFFINS AND CARRIES,Hyderabad,Ameerpet,"South, Indian",,72,72,72,200,
SRI VENKATESHWARA TIFFIN'S,Hyderabad,LB Nagar,"North, Indian",,77,77,77,300,
Eat n Joy Bakers,Hyderabad,Yousufguda,Bakery,4.1,67,67,67,200,12.48254199
Just parantha,Hyderabad,Banjara Hills,"North, Indian",4.2,48,48,48,200,29.01677007
Tea Kettle,Hyderabad,Karkhana,"Beverages, Fast, Food",4.5,68,68,68,300,17.69321535
Sandwich Eatery,Hyderabad,Banjara Hills,"Fast, Food, Beverages",4,75,75,75,250,18.46048207
Sudarshan Reddy Pure Ghee Sweets,Hyderabad,Tarnaka,"Desserts, Sweets",4.4,51,51,51,200,20.30653027
Lo! - Low Carb and Keto Foods,Hyderabad,Banjara Hills,"Healthy, Food, Keto, North, Indian, Continental",4.3,61,61,61,150,26.73140623
MASHALLAH BAIT AL MANDI THE ARABIAN RESTAURANT,Hyderabad,Charminar,"North, Indian",,79,79,79,1600,
House of Dosas,Hyderabad,Banjara Hills,"South, Indian",4.3,63,63,63,200,26.73140623
Acs Chinese Flavour,Kolkata,Taltala,Chinese,4,45,40,40,300,24.8664244
Mughal Arsalan Biryani,Kolkata,College Square,"Indian, Biryani",4,31,26,26,200,34.06957269
NEW ARSALAAN'S KITCHEN,Kolkata,Burrabazar,"Indian, Snacks",,37,32,32,100,
Silver Spoon,Kolkata,Taltala,"Chinese, Tibetan",3.9,52,47,47,400,17.99897002
MAHAL RESTAURANT,Kolkata,Burrabazar,"Bengali, Indian",,41,36,36,200,
Bindass Food Plaza,Kolkata,College Square,"Indian, Chinese, Tandoor",4.5,36,31,31,200,13.70035097
New Noodle King,Kolkata,Taltala,"Chinese, Seafood",4,53,45,45,300,18.46048207
Royal Indian Hotel,Kolkata,Barabazar Market,"North, Indian, Biryani, Mughlai",4.3,36,31,31,450,29.70764555
Mio Amore - The Cake Shop,Kolkata,Tiretti,"Desserts, Bakery, Snacks",4.6,35,30,30,150,21.22955438
Caafe 360 Degree- Kakurgachi,Kolkata,Kankurgachi,"Italian, Chinese",3.9,59,54,54,500,17.99897002
Kwality Walls Frozen Dessert and Ice Cream Shop,Kolkata,Central Kolkata,"Ice, Cream",,45,37,37,300,
Monginis,Kolkata,Esplanade,"Desserts, Bakery",4.2,36,31,31,300,12.78699424
Don Giovanni's,Kolkata,Taltala,"North, Indian, Chinese, Italian, Pizzas, Thai",4.2,62,54,54,1300,19.38350617
Star Zoya Biryani,Kolkata,Bowbazar,Biryani,3.8,36,31,31,200,11.56918526
Zam Zam Restaurant,Kolkata,Entally,"Mughlai, Biryani",4.4,46,38,38,200,30.39852103
Moti Mahal Delux,Kolkata,Park Street Area,"Indian, Seafood, Chinese, North, Indian, Bengali",4.3,54,46,46,700,19.84501822
New Paul Dhaba,Kolkata,Maniktala,"North, Indian, Chinese",3.9,42,36,36,400,26.94414364
D' LEY CHINESE FAST FOOD,Kolkata,Central Kolkata,"Chinese, Seafood, Beverages",,44,36,36,300,
Arhaam Rasoi,Kolkata,Park Street Area,"Indian, Biryani, Chinese",4.1,62,54,54,250,18.92199412
D'Ley Chinese Restaurant,Kolkata,Tiretti,Chinese,4.5,44,39,39,300,27.97472745
Sufi Palace,Kolkata,College Street,"Mughlai, North, Indian, Chinese",4.4,39,34,34,250,20.30653027
Fabcafe By Fabindia,Kolkata,Park Street Area,"Indian, Continental, Healthy, Food, Beverages, Desserts, Snacks, North, Indian",4.4,58,50,50,1000,20.30653027
Pizza Kingz,Kolkata,Burrabazar,"Pizzas, Juices, Fast, Food",,40,35,35,250,
Royal Spoon,Kolkata,Machuabazar,Chinese,4.1,43,37,37,100,28.3258946
Nice Fried Chicken,Kolkata,Barabazar Market,Chinese,,50,45,45,250,
Ayan fast food center,Kolkata,Tiretti,Indian,3.6,51,46,46,200,10.96028078
The 6 Russell Street,Kolkata,Park Street Area,"Street, Food, Chinese",3.8,54,46,46,300,23.62310318
The Central Grub Club,Kolkata,Bentinck St.,"Chinese, Thai",4.4,38,33,33,400,17.30003278
Masala Wok Bar & Kitchen,Kolkata,Bowbazar,"Indian, Chinese",,45,40,40,600,
Jay Ambe Bhojanalaya,Kolkata,Jorasanko,"North, Indian",3.9,45,40,40,200,17.99897002
Red Chillies,Kolkata,Kolkata,Chinese,4.2,38,33,33,250,26.10974562
GUPTA TEA,Kolkata,Salt Lake,"Snacks, Beverages, Indian",4.2,39,33,33,150,26.10974562
The London Shakes And Cafe,Kolkata,Kankurgachi,"Fast, Food, Beverages, Italian, Pizzas, Desserts, Snacks",4.1,40,37,37,300,16.12048509
Gourmet Ice Cream Cakes by Baskin Robbins,Kolkata,Kankurgachi,"Desserts, Ice, Cream, Bakery",,40,37,37,400,
Pabrai's Fresh And Naturelle IceCream,Kolkata,Girish Park,"Ice, Cream, Beverages, Desserts",4.9,37,32,32,300,14.91815994
NIC Natural Ice Creams,Kolkata,Hatibagan,"Ice, Cream, Desserts",4.8,37,31,31,120,29.83970929
Grameen Kulfi,Kolkata,Hatibagan,"Ice, Cream, Desserts",4.6,39,33,33,120,21.22955438
6 Ballygunge Place Take Away - Maniktala,Kolkata,Machuabazar,Bengali,4.3,39,34,34,800,19.84501822
The Biryani Mahal,Kolkata,Taltala,Biryani,3.2,39,34,34,250,14.76838565
Kathleen,Kolkata,Entally,Desserts,4.2,40,35,35,300,26.10974562
NEW MADRAS TIFFIN,Kolkata,Shyam Bazar,"South, Indian, Beverages",4.4,41,36,36,250,20.30653027
Alishan Biryani,Kolkata,Entally,Biryani,4,41,36,36,200,15.72730253
Chokherkhida,Kolkata,Entally,"Fast, Food, Chinese",4.3,41,36,36,150,19.84501822
New Zoya Biryani,Kolkata,Machuabazar,Mughlai,3.7,41,35,35,200,17.07594591
Spicy Alley,Kolkata,Central Kolkata,"Chinese, Indian",,46,38,38,300,
EURASIA KITCHEN,Kolkata,Machuabazar,"Indian, Chinese, Continental, Seafood",,56,51,51,300,
Petuk Bangali,Kolkata,Machuabazar,"Bengali, Indian, Snacks, Fast, Food, Home, Food, Desserts, Beverages, Combo",4.3,44,39,39,400,19.84501822
AADI BANGALI RESTAURANT,Kolkata,Burrabazar,"Bengali, Fast, Food, Combo, Thalis",,43,38,38,300,
Satvik,Kolkata,Barabazar Market,Indian,,52,47,47,250,
The Chicken House,Kolkata,Burrabazar,"Snacks, Fast, Food",4.5,45,40,40,200,13.70035097
Aalamir,Kolkata,Central Kolkata,"Chinese, Indian, Biryani",,48,40,40,200,
Aalishan Restaurant & Caterer,Kolkata,Central Kolkata,"Biryani, Indian, Desserts",,47,39,39,200,
Amber's Kitchen,Kolkata,Burrabazar,"North, Indian, Biryani",,41,36,36,250,
Lazeez  Fast  food  Centre,Kolkata,Raja Bazar,"Fast, Food, Chinese",,45,40,40,200,
Bhojohori Manna,Kolkata,Bentinck St.,Bengali,4.1,42,37,37,900,18.92199412
ebowl,Kolkata,Taltala,"Indian, Chinese, Biryani, Combo, Beverages",4.3,45,37,37,150,19.84501822
Lazeez Biryani,Kolkata,Raja Bazar,"Biryani, Mughlai",3.5,35,30,30,250,24.18064173
Taj Biryani and Restaurant,Kolkata,Taltala,"Biryani, Mughlai",4.1,42,34,34,250,16.12048509
edabba,Kolkata,Taltala,"Combo, Fast, Food, North, Indian, Chinese, Biryani, Continental, Beverages",4.2,43,35,35,150,29.01677007
Delisha Biryani House,Kolkata,Raja Bazar,Biryani,3.5,42,37,37,200,10.65582853
Aminia- Hatibagan,Kolkata,Shyam Bazar,"Biryani, Mughlai, North, Indian, Indian, Kebabs, Tandoor",4.3,50,44,44,500,29.70764555
New Paul Dhaba Delight,Kolkata,Kolkata,"North, Indian, Chinese",3.9,43,38,38,200,24.24476379
Crazy 4 Cakes - Ganesh Talkies,Kolkata,Jorasanko,"Desserts, Bakery, Fast, Food",4,38,33,33,200,15.72730253
Abhinandan Ravi ji,Kolkata,Burrabazar,"Sweets, Snacks, Combo",,44,39,39,200,
Alfresco - The Lalit Great Eastern,Kolkata,Bentinck St.,Indian,,57,52,52,1100,
Urbans Cafe,Kolkata,Manicktala,"Chinese, Mexican, Continental",4.2,46,40,40,350,12.78699424
Zoya Biriyani,Kolkata,Machuabazar,"Mughlai, Biryani",4,38,32,32,150,15.72730253
Baskin Robbins,Kolkata,Burrabazar,"Desserts, Ice, Cream",4.5,35,30,30,250,20.76804233
WHERE TO GO,Kolkata,Burrabazar,"Tandoor, Indian, Continental, Pizzas",,49,44,44,600,
Mezban Ripon Street,Kolkata,Taltala,"Indian, Biryani, Chinese, Tandoor",3.9,48,40,40,300,26.94414364
Wow! Momo,Kolkata,Machuabazar,"Tibetan, Healthy, Food, Asian, Chinese, Snacks, Continental, Desserts, Beverages",4.3,38,32,32,300,19.84501822
Janta Sweets,Kolkata,Raja Bazar,"Desserts, Sweets",4.1,45,40,40,200,12.48254199
Bismillah Stores,Kolkata,Central Kolkata,"Fast, Food, Pizzas",,48,40,40,200,
New Paul Dhaba - Veggie Hub,Kolkata,Kolkata,"North, Indian, Chinese, South, Indian, Fast, Food, Tandoor",4.2,42,36,36,250,26.10974562
Fantastic Food Story,Kolkata,Machuabazar,"North, Indian, Chinese, Continental, South, Indian, Fast, Food, Beverages",4.2,44,38,38,400,16.51366766
SUGARROOM,Kolkata,Burrabazar,"Bakery, Beverages",,45,40,40,300,
ronit dhaba,Kolkata,Hedua,"Indian, Mughlai",3.1,42,36,36,150,9.438019557
Ichamotee,Kolkata,Taltala,"Bengali, Bangladeshi, Combo, Thalis",4,43,38,38,200,18.46048207
Piccadilly Square,Kolkata,B.B.D. Bagh,"Italian, Desserts, Bakery",4.4,44,39,39,800,13.39589873
The Chutney Co.,Kolkata,B.B.D. Bagh,"South, Indian",4.5,44,39,39,400,20.76804233
Fresh Fried,Kolkata,Central Kolkata,"American, Snacks",,48,40,40,200,
UP Bihar,Kolkata,Taltala,"North, Indian, Mughlai",4.2,53,48,48,200,19.38350617
SIPSMART CLOUD KITCHEN,Kolkata,Burrabazar,"Chinese, Bakery, Combo",,51,46,46,250,
ebites@99,Kolkata,Central Kolkata,"Chinese, Indian, North, Indian, Salads, Beverages, Desserts",4.4,47,39,39,200,17.30003278
JITENDRA'S HOTEL,Kolkata,Manicktala,Indian,2.7,51,45,45,300,8.220210582
New Arafat Restaurant,Kolkata,Taltala,Indian,3.8,50,45,45,200,17.53745796
Al-Baik,Kolkata,Central Kolkata,"Indian, Fast, Food",,52,44,44,300,
Azad Hind Dhaba,Kolkata,Naktala,"Indian, North, Indian, Chinese, Thalis",3.7,41,36,36,400,14.54775484
Chowman,Kolkata,Shyam Bazar,"Asian, Chinese, Thai, Pan-Asian",4.4,50,45,45,700,30.39852103
CIT Cafe,Kolkata,Entally,Chinese,4.3,57,49,49,600,26.73140623
Jimmy's Restaurant,Kolkata,Taltala,Chinese,4.4,52,47,47,1200,13.39589873
Mushroom,Kolkata,Machuabazar,"Indian, Chinese, Tandoor",4.4,44,38,38,500,17.30003278
Blossoms,Kolkata,Sovabazar,"Chinese, Indian",,50,44,44,250,
Karim's,Kolkata,Central Kolkata,Mughlai,4.2,48,40,40,250,19.38350617
The Cooking Co.,Kolkata,Taltala,"Thai, Chinese",,59,54,54,600,
La Pino'z Pizza,Kolkata,Park Street Area,Pizzas,4.1,47,39,39,300,28.3258946
ANUPAMA CLOUD KITCHEN,Kolkata,Taltala,"Indian, Chinese",2.7,57,49,49,400,10.61592921
OM SNACKS CENTER,Kolkata,Entally,"Chinese, Tandoor, Indian",,53,45,45,300,
Kasturi Restaurant,Kolkata,Taltala,Bengali,4.1,59,54,54,500,18.92199412
Ather Biryani,Kolkata,Taltala,Mughlai,,49,44,44,200,
Swad Restaurant,Kolkata,Manicktala,"Indian, Chinese, Tandoor, Fast, Food, Biryani",4.4,41,36,36,200,20.30653027
Apu's Kitchen Phool Bagan,Kolkata,Near Gurudas Park,"Indian, Chinese",4.2,49,44,44,300,29.01677007
Calcutta Calling,Kolkata,Central Kolkata,"Chinese, Tandoor, Mediterranean, Kebabs, Oriental, Thai, Snacks",4.1,53,45,45,300,18.92199412
New Gharib Nawaz Restaurant,Kolkata,Central Kolkata,"Biryani, Chaat, Desserts, Beverages",4.5,53,45,45,150,17.69321535
Vanakkam,Kolkata,Machuabazar,"South, Indian, Ice, Cream",4.4,49,44,44,300,17.30003278
Hungry Monkzzz,Kolkata,Machuabazar,"Chinese, Tibetan",4,53,47,47,250,12.17808975
KFC,Kolkata,Taltala,"American, Snacks",4.4,48,40,40,450,27.35306684
New Punjab Khalsa Hindu Hotel,Kolkata,Barabazar Market,"North, Indian",,41,36,36,250,
Nalin Chandra Das and sons,Kolkata,Jorabagan,Sweets,4.5,41,36,36,300,17.69321535
Pandey Dhaba,Kolkata,Jorasanko,Indian,,44,39,39,300,
Barista,Kolkata,Taltala,"Beverages, Snacks, Desserts",4.1,45,40,40,350,12.48254199
Brother's Snack,Kolkata,Taltala,"Indian, Chinese, Fast, Food",,50,45,45,200,
Amritsari,Kolkata,Barabazar Market,"North, Indian, Punjabi",4.2,45,40,40,300,12.78699424
Banjara,Kolkata,Central Kolkata,"North, Indian, Tandoor, Biryani, Chinese, Desserts, Beverages",,55,47,47,200,
LYTTON HOTEL,Kolkata,Central Kolkata,"Pizzas, Fast, Food, North, Indian",,55,47,47,300,
Keventers Ice Creamery,Kolkata,Esplanade,"Ice, Cream, Desserts",5,45,40,40,300,15.22261219
Shiraz Golden Restaurant,Kolkata,Beniapukur,"Biryani, Mughlai, North, Indian, Indian, Kebabs, Tandoor",4.4,52,44,44,500,30.39852103
Natural Ice Cream,Kolkata,Taltala,"Ice, Cream",4.8,43,35,35,150,22.15257848
NEW NIJAM BIRYANI & FAST FOOD,Kolkata,Central Kolkata,"Indian, Biryani",,60,52,52,300,
J.K. MUSKAN ROOL JAISWAL CORNER,Kolkata,Central Kolkata,"Chinese, Pastas",,48,40,40,250,
EATERNIAA,Kolkata,Central Kolkata,"Chinese, Fast, Food, Italian",,56,48,48,300,
BIRYANI CORNER (SHAHI BIRYANI HOUSE),Kolkata,Taltala,Biryani,,58,50,50,200,
Rayyan Biryani,Kolkata,Taltala,"Biryani, Mughlai",3.2,42,37,37,200,14.76838565
The Bhoj Company,Kolkata,Lal Bazar,"Bengali, Chinese",4.3,49,44,44,500,19.84501822
NOODLE TIME,Kolkata,Taltala,"Chinese, Fast, Food",4.3,50,45,45,200,13.09144648
Lazzat,Kolkata,Esplanade,Chinese,4.1,50,45,45,300,18.92199412
BHIMNAG'S BROTHER SREENATH NAG,Kolkata,Central Kolkata,Indian,4.1,43,35,35,200,16.12048509
Combo King,Kolkata,Taltala,"Biryani, Chinese",3.2,41,36,36,250,12.58184202
Couch Potato,Kolkata,Machuabazar,"Chinese, Tibetan",4.1,51,45,45,200,16.12048509
H R RESTAURANT,Kolkata,Entally,"Biryani, Chinese, Indian",3.8,50,45,45,300,11.56918526
The Hot Kati Roll,Kolkata,Taltala,"Indian, Fast, Food",3.1,50,45,45,150,9.438019557
Tung Fong,Kolkata,Taltala,"Asian, Chinese",4.5,56,48,48,1200,27.97472745
Fusion,Kolkata,Shobhabazar,"Indian, Chinese, Tandoor",4.6,44,38,38,500,21.22955438
Kareem's - Park Street,Kolkata,Taltala,"Biryani, North, Indian, Mughlai",4.3,54,46,46,1100,26.73140623
FOOD KING,Kolkata,Central Kolkata,Chinese,,60,52,52,400,
DAMURS,Kolkata,Hatibagan,"Indian, Chinese, Snacks",,51,45,45,600,
Giani's,Kolkata,Taltala,"Ice, Cream, Desserts, Beverages",,53,45,45,250,
Jain Surbhi,Kolkata,Jorabagan,"South, Indian, North, Indian",3.5,54,49,49,150,16.15292181
Best of Gupta's,Kolkata,Taltala,"Indian, Chinese, Tandoor",4.3,43,38,38,400,16.90685022
Be kebabii,Kolkata,Entally,"Kebabs, Combo, Biryani, Mughlai, North, Indian, Chinese",,59,54,54,250,
Koshe Kosha-Hatibagan,Kolkata,Near Rupbani Cinema,Bengali,4.4,43,37,37,500,20.30653027
Sanjha Chulha,Kolkata,Beniapukur,"North, Indian, Biryani, Indian, Chinese",4.4,57,49,49,400,20.30653027
Flavours Of China,Kolkata,Park Street Area,"North, Indian, Chinese",4.5,67,59,59,1000,20.76804233
JACKIE'S KITCHEN,Kolkata,Taltala,"Chinese, Tibetan",,51,46,46,350,
What's Your Flavour?,Kolkata,Taltala,Desserts,4.8,49,44,44,150,14.6137077
Chinese Wall,Kolkata,Kolkata,"Chinese, Snacks",4.2,43,37,37,100,29.01677007
Yo Chelo,Kolkata,Central Kolkata,"Kebabs, Tandoor, Fast, Food",3.9,58,50,50,300,11.87363751
CHILL STATION,Kolkata,Entally,"Ice, Cream, Pizzas, Beverages, Fast, Food",3.1,47,39,39,300,9.438019557
C/o. Bangali,Kolkata,Shobhabazar,"Indian, Bengali, Continental",4.2,57,51,51,700,16.51366766
Kolkata Bites,Kolkata,Entally,"Indian, Snacks, Chinese, Desserts, Beverages, Pizzas, Pastas, Biryani",4,51,46,46,300,15.72730253
Lebanese Junction - Steak House,Kolkata,Shobhabazar,"Lebanese, Continental",4.4,50,44,44,350,27.35306684
Ilish Truly Bong Restaurant,Kolkata,Park Street Area,Indian,3.7,56,48,48,1100,11.26473302
Zafran,Kolkata,Entally,"Mughlai, Biryani, Kebabs",4.3,43,38,38,250,19.84501822
Floriana,Kolkata,Central Kolkata,"Indian, Continental",,60,52,52,800,
Waldorf,Kolkata,Park Street Area,Chinese,3.8,61,53,53,700,14.9409374
The Tasty Bites @99,Kolkata,Entally,"Fast, Food",4.1,54,46,46,99,12.48254199
LITTLE ROTI,Kolkata,Park Street Area,"Indian, South, Indian, North, Indian",4.4,63,55,55,400,13.39589873
Room Service by Polo Floatel,Kolkata,Central Kolkata,"North, Indian, Asian, Mughlai",,53,45,45,1600,
,,,,,,,,,
,,,,,,,,,
Dimpi Restaurant,Kolkata,Shyam Bazar,"Snacks, Indian, Chinese, South, Indian, Vietnamese",4.2,46,40,40,150,29.01677007
Sony Food Centre,Kolkata,Ahiritola,"Chinese, Indian",,54,48,48,200,
Dessert Club,Kolkata,Beleghata,"Bakery, Desserts, Snacks",3.9,38,35,35,300,11.87363751
Bhuri Bhoj,Kolkata,Burrabazar,"North, Indian, Chinese",,52,47,47,299,
Monkey Bar,Kolkata,Elgin,"North, Indian, American, European, Asian",4.2,58,50,50,1000,16.51366766
SHERE PUNJAB KOLAGHAT,Kolkata,Central Kolkata,"Indian, Chinese, Salads",,60,52,52,650,
Pawan Putra,Kolkata,Beleghata,"North, Indian, Chinese, South, Indian, Continental",4.4,44,39,39,700,20.30653027
"Soul	The Sky Lounge",Kolkata,Park Street Area,"Asian, Continental, North, Indian, Tandoor, Chinese, Thai, Pizzas, Beverages, Snacks",4.2,62,54,54,200,12.78699424
Tripti Snacks Bar,Kolkata,Burrabazar,"Chinese, Biryani, Combo, Kebabs",4.5,51,46,46,240,13.70035097
New Lazzat Biryani,Kolkata,Central Kolkata,Biryani,,56,48,48,200,
Gabbar's Bar & kitchen,Kolkata,Park Street Area,"North, Indian, Chinese",,74,66,66,1400,
Onam Restaurant,Kolkata,Kankurgachi,"Chinese, South, Indian, Continental",4.1,53,48,48,250,18.92199412
ATS Arun Dhaba,Kolkata,Park Street Area,"North, Indian, Chinese",4.2,53,45,45,300,26.10974562
SOOPER BURGER,Kolkata,Central Kolkata,Continental,,64,56,56,150,
CELEBRATION,Kolkata,Burrabazar,"Desserts, Bakery",,52,47,47,300,
TOAST N TONIC,Kolkata,Shyam Bazar,"Chinese, Seafood",,59,51,51,500,
Saima Restaurant - Mughlai and North Indian,Kolkata,Park Street Area,"North, Indian, Mughlai, Snacks",4.1,54,46,46,300,28.3258946
FOODLAND,Kolkata,Beleghata,"Indian, Tandoor, Kebabs, Biryani, Chinese, Salads, Beverages",,55,50,50,500,
Faloodah By Purple Foods,Kolkata,Central Kolkata,"Beverages, Desserts",,58,50,50,200,
The Shake Factory,Kolkata,Elgin,"Ice, Cream, Beverages",,63,55,55,300,
Govinda's,Kolkata,Elgin,"Indian, Chinese",4.3,55,47,47,750,19.84501822
Belgian Waffle Junction,Kolkata,Elgin,"Ice, Cream, Beverages, Snacks",,57,49,49,300,
Fries Before Guys,Kolkata,Elgin,Snacks,,59,51,51,300,
Sher-e-Punjab,Kolkata,Park Street Area,"North, Indian, Chinese",4.3,55,47,47,500,19.84501822
VANTUS,Kolkata,Hatibagan,"Fast, Food",,52,46,46,200,
The Cake Xpress,Kolkata,Kankurgachi,"Desserts, Bakery",4.3,41,38,38,200,19.84501822
Jimmy's Kitchen,Kolkata,Park Street Area,Chinese,4.4,56,48,48,1400,20.30653027
Chows and Rolls,Kolkata,Shyam Bazar,"Chinese, Fast, Food",3.8,68,62,62,250,14.9409374
Zalt,Kolkata,Kankurgachi,Indian,4.4,57,52,52,200,13.39589873
Anokha baghicha,Kolkata,Beniapukur,"Indian, Chinese",3.9,51,46,46,300,17.99897002
The Platter Hub,Kolkata,Shyam bazar,"Kebabs, American, Lebanese, Combo",,54,48,48,300,
The Salt House,Kolkata,Elgin,"Continental, Italian",4.5,59,51,51,1200,17.69321535
Kebab-e-Que - The Astor Hotel,Kolkata,Central Kolkata,"Italian, Indian",,68,60,60,1000,
World of Tandoor,Kolkata,SanityTestArea,"North, Indian, Tandoor, Biryani",,59,51,51,250,
Yo Chinese,Kolkata,SanityTestArea,"Chinese, Combo, Fast, Food",,58,50,50,250,
Biryani Kingdom,Kolkata,SanityTestArea,"Indian, Biryani, Kebabs",,58,50,50,250,
Mother Kitchen,Kolkata,Ahiritola,Indian,,57,51,51,100,
Williams Kitchen,Kolkata,Central Kolkata,"Indian, Chinese, Oriental, Beverages",,57,49,49,1400,
Anir's,Kolkata,Shyambazar Crossing,"Indian, Chinese, Tandoor, Biryani, Fast, Food, North, Indian, Snacks",4.2,55,49,49,500,26.10974562
The Exclusive Cake Bakery,Kolkata,Burrabazar,"Bakery, Desserts",,54,49,49,300,
Green Olive,Kolkata,Beniapukur,"Indian, Chinese",4.1,60,55,55,500,16.12048509
The Brooklyn Creamery - Healthy Ice Cream,Kolkata,BOROUGH - III,"Desserts, Ice, Cream, Healthy, Food",,46,40,40,200,
Scrapyard,Kolkata,Elgin,Continental,,63,55,55,1000,
THE JUNKYARD,Kolkata,Shyam Bazar,"Chinese, Indian, Fast, Food",4.8,62,57,57,300,14.6137077
Cocoa Bakery,Kolkata,Central Kolkata,"Bakery, Desserts, Continental, Italian",4.2,55,47,47,500,12.78699424
Sandwich Pizza House,Kolkata,Central Kolkata,"Chinese, Snacks, North, Indian, Pizzas",,59,51,51,200,
BINGOCAKES,Kolkata,Beleghata,"Bakery, Desserts",,52,49,49,200,
Bake O Cake,Kolkata,Beleghata,"Bakery, Continental, Fast, Food, Desserts",4.2,49,46,46,400,19.38350617
Pangong,Kolkata,Beleghata,"Chinese, Indian, Fast, Food",4.5,51,46,46,250,20.76804233
The Tunnel,Kolkata,Kankurgachi,"Mexican, Continental, Indian, Italian",4,50,47,47,500,18.46048207
JOHN'S BAKERY,Kolkata,Beleghata,Bakery,4.1,49,46,46,100,18.92199412
Rajshahi Restaurant,Kolkata,Ballygunge,Indian,3.8,63,55,55,200,14.9409374
The Magical Place,Kolkata,Ballygunge,"Indian, Chinese",,62,54,54,300,
Vadilal Ice Creams,Kolkata,Ultadanga,"Ice, Cream",4.8,56,51,51,300,14.6137077
Universal Cafe,Kolkata,park circus,"Fast, Food",,61,53,53,250,
Quality Fast Food,Kolkata,Tangra,"Indian, Chinese",,63,55,55,250,
SALT,Kolkata,Central Kolkata,"Chinese, Bengali, Indian",4.5,59,51,51,500,13.70035097
Mintelaa,Kolkata,Elgin,"Indian, Chinese, Continental",3.9,63,55,55,1000,11.87363751
MIRACLE FUSIONS,Kolkata,Central Kolkata,"Pizzas, Pastas, Chinese, Snacks, Desserts, Beverages",,58,50,50,600,
OLIVE-HOTELNIHARIKA,Kolkata,Elgin,"Fast, Food, Chinese, Indian",,66,58,58,200,
WAH JANAAB,Kolkata,Central Kolkata,"North, Indian, Indian, Snacks, Desserts",4.3,57,49,49,200,19.84501822
Uttapam - Flavours of South,Kolkata,Central Kolkata,"South, Indian, Beverages, Street, Food, Desserts",,61,53,53,200,
UNO Pizzeria & Grill,Kolkata,Circus Avenue,"Italian, Pizzas, Pastas, Mexican, American",4.2,62,54,54,400,19.38350617
Casa Kitchen,Kolkata,Bhowanipore,"North, Indian, Chinese, Continental",4.3,60,52,52,1000,19.84501822
THE BLACK PEPPER,Kolkata,Burrabazar,"Indian, Chinese, Mughlai",,62,57,57,200,
MEHFILL,Kolkata,Central Kolkata,"Chinese, Indian",,71,63,63,300,
Haji Saheb Park Circus,Kolkata,Ballygunge,"Mughlai, North, Indian, Chinese",4.2,54,46,46,800,26.10974562
Gelato Italiano,Kolkata,Elgin,"Desserts, Ice, Cream",,61,53,53,150,
New Arsalan biryani Tangra,Kolkata,Tangra,"Biryani, Combo",,62,54,54,300,
Tibet Eats,Kolkata,Kankurgachi Kolkata ,Chinese,,58,55,55,400,
Zeeshan Park Circus,Kolkata,Ballygunge,"Desserts, Mughlai, Indian, Tandoor",4.1,63,55,55,400,25.48808501
FLAVOURS INN DHABA,Kolkata,ULTADANGA TELENGA BAGAN,"Chinese, Indian",,71,63,63,500,
Ridhi Sidhi,Kolkata,Elgin,"Street, Food, North, Indian, Beverages, South, Indian, Fast, Food",4,61,53,53,350,15.72730253
The Night Room,Kolkata,Park Circus,Asian,,63,55,55,700,
Delish Dhaba,Kolkata,Ballygunge,"North, Indian, Chinese, Mughlai",3.8,60,52,52,400,17.53745796
Jai Hind Dhaba,Kolkata,Bhowanipore,"North, Indian, Indian, Tandoor, Kebabs, Punjabi, Home, Food, Chinese",4.3,60,52,52,500,29.70764555
Red Bubble Cafe By Purple Foods,Kolkata,Kakurgachi,"Beverages, Desserts, Pizzas, Pastas, Snacks",,50,44,44,250,
Sultanat E Biryani By Purple Foods,Kolkata,Kakurgachi,"Kebabs, North, Indian, Biryani",,59,53,53,200,
Story of food,Kolkata,Maniktala Main Rd,"Bengali, Snacks, Beverages, Combo, Thalis",4.4,61,56,56,200,20.30653027
Rooftop Topview,Kolkata,Bhowanipore,"South, Indian, Fast, Food",3.9,60,52,52,300,11.87363751
Artsy Coffee & Culture,Kolkata,Bhowanipore,"Continental, European, Asian",4.3,66,58,58,700,16.90685022
Wrap Co,Kolkata,Bhowanipore,"Fast, Food, Healthy, Food, Italian, Desserts, Continental",,66,58,58,400,
Myfroyoland,Kolkata,Central Kolkata,"Ice, Cream, Desserts, Keto",,61,53,53,400,
South Indian Restaurant,Kolkata,Central Kolkata,"South, Indian",4.1,57,49,49,300,16.12048509
Charcoal Grill,Kolkata,Ballygunge,"Indian, Chinese, Seafood",4.2,62,54,54,600,19.38350617
GOKUL SHREE - Tit Bits,Kolkata,Elgin,"North, Indian, Chinese",4.2,62,54,54,500,19.38350617
Adil Biryani Restaurant,Kolkata,Ballygunge,"Biryani, Kebabs, Mughlai",4.2,56,48,48,300,19.38350617
ARABIAN WRAPS,Kolkata,Sector V Salt Lake,"Fast, Food, Chinese, Pizzas, Beverages",,48,40,40,200,
Drumstick,Kolkata,Beleghata,"Indian, Chinese, Continental, Tandoor, Bengali",4.2,61,56,56,400,16.51366766
Dinner House,Kolkata,Beleghata,"Indian, Chinese, Tandoor",4.4,57,52,52,500,20.30653027
Double down,Kolkata,Bhowanipore,Indian,,60,52,52,200,
Appetizer,Kolkata,Maniktala Main Rd,"Fast, Food",4,61,56,56,200,12.17808975
Azad Hind Dhaba-Ballygunge,Kolkata,Ballygunge,"North, Indian",4.3,62,54,54,400,29.70764555
Beijing,Kolkata,Tangra,"Chinese, Asian, Oriental, Pan-Asian, Thai, Seafood",4.2,62,54,54,1200,29.01677007
Royal China,Kolkata,Bhowanipore,"Chinese, Asian, Oriental, Seafood, Desserts",4.3,72,64,64,1500,19.84501822
Da Delicious China,Kolkata,Tangra,"Chinese, Indian",,59,53,53,200,
THE TANDOORI STARTUP,Kolkata,Beleghata,"Tandoor, Chinese, Beverages",4.5,62,57,57,300,13.70035097
Marbella's,Kolkata,Bhowanipore,"Continental, American, Italian, Beverages, Desserts, Healthy, Food",4.3,61,53,53,800,16.90685022
Chatar Patar,Kolkata,Ballygunge,"Street, Food, Indian, Beverages, Chaat, Combo, Pastas, Snacks",4.3,65,57,57,200,19.84501822
Shimla Biryani-Topsia,Kolkata,Topsia,"Chinese, Indian, Biryani",4.2,63,55,55,350,29.01677007
Chili's American Grill & Bar,Kolkata,Ballygunge,"American, Salads, Mexican, Italian, Steakhouse",4.4,76,68,68,900,20.30653027
Juice Factory,Kolkata,Ballygunge,Juices,4.1,61,53,53,200,12.48254199
Julie's Kitchen,Kolkata,Ballygunge,Indian,,67,59,59,250,
Deli Cravings,Kolkata,Bhowanipore,"Italian, Steakhouse, Continental",4.2,66,58,58,650,16.51366766
Dosa Coffee,Kolkata,Bhowanipore,"South, Indian",4.4,59,51,51,350,20.30653027
FOREVER FOODS,Kolkata,Ballygunge,"Chinese, Thalis, Pizzas",,64,56,56,200,
FNP Cakes,Kolkata,Bhowanipore,"Desserts, Bakery",4.3,60,52,52,300,26.73140623
Saiqa Restaurant,Kolkata,Ballygunge,"Indian, Mughlai, Fast, Food",4.1,59,51,51,200,25.48808501
Apna Dhaba,Kolkata,Bhowanipore,Indian,4.1,61,53,53,300,25.48808501
Kim Ling,Kolkata,Tangra,"Chinese, Asian, Oriental, Pan-Asian, Thai, Seafood",4.3,63,55,55,600,29.70764555
Asian Cloud kitchen,Kolkata,Bhowanipore,"Chinese, Burmese, Thai",4.7,67,59,59,400,18.47958047
Keventers - Milkshakes and Desserts,Kolkata,Bhowanipore,"Beverages, Ice, Cream, Desserts, Healthy, Food",4.4,58,50,50,300,27.35306684
Beefy Affair,Kolkata,Ballygunge,"Tibetan, Italian, Mughlai, Chinese, Kerala",4,68,60,60,300,18.46048207
Stoner's Paradise,Kolkata,Ballygunge,"Desserts, Fast, Food, American, Beverages, Combo",3.8,68,60,60,200,14.9409374
Hoppipola,Kolkata,Kankurgachi,"Fast, Food, Combo, Salads, Pizzas, Italian, Continental, European, Mediterranean, Desserts",4.2,61,58,58,1500,12.78699424
One Step Up,Kolkata,Park Street Area,Continental,4.6,61,53,53,800,21.22955438
Tandoor-e-Punjab,Kolkata,Paikpara,"Indian, Tandoor, Mughlai, Snacks, Chinese, North, Indian",4.1,61,55,55,350,28.3258946
Humpty Dumplings,Kolkata,Bidhannagar,"Chinese, Asian, Oriental, Healthy, Food, Tibetan, Thai, Seafood",4,61,55,55,600,18.46048207
Oasis,Kolkata,Park Street Area,"Indian, Chinese, Continental",4.3,61,53,53,900,13.09144648
Maa Annapurna,Kolkata,Bidhannagar,Indian,4.2,61,55,55,200,26.10974562
Bachan's Dhaba,Kolkata,Kalighat,"North, Indian, Chinese",4.3,61,58,58,250,36.62479064
PUNJABI DHABAY,Kolkata,Salt Lake,Indian,,61,55,55,250,
Balwant Singh's Eating House,Kolkata,Bhowanipore,"North, Indian",4.1,61,53,53,600,28.3258946
Haji Shaheb,Kolkata,Bhowanipore,"Mughlai, Biryani, Indian, Fast, Food, Tandoor",4.3,61,53,53,400,26.73140623
Firangi Bake,Kolkata,Beleghata,"Italian, Mexican, Pastas",4.3,55,52,52,400,13.09144648
Supper Me,Kolkata,South Kolkata,"Continental, Chinese, Beverages, Indian, American, European, Healthy, Food, Italian",4.3,58,55,55,400,26.73140623
Faasos - Wraps & Rolls,Kolkata,Beleghata,"Combo, Snacks, Beverages, Desserts, Indian",4.4,53,50,50,200,20.30653027
Oven Story Pizza,Kolkata,Beleghata,Pizzas,4.1,58,55,55,600,25.48808501
Fabbrica,Kolkata,Bhowanipore,Italian,4.3,61,53,53,1200,19.84501822
TGI Fridays,Kolkata,Bhowanipore,"American, Mexican",4.2,67,59,59,1000,12.78699424
Cakerica,Kolkata,Bhowanipore,Bakery,,71,63,63,500,
Cha bar Allenby,Kolkata,Bhowanipore,"Indian, Snacks, Beverages",,67,59,59,300,
Bikers Cafe,Kolkata,Bhowanipore,"Italian, Desserts, Continental",4.2,65,57,57,1100,19.38350617
Purple Haze,Kolkata,Ballygunge,"Chinese, Italian, Fast, Food, Desserts, Beverages",4,65,57,57,300,18.46048207
The Burping Panda,Kolkata,Beniapukur,"Chinese, North, Indian",4.1,63,55,55,350,18.92199412
Laxman Paan,Kolkata,Bhowanipore,Desserts,4.6,58,50,50,250,21.22955438
Abar Khaboo,Kolkata,Chiriamore,"Chinese, Biryani, Indian, Oriental",4,60,54,54,300,34.06957269
Mainland China,Kolkata,Ballygunge,"Chinese, Oriental, Thai, Pan-Asian, Seafood, Asian, Desserts",4.5,64,56,56,850,20.76804233
AMMI JAAN,Kolkata,Park circus,"Biryani, Arabian, Desserts",,64,56,56,300,
Asia Kitchen By Mainland China,Kolkata,Ballygunge,"Asian, Chinese, Oriental",4.5,66,58,58,850,17.69321535
Krazzy For Waffle,Kolkata,Bhowanipore,"Desserts, Beverages, Ice, Cream",3.7,62,54,54,300,17.07594591
Moulin Rouge,Kolkata,Taltala,"Italian, North, Indian",4.4,62,54,54,800,13.39589873
Mayaram Restaurant,Kolkata,Lord Sinha Rd,"South, Indian, Italian, Chinese",4.1,62,54,54,300,16.12048509
Meraz fast food,Kolkata,Ballygunge,Indian,3.4,62,54,54,200,10.35137629
Mocambo,Kolkata,Park Street Area,"North, Indian, Biryani, Continental, Italian",4.4,62,54,54,1500,30.39852103
OCTA,Kolkata,Park Street Area,"Asian, Chinese, Indian, Continental, Italian, American, Japanese",4,62,54,54,800,12.17808975
Gupta Dhaba,Kolkata,central kolkata,"Biryani, Indian, Mughlai, North, Indian, Chinese",3.3,62,54,54,250,10.04692404
Bijoli Grill,Kolkata,Bidhannagar,Chinese,4.3,58,52,52,800,19.84501822
Masala 21,Kolkata,Dumdum,Indian,4.2,66,60,60,300,12.78699424
The sandbox cafe,Kolkata,Central Kolkata,Chinese,,71,63,63,300,
The Biryani Bowl,Kolkata,Central Kolkata,"North, Indian, Biryani",,73,65,65,200,
Amigo's Corner,Kolkata,Park Circus,"Chinese, Indian, Pizzas, Pastas, Biryani, Desserts",,72,64,64,300,
Adil Biryani Centre,Kolkata,Ballygunge,Biryani,4.1,58,50,50,200,28.3258946
Little pleasures,Kolkata,Bhowanipore,"Bakery, Desserts",4.6,54,51,51,300,21.22955438
Chettys Corner,Kolkata,Bhowanipore,"Fast, Food",4.7,64,56,56,200,18.47958047
Just Fries,Kolkata,Bhowanipore,"American, Snacks, Fast, Food, Ice, Cream, Desserts",4.1,63,55,55,250,16.12048509
Ziqra restaurant,Kolkata,Cossipore,Mughlai,3.8,64,58,58,300,11.56918526
Masala Factory,Kolkata,Central Kolkata,"Indian, Biryani, Tandoor",4.1,69,61,61,350,16.12048509
EIGHTY EIGHT PLUS CAFE,Kolkata,Bhowanipore,"Indian, Salads, Beverages",,63,55,55,450,
DHABA WALLA,Kolkata,Bhowanipore,"North, Indian, Tandoor, Fast, Food, Combo, Chinese",3.1,69,61,61,300,9.438019557
My Big Fat Belly,Kolkata,Sarat Bose Rd,"Italian, American",4.3,67,59,59,600,19.84501822
CHINESE PANDA,Kolkata,Topsia,"Chinese, Asian, Combo, Tibetan, Oriental, Thai, Pan-Asian",3.7,70,62,62,400,17.07594591
Sabka Club,Kolkata,Topsia,"Continental, Italian, North, Indian",,76,68,68,500,
Fast Filling - Allenby road,Kolkata,Bhowanipore,"North, Indian, Chinese, South, Indian, Chaat, Thalis, Combo, Street, Food, Fast, Food, Snacks, Pizzas, Pastas, Mexican, Indian, Italian, Continental, Biryani, Kebabs",3.7,78,70,70,250,14.54775484
CAFE STADIA,Kolkata,Beleghata,"Oriental, Indian, Continental, Italian, Beverages",,57,51,51,280,
Hyatt-La Cucina,Kolkata,Bidhannagar,"Indian, Asian, Italian, Bakery",,59,53,53,400,
MiyanSaab,Kolkata,Bally,"Biryani, Kebabs, Fast, Food",,71,63,63,400,
DownTown Asia,Kolkata,Bally,"Asian, Chinese",,66,58,58,400,
The Roll Co.,Kolkata,Ballygunge,"Fast, Food",,68,60,60,200,
Riyasat-e-Hind,Kolkata,Central Kolkata,"North, Indian, Chinese, Kebabs, Mughlai, Continental",3.9,65,57,57,400,15.33411997
Crazzy Momo,Kolkata,Bhowanipore,Tibetan,,68,60,60,250,
Kake D Hatti,Kolkata,Bhowanipore,"North, Indian",3.9,66,58,58,400,24.24476379
Pocket Meal 99,Kolkata,Bhowanipore,"North, Indian, Biryani, Mughlai, Bengali, Snacks",3.8,63,60,60,200,26.25326816
Let's Talk Momo,Kolkata,Alipore,"Chinese, Fast, Food",4.1,64,61,61,300,12.48254199
35 Bar & Lounge,Kolkata,Bhowanipore,"Asian, Continental, Indian",,70,62,62,1000,
Blue Tokai Coffee Roasters,Kolkata,Ballygunge,"Healthy, Food, American, Lebanese, Mediterranean, European, Juices, Middle, Eastern",4.5,57,54,54,400,20.76804233
Daily Bhoj,Kolkata,Gobra,"Bengali, Thalis, Indian, Combo",4,72,64,64,200,18.46048207
Behnam,Kolkata,Gobra,"Biryani, North, Indian, Mughlai, Kebabs, Lucknowi, Awadhi",3.7,75,67,67,500,11.26473302
Golden Platter,Kolkata,Tangra,"Chinese, Indian, Salads, Beverages",,65,60,60,300,
Rosoighorer Rohosyo,Kolkata,Beleghata,"Bengali, Thalis, Combo, Snacks, Chinese",4.2,59,53,53,300,19.38350617
The Flaming Bowl,Kolkata,Bhowanipore,"Chinese, Thai, Japanese, Burmese, North, Indian",4.1,67,59,59,1000,16.12048509
THE EGG STORY,Kolkata,Central Kolkata,"Chinese, Combo, Italian, Indian",,66,58,58,200,
Mavericks Cafe,Kolkata,Bhowanipore,"Italian, Chinese, Indian",4,76,68,68,450,18.46048207
Snack N Go,Kolkata,Bidhannagar,"Snacks, Beverages, Desserts",,58,52,52,400,
Kapoor Pind Dhabaa,Kolkata,Bhowanipore,"Indian, Chinese, Desserts, Beverages, Biryani",4.1,67,64,64,300,12.48254199
24 SEVEN,Kolkata,Ballygunge,"Chinese, Fast, Food, Indian",4.2,72,64,64,200,12.78699424
Keventers Ice Cream,Kolkata,Central Kolkata,"Ice, Cream, Desserts",4.6,64,56,56,300,21.22955438
Green Palace,Kolkata,Bhowanipore,"Chinese, North, Indian",4.3,75,67,67,600,13.09144648
My Dream Kitchen,Kolkata,Cossipore,"Biryani, Indian, Mughlai, Punjabi, Snacks",,82,76,76,200,
House Of Dimsums,Kolkata,Ballygunge,"Chinese, Thai",3.8,76,68,68,650,11.56918526
Fung Fa,Kolkata,Tangra,"Chinese, Indian, Fast, Food",,76,68,68,900,
SFC Food Funda,Kolkata,Ballygunge,"Fast, Food, Biryani",,68,60,60,250,
Saatvik,Kolkata,Kolkata,"Continental, North, Indian, Chinese",4.3,68,60,60,800,19.84501822
Grill Ghar,Kolkata,Belgachia,Chinese,,63,57,57,200,
Soul Cafe,Kolkata,Kankurgachi,"Italian, Bakery",,60,57,57,250,
Jungle Safari,Kolkata,Kankurgachi,"North, Indian",4.3,58,55,55,900,13.09144648
Sigree Global Grill,Kolkata,Tangra,"North, Indian, Biryani",3.8,77,69,69,700,11.56918526
BOWLOUT,Kolkata,Gobra,"Healthy, Food, Arabian, Continental, Salads",4.4,83,75,75,400,13.39589873
Rita's Cafe,Kolkata,Salt Lake,"South, Indian, Snacks, Beverages",4.5,56,50,50,300,13.70035097
S.P Kitchen,Kolkata,salt lake - kolkata,"Chinese, Combo",3.1,58,52,52,300,12.18865946
Flame & Grill,Kolkata,Kankurgachi,"North, Indian, Continental",4.5,67,64,64,900,13.70035097
Fryman,Kolkata,Beleghata,"Chinese, South, Indian, Combo",4.2,64,59,59,350,19.38350617
Raviz,Kolkata,Bhowanipore,"North, Indian, Chinese",4,68,60,60,400,12.17808975
Sundaram Restaurant,Kolkata,Bidhannagar,"North, Indian, South, Indian, Chinese",,63,57,57,200,
Urban Cloud,Kolkata,Central Kolkata,"Biryani, Chinese, North, Indian, Fast, Food, Pizzas",4.3,76,68,68,300,13.09144648
Ice-O-Metry,Kolkata,Bhowanipore,"Desserts, Ice, Cream",3.7,68,60,60,250,11.26473302
Bengal Dhaba,Kolkata,Lake Town,"Indian, Chinese, Biryani, Bengali, Continental",4,66,60,60,1100,12.17808975
Papa Pencho Da Dhaba,Kolkata,Bhowanipore,"Indian, Chinese, Biryani",3.8,67,64,64,300,11.56918526
Calcutta Canteen,Kolkata,Purba Barisha,Bengali,,71,63,63,500,
Denzong Kitchen,Kolkata,Bhowanipore,"Tibetan, Chinese",4.2,67,64,64,250,29.01677007
Prity's Kitchen,Kolkata,Broad Street,"Chinese, Thai",4.2,60,57,57,300,19.38350617
The Darjeeling,Kolkata,Bidhannagar,"Chinese, Nepalese, Tibetan",4,73,67,67,500,18.46048207
Lalla Biryani Corner,Kolkata,Paikpara,Biryani,4,63,57,57,200,18.46048207
Taste House,Kolkata,Dumdum,"Chinese, Seafood",,69,63,63,280,
A ONE COLLFI,Kolkata,Topsia,"Ice, Cream, Indian",,69,61,61,200,
TADKA,Kolkata,Bhowanipore,"North, Indian, Biryani, Kebabs, Snacks, Indian, Desserts",4.3,61,58,58,400,19.84501822
Kake De Paranthe,Kolkata,Bhowanipore,Indian,4.1,65,62,62,300,16.12048509
The Pizza Palace,Kolkata,Topsia,"Chinese, Italian, Beverages, Pizzas, Snacks",4.5,69,61,61,450,17.69321535
Noodle Chef,Kolkata,Bhowanipore,"Chinese, Fast, Food",4,60,57,57,350,15.72730253
Rakshit Sweets,Kolkata,Paikpara,"Sweets, Snacks",4.4,59,53,53,100,30.39852103
6 Ballygunge Place Ballygunge,Kolkata,Ballygunge,Bengali,4.5,71,68,68,1000,20.76804233
JOHAR,Kolkata,Salt Lake,"Bengali, Indian",,72,66,66,300,
Noni ramish Nataraj restaurant,Kolkata,Dumdum,"Indian, Biryani, Chinese",,66,60,60,540,
Gambit's Pizza,Kolkata,South Kolkata,"Italian, Pizzas, Chinese, Combo",4.1,69,66,66,250,12.48254199
Salt N Spice,Kolkata,Alipore,"Fast, Food, Beverages, Snacks, Chinese, Ice, Cream, Combo",,65,62,62,350,
Ballygunge Dhaba,Kolkata,Ballygunge,"North, Indian, Biryani, Chinese",4.3,59,56,56,500,26.73140623
Shawarma Nation,Kolkata,South Kolkata,"Middle, Eastern, Fast, Food, Lebanese",4.7,65,62,62,300,14.30925546
Mizuki,Kolkata,Bhowanipore,"Asian, Chinese, Fast, Food",4,77,69,69,200,12.17808975
Snack On Sushi,Kolkata,South Kolkata,"Chinese, Beverages",,78,75,75,1000,
BIKA,Kolkata,Lake Town,"Indian, Chinese, Fast, Food, Continental, Street, Food, Sweets",3.7,66,60,60,200,17.07594591
Fast Bite,Kolkata,Gobra,Tandoor,4.4,67,59,59,250,13.39589873
Red Hot Chilli Pepper,Kolkata,Ballygunge,Chinese,4.4,62,59,59,1000,20.30653027
Albela Biryani,Kolkata,Topsia,"Biryani, Tandoor",4.1,70,62,62,200,16.12048509
Ranjan's,Kolkata,Bidhannagar,"North, Indian, Chinese",4.2,56,50,50,200,19.38350617
Ghosh Food corner,Kolkata,Chiriamore,"South, Indian, North, Indian, Chinese, Punjabi, Snacks",3.9,68,62,62,250,17.99897002
Baati Chokha,Kolkata,Bidhannagar,"North, Indian, Indian",4.3,55,49,49,500,19.84501822
aannaz,Kolkata,Chiriamore,"Indian, Chinese, Biryani, Snacks, Thalis, Combo, Pizzas, Juices, North, Indian, Fast, Food",3.9,65,59,59,350,17.99897002
Chacha's kitchen,Kolkata,Dumdum,"Fast, Food, Biryani, Chinese, Combo, Snacks",4.3,73,67,67,200,13.09144648
Paradise kitchen,Kolkata,Tangra,"Fast, Food, Beverages",,68,65,65,250,
ITC Royal Bengal - Gourmet Couch,Kolkata,Tangra,"Asian, Pan-Asian, Korean, Italian, Pizzas, Continental, Pastas, North, Indian, Mughlai, Biryani, Grill, Seafood, Kebabs, Desserts",4.4,87,79,79,1000,13.39589873
THE RIGHT CHOICE,Kolkata,Dumdum,"Fast, Food, Chinese, Biryani, Combo, Snacks",4.3,69,63,63,250,16.90685022
Afsa Biriyani,Kolkata,Topsia,Biryani,,71,63,63,200,
biryani hub,Kolkata,Central Kolkata,Biryani,,76,68,68,199,
Ghoshs kitchen,Kolkata,Chiriamore,"South, Indian, North, Indian, Chinese, Punjabi, Snacks, Combo",3.5,67,61,61,250,10.65582853
Kaviar,Kolkata,Tala,"North, Indian, Chinese",4,68,62,62,200,18.46048207
Fusion Pavilion,Kolkata,Bidhannagar,"American, Italian",4,71,65,65,300,18.46048207
Awesome,Kolkata,Bidhannagar,"Chinese, Thai",4.4,65,59,59,600,13.39589873
BEETBOX HEALTH BAR,Kolkata,Beltala Road,"Healthy, Food, Mexican, Lebanese, Desserts",4.7,66,63,63,300,14.30925546
CAKE N COOKI,Kolkata,Topsia,Bakery,,78,70,70,300,
Delhi cake point,Kolkata,Topsia,"Bakery, Fast, Food",4.3,73,65,65,200,13.09144648
Rakshit Cakes and Restaurant,Kolkata,Paikpara,"Bakery, Desserts, Bengali, Fast, Food, Snacks, Sweets",3.5,63,57,57,250,16.15292181
Fabelle Chocolates - ITC Sonar,Kolkata,Tangra,"Bakery, Desserts, Sweets",4.5,72,64,64,600,20.76804233
Veg Dhaba,Kolkata,Bidhannagar,"North, Indian, Indian, Combo, Chinese, Healthy, Food",4,58,52,52,100,18.46048207
Bonophool Restaurant,Kolkata,Alipore,"North, Indian, Tandoor, Biryani, Kebabs",,70,67,67,500,
Red Chilly,Kolkata,Salt Lake,"Chinese, Combo",,58,52,52,400,
ITC Hotels - Biryani & Pulao Collection,Kolkata,Tangra,"Biryani, North, Indian, Desserts",,89,81,81,1000,
Deli Bread,Kolkata,Paikpara,"Chinese, Biryani, North, Indian",4.3,63,57,57,250,19.84501822
Rasam - The Stadel Hotel,Kolkata,Bidhannagar,"South, Indian",4.3,59,53,53,300,19.84501822
First Innings - The Stadel Hotel,Kolkata,Bidhannagar,"North, Indian, Chinese, Continental",4.5,69,63,63,800,13.70035097
Blue star restaurant,Kolkata,Topsia,Mughlai,4.3,57,53,53,300,26.73140623
Papa Chow,Kolkata,Tangra,"Chinese, Tibetan",3.9,63,57,57,200,17.99897002
Chopstick - Ballygunge,Kolkata,South Kolkata,Chinese,3.7,64,61,61,400,17.07594591
Byepass Dhaba,Kolkata,Salt Lake,"North, Indian, Chinese, Biryani, Tandoor",4.3,60,54,54,600,19.84501822
Uddta Punjab by Don Gio (Science City),Kolkata,Tangra,"North, Indian, Fast, Food",3.8,61,55,55,900,11.56918526
Chandigarh Hotel,Kolkata,Cossipore,Indian,4.1,62,56,56,300,25.48808501
BHARAT BIRYANI,Kolkata,Central Kolkata,"Biryani, Indian, Combo",,70,62,62,350,
Abcos Food Plaza,Kolkata,Bidhannagar,"Bengali, Continental, North, Indian, Chinese",4.3,63,57,57,1200,19.84501822
Khichdi Khichri,Kolkata,Tangra,Indian,4.3,63,57,57,350,19.84501822
Cremewich,Kolkata,South Kolkata,"Ice, Cream",,68,65,65,260,
HIM CREAM,Kolkata,Tangra,"Ice, Cream, Bakery, Desserts",,60,54,54,200,
Le Coffee Creme,Kolkata,Bidhannagar,"Combo, Chinese, Continental, Italian, Fast, Food, Mexican",3.9,68,62,62,600,15.33411997
QFC - Quality Fried Chicken ,Kolkata,Salt Lake,"Indian, American",4.6,61,55,55,300,14.00480321
Snax Point,Kolkata,Bidhannagar,"Continental, Pizzas, Pastas, American, Tibetan, Fast, Food, Beverages, Desserts, Combo, Biryani",4,56,50,50,250,18.46048207
DIPAS KITCHEN,Kolkata,Salt Lake,"North, Indian, Chinese, Snacks",3.8,77,71,71,200,11.56918526
QUEEN'S,Kolkata,Bidhannagar,Indian,,64,58,58,300,
Icy Fusion,Kolkata,Bidhannagar,"Ice, Cream",4.3,59,53,53,300,13.09144648
Biggies Burger,Kolkata,Broadway Mall,"Indian, Fast, Food",4.3,55,49,49,300,26.73140623
Curry nation,Kolkata,Bidhannagar,"Indian, Chinese",,68,62,62,500,
MISHRA'S,Kolkata,Bidhannagar,"North, Indian, Bengali, Tandoor",4.1,63,57,57,300,12.48254199
Haze,Kolkata,Ballygunge,"Italian, Continental",,70,67,67,800,
Snacky Chicken,Kolkata,Bidhannagar,"American, Biryani, Pastas, Combo, Continental, Tibetan, Fast, Food, Beverages, Salads",4.1,59,53,53,250,18.92199412
Chowrasia Chaats,Kolkata,Bidhannagar,"Street, Food, Snacks",3.9,55,49,49,150,17.99897002
Superstar Haji Biryani,Kolkata,Bidhannagar,"Biryani, Tandoor",3.8,59,53,53,300,11.56918526
MAYER HATER RANNA,Kolkata,Paikpara,"Bengali, Thalis",4.2,73,67,67,250,19.38350617
SANJIB DA DHABA 4U,Kolkata,New Area,"North, Indian, Biryani, Seafood",,72,69,69,500,
The Corner Courtyard,Kolkata,Ballygunge,"Italian, Continental",3.6,73,70,70,1100,10.96028078
The Melbourne Cafe,Kolkata,Bidhannagar,Cafe,4.3,52,46,46,300,19.84501822
Chennai Square,Kolkata,Bidhannagar,"South, Indian",4.6,59,53,53,500,31.78027198
New Simla Restaurant,Kolkata,Bidhannagar,Biryani,3.9,52,46,46,150,17.99897002
Shyamali's Fast Food Centre,Kolkata,Paikpara,"Indian, Chinese",4.5,69,63,63,200,13.70035097
Oudh 1590,Kolkata,Lake Town,"Biryani, Mughlai, North, Indian, Awadhi, Kebabs, Lucknowi",4.3,71,65,65,1000,29.70764555
Aahar Restaurant,Kolkata,Bidhannagar,"Indian, Chinese",4.3,66,60,60,400,13.09144648
Mitra brothers Fast Food Corner,Kolkata,Tala,"Chinese, North, Indian",,79,73,73,200,
The Silk Route,Kolkata,Opp Padmashree Movie Hall,Chinese,3.5,65,62,62,400,10.65582853
Flambe - Hotel The Sojourn,Kolkata,Bidhannagar,"Indian, Chinese, Continental",,69,63,63,800,
SAFE HOUSE,Kolkata,Bidhannagar,"Continental, Pizzas, Chinese",3.4,64,58,58,200,10.35137629
Urban Masala,Kolkata,Lake Town,"Indian, Chinese, Continental, Italian, Tandoor",4.3,68,62,62,500,29.70764555
Kouzina express,Kolkata,Bidhannagar,"North, Indian, Chinese, Italian, Biryani, Healthy, Food, Kebabs, Beverages, Desserts",4.2,58,52,52,800,29.01677007
Ice & Spice,Kolkata,Paikpara,"Indian, Chinese, Biryani, North, Indian, Combo, Beverages, Desserts",3.9,66,60,60,300,17.99897002
Nandalal Sweets,Kolkata,Ruby Area,Sweets,3.8,57,53,53,200,14.9409374
Steaming Mug,Kolkata,Paikpara,Italian,4.4,77,71,71,250,13.39589873
ALLEN kitchen saveurs de calcutta,Kolkata,Bhowanipore,"Fast, Food, North, Indian, Mexican, Snacks",4.2,73,70,70,200,19.38350617
Kolkata Kitchen,Kolkata,Kalighat,"Indian, Chinese",4.2,75,72,72,300,12.78699424
Abar Bangali,Kolkata,Paikpara,Bengali,3.8,66,60,60,300,17.53745796
Port 15,Kolkata,Bidhannagar,"Chinese, Tandoor, Continental",4.2,64,58,58,1000,12.78699424
BIRYANI 4U,Kolkata,Kustia,"Fast, Food",,82,74,74,450,
Biryani ADDA,Kolkata,Dumdum,Biryani,,79,73,73,150,
Goutam's - City Centre 1,Kolkata,Bidhannagar,"Chinese, Fast, Food, Beverages",4.1,61,55,55,250,25.48808501
Taza home made food,Kolkata,Alipore,Chinese,,76,73,73,299,
Nishav's Kitchen,Kolkata,picnic garden,Chinese,,62,58,58,100,
Pinch of Spice,Kolkata,Salt Lake,"Chinese, Biryani, Combo",,61,55,55,300,
Balle Balle Dhaba,Kolkata,Bidhannagar,"North, Indian, Punjabi, Biryani",4.1,59,53,53,500,28.3258946
Rang De Basanti Dhaba,Kolkata,Kalighat,"North, Indian, Kebabs, Biryani, Snacks, Combo, Punjabi, Desserts, Tandoor, Indian",4.3,64,61,61,350,26.73140623
Madhu's Biryani,Kolkata,Dumdum,Biryani,,70,64,64,260,
Kloud Kitchen,Kolkata,Bidhannagar,"Tandoor, Chinese, Continental",4.1,63,57,57,250,18.92199412
Petuk,Kolkata,Kalighat,"Mughlai, Chinese, Fast, Food",4,70,67,67,350,12.17808975
Tara's Kitchen,Kolkata,Ballygunge,"Bengali, Thalis, North, Indian, Snacks, Combo, Healthy, Food, Indian",,80,77,77,200,
Kouzina Mining Co.,Kolkata,Bidhannagar,"North, Indian, Biryani, Chinese, Italian, Healthy, Food, Kebabs, Beverages, Desserts",4.2,62,56,56,1200,19.38350617
Gopalas Pure Veg Multi-Cuisine Restaurant,Kolkata,South Kolkata,Indian,4.4,65,62,62,300,17.30003278
AQUAJAVA PLUSH,Kolkata,Salt Lake,Beverages,,66,60,60,800,
Jessore Local,Kolkata,South Kolkata,Bengali,,70,67,67,300,
PUNJABI PALTAN,Kolkata,South Kolkata,"North, Indian",,70,67,67,300,
KITCHEN 165 - NX Hotel,Kolkata,Tangra,"Indian, Chinese",,71,65,65,500,
Pizza hutt,Kolkata,Central Kolkata,"Pizzas, Fast, Food",,83,75,75,200,
Loafers Cafe,Kolkata,Salt Lake,"Desserts, Bakery, Italian, Pizzas, Pastas",,60,54,54,200,
Saptapadi,Kolkata,Bidhannagar,"Bengali, Thalis",4.2,57,51,51,500,26.10974562
Caravan Cafe,Kolkata,Salt Lake,"Continental, Italian, American",4.4,68,62,62,500,27.35306684
3 Idiots Dhaba,Kolkata,Kasba,"Indian, Chinese",3.3,64,60,60,300,12.97502459
Omelette King,Kolkata,Kalighat,"Indian, Fast, Food, Snacks",4.2,66,63,63,400,12.78699424
Arman Biriyani,Kolkata,Kasba,Biryani,4.1,64,60,60,250,12.48254199
Drinking,Kolkata,Kalighat,Beverages,4.1,65,62,62,200,16.12048509
CALCUTTA 64,Kolkata,Bidhannagar,Continental,4.4,60,54,54,550,20.30653027
MUGHLIANA,Kolkata,Salt Lake,Mughlai,,65,59,59,300,
Tandoori Darbar,Kolkata,Bhowanipore,"North, Indian, Chinese, Tandoor, Biryani, Beverages, Desserts",4.4,71,68,68,500,20.30653027
Food Peddler Sandwiches,Kolkata,Kalighat,"Fast, Food, Continental, Beverages, Snacks, Healthy, Food, Combo",4.5,70,67,67,300,27.97472745
The Shiraaz,Kolkata,Lake Town,"Indian, Chinese, Kebabs",,71,65,65,250,
Punjab di Thali,Kolkata,Bhowanipore,"Thalis, Combo, North, Indian",4.1,67,64,64,300,25.48808501
The Noodle Street,Kolkata,Bhowanipore,"Chinese, Combo",4.1,67,64,64,300,18.92199412
Momo I am,Kolkata,Bidhannagar,"Asian, Chinese, Tibetan",4.4,57,51,51,350,30.39852103
Glace Patisserie,Kolkata,Kasba,"Desserts, Bakery, Salads, Continental, Fast, Food, Snacks, Pastas",4.4,68,65,65,250,20.30653027
Deja Bowl,Kolkata,Kalighat,"North, Indian, Chinese, Biryani, Punjabi, Combo, Desserts, Indian",4,63,60,60,250,18.46048207
Drunken Monkey,Kolkata,Kalighat,"Healthy, Food, Beverages, Juices",4.2,70,62,62,250,16.51366766
Curry & Crust- Tandoori Pizza,Kolkata,Kalighat,"Pizzas, Tandoor, Fast, Food, Indian",,76,73,73,250,
Krazzy For Ice Cream Sundae,Kolkata,Bidhannagar,"Ice, Cream, Desserts, Beverages",3.6,63,57,57,350,10.96028078
Namak,Kolkata,Bidhannagar,"North, Indian, Chinese, Oriental, Italian, Biryani, Kebabs, Healthy, Food, Desserts, Beverages",4.2,59,53,53,800,19.38350617
Hangry Baba,Kolkata,Salt Lake,"Chinese, Tibetan",,67,61,61,300,
The Bread Ninja,Kolkata,Alipore,"Italian, Pizzas",,77,74,74,200,
ABDULLAH 16,Kolkata,Topsia,"Chinese, Indian, North, Indian",4.2,65,61,61,250,19.38350617
 momoZon,Kolkata,salt lake area,"Chinese, Tibetan",3.9,58,52,52,200,15.33411997
Once upon a Noodle by Ambuja Neotia,Kolkata,Bidhannagar,Chinese,4.4,72,66,66,599,20.30653027
Chilli flakes,Kolkata,Salt lake,"Chinese, Asian",4,57,51,51,300,18.46048207
Beijing Bites,Kolkata,Salt Lake,"Chinese, Asian",3.7,58,52,52,300,14.54775484
Empty stomach,Kolkata,Bidhannagar,"Chinese, Indian",,64,58,58,250,
Kitchen@99,Kolkata,Salt Lake,"Chinese, Asian",3.5,59,53,53,300,10.65582853
Food Point,Kolkata,Salt Lake,"Chinese, Tibetan",,61,55,55,250,
Calcutta King,Kolkata,Salt lake,"Chinese, Asian",4.1,59,53,53,500,16.12048509
The Orient,Kolkata,Bidhannagar,"Chinese, Japanese, Thai, Burmese, Tibetan, Thalis",4.2,68,62,62,1000,19.38350617
Sonar Tori,Kolkata,Bidhannagar,"Bengali, Indian, Bangladeshi",4.1,66,60,60,800,18.92199412
Nigars Kitchen,Kolkata,Topsia,"Indian, North, Indian, Chinese, Combo, Snacks, Sweets, Beverages",3.8,77,69,69,200,11.56918526
Wow Chow,Kolkata,Salt Lake,"Chinese, Asian",,65,59,59,500,
Orko'ss Restaurant & Lounge Bar,Kolkata,Bidhannagar,"Indian, Bengali, Chinese",,76,70,70,1200,
Galouti,Kolkata,Bidhannagar,"Awadhi, Biryani, Kebabs",3.8,65,59,59,350,17.53745796
Afraa lounge,Kolkata,Salt Lake,"Chinese, Continental, Indian, Combo",4.2,69,63,63,1500,12.78699424
Mast Kalandar Dhaba,Kolkata,Salt Lake,"Indian, Tandoor, Chinese",4,61,55,55,350,15.72730253
EAT.RIGHT,Kolkata,Kalighat,"North, Indian, Continental, Salads",4.6,66,63,63,500,14.00480321
LAMA'S FOOD CENTRE,Kolkata,South Kolkata,"Chinese, Fast, Food",,68,65,65,200,
LA VERA PIZZARA,Kolkata,Paikpara,"Snacks, Pizzas, Beverages",,77,71,71,400,
Aminia Restaurant- Golpark,Kolkata,Gariahat,"Biryani, Mughlai, North, Indian, Indian, Kebabs, Tandoor",4.3,67,64,64,500,29.70764555
Bianco,Kolkata,Ballygunge,Continental,4.4,71,68,68,900,17.30003278
Plush 28,Kolkata,Bidhannagar,"Indian, Chinese, Oriental, Italian",4.4,63,57,57,1200,13.39589873
Ammini,Kolkata,Ballygunge,"South, Indian, Kerala",4.3,69,66,66,500,19.84501822
China Whites,Kolkata,Ballygunge,"Indian, Chinese",4.1,73,70,70,1000,16.12048509
Desi Champaran Meat,Kolkata,Salt Lake,"North, Indian, Indian, Tandoor, Desserts",,69,63,63,300,
Flavourable,Kolkata,Manohar Pukur Road,"Chinese, North, Indian, Beverages",,70,67,67,300,
Anir's,Kolkata,Sreebhumi,"Mughlai, Chinese, Tandoor, Biryani, Fast, Food",4.2,72,66,66,400,19.38350617
Crystaline,Kolkata,Ballygunge,"North, Indian, Chinese, Tandoor",4.4,72,69,69,400,13.39589873
MiniHut,Kolkata,Ballygunge,Chinese,4.6,69,66,66,500,21.22955438
Flurys,Kolkata,Ekdalia,"Desserts, Bakery, Snacks",4.7,60,57,57,400,14.30925546
The Steak & Grill,Kolkata,Bidhannagar,"Continental, European",4.2,65,59,59,1100,19.38350617
Red Bamboo Shoot Restaurant,Kolkata,Tiljala,"Chinese, Thai",4.1,63,59,59,500,18.92199412
swad bodol,Kolkata,Lake Town,"North, Indian, Chinese",3.9,73,67,67,300,11.87363751
RIMJHIM CAFE,Kolkata,Dumdum,"Chinese, Beverages, Ice, Cream",,70,64,64,300,
Fly Kouzina,Kolkata,Bidhannagar,"Italian, Chinese, North, Indian, Biryani, Kebabs, Healthy, Food, Beverages, Desserts",4.2,63,57,57,1000,19.38350617
Kouzina Marine,Kolkata,Bidhannagar,"North, Indian, Chinese, Italian, Biryani, Healthy, Food, Kebabs, Beverages, Desserts",4.1,60,54,54,1000,18.92199412
KARIMS (Original from Jama Masjid Delhi 6),Kolkata,Salt Lake,"Biryani, Desserts",4.2,63,57,57,800,19.38350617
Ekdalia Cocina,Kolkata,Ballygunge,"Continental, Chinese",4.5,75,72,72,500,20.76804233
Wasabee Deshapriya Park,Kolkata,Kalighat,"Japanese, Chinese, Thai, Malaysian, Indonesian, Burmese, Singaporean",3.9,74,71,71,1000,17.99897002
TWISTY,Kolkata,Bidhannagar,"Beverages, Ice, Cream, Desserts",4.4,57,51,51,300,17.30003278
Banana Leaf@Komala Vilas,Kolkata,Kalighat,"South, Indian",4.5,68,65,65,200,31.08939651
Momo's Point,Kolkata,Topsia,"Chinese, Tibetan, Snacks",3.6,67,63,63,150,10.96028078
DENZONG KITCHEN-A UNIT OF BLUE STAR RESTUARANT,Kolkata,SanityTestArea,"Biryani, Mughlai",,79,71,71,500,
The London Nail Art & Cafe,Kolkata,Lake Town,"Beverages, Desserts, Pastas, Pizzas, Continental, American, Snacks",3.9,73,67,67,300,15.33411997
Diwan Food Court,Kolkata,Lake Town,"Combo, North, Indian",2.3,76,70,70,300,7.002401607
Dil Desi Dhaba,Kolkata,Tiljala,"North, Indian, Biryani, Mughlai, Snacks",3.8,70,66,66,400,14.9409374
KATHI JUNCTION,Kolkata,Lake Town,"Indian, Fast, Food, North, Indian",4.2,68,62,62,300,19.38350617
Blu Orchid,Kolkata,Ballygunge,Chinese,4.4,75,72,72,500,20.30653027
Kusum's Kitchen,Kolkata,Lake Town,Indian,3.4,76,70,70,400,10.35137629
Bijoli Grill Foods Corner,Kolkata,Kalighat,"Indian, Fast, Food, Chinese, Tandoor, Snacks, Biryani",4,66,63,63,300,24.8664244
Aaharadi,Kolkata,Lake Town,"Chinese, Indian",,75,69,69,300,
Tamarind,Kolkata,Kalighat,"North, Indian, South, Indian",4.4,73,70,70,1100,20.30653027
Chaccha Jaan - Biryani Kebabs & Curries,Kolkata,Tiljala,"Biryani, North, Indian, Mughlai, Kebabs",4.1,67,63,63,400,25.48808501
CLOUD26,Kolkata,Alipore,"Chinese, Continental, Pastas, Snacks",,77,74,74,300,
ADI SREE HARI MISTANNA BHANDAR,Kolkata,Kalighat,"Sweets, Desserts, Combo, Snacks",4.5,63,60,60,100,31.08939651
The Sonnet,Kolkata,Bidhannagar,"Indian, Chinese, Continental",,67,61,61,1200,
De Sovrani,Kolkata,Near City Centre 1 Petrol Pump,"Indian, Chinese, Continental",,64,58,58,800,
Biryan - Flavour Of Nawabs,Kolkata,Kalighat,Biryani,4.1,68,65,65,300,12.48254199
BHAIJAAN'S,Kolkata,SanityTestArea,"Biryani, North, Indian, Chinese",,78,70,70,300,
PHUCHKA KING,Kolkata,Tiljala,Chaat,3,79,75,75,100,9.133567313
Ruma's Kitchen,Kolkata,Gariahat,"Bengali, Thalis, Indian, Chinese",4,71,68,68,250,18.46048207
Rasoi Jalpan,Kolkata,Lake Town,Indian,4.4,71,65,65,200,17.30003278
SAMBHAR CHUTNEY,Kolkata,Bidhannagar,"South, Indian, Beverages",4.4,71,65,65,300,13.39589873
Rasna Buzz,Kolkata,Salt Lake,"American, Pizzas, Fast, Food, Juices, Salads, Pastas, Snacks, Beverages, Street, Food",4.3,71,65,65,250,13.09144648
Bowl Mein,Kolkata,Kestopur,"Biryani, Indian, Chinese, Bowl, Company, Keventers, &, more",4.1,71,71,71,200,25.48808501
Sare Chuattar,Kolkata,Kalighat,Bengali,4.2,71,68,68,450,12.78699424
The Yellow Turtle,Kolkata,South Kolkata,"Asian, Chinese, Continental",4.4,71,68,68,300,20.30653027
Denzong Delight,Kolkata,Lake Town,"Chinese, Tibetan",4,71,65,65,200,18.46048207
Bangla Box By Kasturi,Kolkata,South Kolkata,"Bengali, Combo",4.1,71,68,68,350,18.92199412
L'INSTANT CAFE,Kolkata,Lake Market,Indian,,71,68,68,650,
New Haji Kolkata Biryani House,Kolkata,Dum Dum,"Biryani, Indian",3.7,71,65,65,100,14.54775484
TANDOORI DOT COM,Kolkata,Tiljala,"North, Indian",,67,63,63,200,
Anand food corner,Kolkata,Lake Town,"Indian, Snacks, North, Indian",4.2,75,69,69,250,19.38350617
Banglar Rannaghar,Kolkata,Kolkata,"Bengali, Indian, Chinese",4,76,73,73,300,27.63501912
Hatari,Kolkata,Bidhannagar,"Chinese, Indian",4.5,73,67,67,500,27.97472745
Delicacy,Kolkata,Salt Lake,"North, Indian, Chinese, Tandoor",4.4,70,64,64,300,20.30653027
Jiya Snacks,Kolkata,Gariahat,"Indian, Chinese",,73,70,70,250,
Sai Jalpan Junction-Lake Town,Kolkata,Lake Town,"Snacks, South, Indian",4.4,66,60,60,200,30.39852103
7 Days,Kolkata,Bidhannagar,Indian,3.9,72,66,66,600,11.87363751
The Masala Club,Kolkata,Kalighat,"Fast, Food, Chinese",4.6,72,69,69,250,18.08639791
M Hub,Kolkata,Lake Town,"Pizzas, Pastas, Fast, Food, Beverages",,78,72,72,200,
Crave Foodworks,Kolkata,Ballygunge,"Italian, Chinese, Mexican, Mediterranean, Thai",4.3,76,73,73,1200,16.90685022
@ Thala-E-Wah,Kolkata,Alipore,"Indian, Chinese",,69,66,66,200,
Kimli,Kolkata,Gariahat,"Chinese, Seafood",4.4,69,66,66,600,20.30653027
Ananda Mela Confectionery,Kolkata,Dumdum,"Indian, Bakery, Biryani",,75,69,69,300,
Sir Oven O bake,Kolkata,Kalighat,Pizzas,,70,67,67,400,
Cafe Offbeat - Up There,Kolkata,Topsia,"Asian, Continental, North, Indian, Thai",,80,72,72,1500,
Biryani Corner,Kolkata,Kalighat,"Biryani, Indian, Chinese, Tandoor",4.1,73,70,70,300,12.48254199
Aatithya,Kolkata,Lake Town,"Chinese, Bengali",,75,69,69,400,
Banana Leaf,Kolkata,Golpark,"South, Indian",4.4,72,69,69,200,30.39852103
Buddha Bites-Jessore Road,Kolkata,Lake Town,"Chinese, Asian, Fast, Food, Snacks, Tibetan",3.7,74,68,68,300,25.56239268
Bachan's Tandoori Club,Kolkata,Kalighat,Tandoor,4.5,67,64,64,250,27.97472745
Kurry Patta,Kolkata,Ballygunge,"Chinese, North, Indian, South, Indian",4.5,71,68,68,250,27.97472745
Sabita Restaurant,Kolkata,Dum Dum,"North, Indian, Chinese, Bengali, Biryani, Indian, Tandoor",4,74,68,68,300,27.63501912
A1 Haji Fast Food Centre,Kolkata,Dum Dum,"Biryani, North, Indian, Street, Food",4.2,72,66,66,300,19.38350617
Tandoor Box,Kolkata,Baranagar,"Tandoor, Kebabs, Combo, Mughlai, North, Indian, Thalis",4.3,71,65,65,300,29.70764555
Galawat,Kolkata,Bidhannagar,"Biryani, Kebabs, Lucknowi, North, Indian",4.3,67,61,61,200,19.84501822
The Banglar Rannaghar,Kolkata,Gariahat,"Indian, Tandoor, Combo",,76,73,73,300,
Etsetmix By Hanglaatherium,Kolkata,Ballygunge,"Chinese, Indian",4.4,72,69,69,350,20.30653027
Haji Biryani House,Kolkata,Alipore,Biryani,2.9,74,71,71,280,8.829115069
Burnt Garlic,Kolkata,Kalighat,"Continental, Chinese, Italian, American",,79,76,76,1100,
Uncle Peter's Pancakes,Kolkata,Kalighat,"Continental, Desserts, Waffle, Snacks, Beverages",4.3,75,72,72,300,26.73140623
The lassi Pub,Kolkata,Kalighat,"Desserts, Beverages",,73,70,70,300,
Qfc,Kolkata,Sinthee,Indian,3.5,80,74,74,250,10.65582853
THE FOOD TOWER,Kolkata,Lake Town,"Indian, Chinese, Combo",,74,68,68,250,
Delicious Dhaba,Kolkata,Ruby Area,Indian,3.4,74,70,70,200,13.36820715
Harry's Bistro,Kolkata,Bidhannagar,"Indian, Asian, Chinese, Desserts, Beverages, Biryani",4.3,68,62,62,200,19.84501822
IMMUNNO KITCHEN,Kolkata,South Kolkata,"Seafood, Chinese",,70,67,67,250,
Nusrats,Kolkata,South Kolkata,"Biryani, Indian, Combo, Beverages, Fast, Food",4.7,70,67,67,150,21.69106643
Bedouin - Sher e Bengal,Kolkata,Gariahat,"North, Indian, Chinese, Bengali",,70,67,67,500,
New Banglar Rannaghor,Kolkata,Gariahat,"Bengali, Indian, Chinese, Snacks",4,78,75,75,200,18.46048207
BUNAPHILE,Kolkata,South Kolkata,Continental,,80,77,77,300,
House of Wong by Mamasan,Kolkata,Southern Avenue Gariahat,"Asian, Chinese",4.2,85,82,82,400,12.78699424
Purbani Restaurant & Hotel,Kolkata,Gariahat,"Chinese, North, Indian",,75,72,72,450,
Roastery Coffee House,Kolkata,Gariahat,"Continental, Pastas, Pizzas, Beverages, Desserts, Italian, American",4.6,76,73,73,750,28.59638806
Sub Spot,Kolkata,Kalighat,"Healthy, Food, Salads, Fast, Food",,73,70,70,200,
ZEESHAN D.P. PARK,Kolkata,South Kolkata,"Tandoor, Snacks, Biryani",4.4,68,65,65,250,20.30653027
Down The Lane,Kolkata,Salt Lake,"Continental, Italian, Mexican",4.3,69,63,63,800,13.09144648
Foodjet,Kolkata,Dum Dum,"Indian, Chinese, Biryani, Combo",4.3,75,69,69,300,19.84501822
@69 Food Zone,Kolkata,Baranagar,"Fast, Food, Indian, Chinese",3.8,69,63,63,200,23.62310318
The Grub Club,Kolkata,Golpark,"Italian, Chinese, Thai",4.3,69,66,66,400,29.70764555
OverDose,Kolkata,Kalighat,Chinese,3.9,70,67,67,400,24.24476379
MASALA DARBAR,Kolkata,Salt Lake,"North, Indian, Chinese, Tandoor, Biryani",,67,61,61,200,
Gusto Cafe & Kitchen,Kolkata,Golpark,"Continental, Italian, Pizzas, Chinese, Fast, Food",,78,75,75,500,
Kaafila,Kolkata,Bidhannagar,"Mughlai, North, Indian",3.9,71,65,65,1600,15.33411997
 Conclave at Afraa,Kolkata,Bidhannagar,"Italian, Indian, Continental",3.9,75,69,69,850,15.33411997
The Daily cafe,Kolkata,Kalighat,"Continental, Indian",4.5,70,67,67,1000,20.76804233
Taste-Ride,Kolkata,Kalighat,"Chinese, Indian, Continental",3.9,75,72,72,500,17.99897002
CALCUTTA CABIN,Kolkata,Sinthee,Bengali,3.7,78,72,72,200,14.54775484
Poached Onion,Kolkata,Salt Lake,"Indian, Kebabs",,73,67,67,700,
Box It Up,Kolkata,Sinthee,"Indian, Bengali, Chinese, Combo, Oriental, Continental, Pizzas, Snacks, Beverages, North, Indian, Healthy, Food",3.9,78,72,72,200,17.99897002
China Box,Kolkata,Dumdum,Chinese,,82,76,76,300,
FoodPath,Kolkata,Sinthee,"Italian, Snacks, Chinese, Desserts, Ice, Cream, Indian, Combo, Beverages, Kebabs, Healthy, Food, Continental",4.1,74,68,68,400,25.48808501
Kurseong Korner,Kolkata,Bidhannagar,Chinese,4.1,67,61,61,600,18.92199412
Samrat Shazada,Kolkata,South Kolkata,"Chinese, Mughlai, Indian, Snacks, Combo",,71,68,68,200,
Crossroad Crystal - Golpark,Kolkata,Golpark,"Indian, Chinese, Bengali",4.1,71,68,68,350,16.12048509
Tinni's Kitchen,Kolkata,Gariahat,"Indian, Thalis, Beverages",4.2,69,66,66,200,19.38350617
MINI ROYAL,Kolkata,Lake Town,"Indian, Chinese, Biryani, Snacks",,73,67,67,400,
Harpreet Auntie's Thali Junction,Kolkata,Salt Lake,"Indian, Chinese, Thalis",,65,59,59,600,
Fresh-N-Up,Kolkata,Gariahat,Chinese,4.4,66,63,63,450,20.30653027
wakhani,Kolkata,Dumdum,Indian,,75,69,69,300,
Afraa Deli-Sector 1,Kolkata,Bidhannagar,"Continental, Fast, Food, Italian, Beverages",4.3,67,61,61,700,16.90685022
Darchini,Kolkata,Baranagar,Indian,3.8,70,64,64,200,11.56918526
Chinese Combo World,Kolkata,Golpark,"Chinese, Combo",3.7,72,69,69,300,23.00144257
Biryani by Kilo,Kolkata,Dhakuria,"Biryani, Hyderabadi, Lucknowi, Kebabs",4.1,87,84,84,600,28.3258946
Anand Food Plaza,Kolkata,Lake Town,"North, Indian, South, Indian",4.1,75,69,69,200,18.92199412
aamio bengali,Kolkata,Lake Town,"Indian, Seafood, Beverages",3.8,84,78,78,200,14.9409374
Chez - Pan Oriental Kitchen,Kolkata,Ballygunge,"Chinese, Pan-Asian, Asian, Burmese, Thai",4.4,75,72,72,350,30.39852103
PIPIZ KITCHEN,Kolkata,Lake Town,"Home, Food, Bengali, Indian, Thalis, Snacks",3.8,81,75,75,250,11.56918526
La Maison Des Delices Patisserie & Bistro,Kolkata,South Kolkata,"Bakery, Continental, Pizzas",,75,72,72,1000,
24 Grains,Kolkata,Baranagar,"Indian, Chinese, Biryani, Tandoor, North, Indian, Kebabs, Middle, Eastern",4.2,66,63,63,500,16.51366766
Chata Chati,Kolkata,South Kolkata,"Snacks, Indian",,70,67,67,250,
Fusion Fantasea,Kolkata,Ballygunge,"Coastal, Arabian, Tribal",4.2,77,74,74,800,16.51366766
Dawat Patrified,Kolkata,Salt Lake,"Chinese, Indian, Desserts",,69,63,63,500,
Tribe,Kolkata,Gariahat,American,4.5,74,71,71,800,13.70035097
Cafe Koffee Kotha - Quick Bites & Continental,Kolkata,Gariahat,"Continental, American, Mexican, Beverages, Desserts",,74,71,71,300,
English Bazar Express,Kolkata,South Kolkata,"Chinese, Thai",,75,72,72,250,
Asian Deli,Kolkata,Ballygunge,"Indian, Chinese",4.1,78,75,75,500,12.48254199
RoadHouzz,Kolkata,Ballygunge,"Continental, Italian, Oriental, Tandoor",4.3,78,75,75,900,13.09144648
Uttarayan Fast Food And Snacks,Kolkata,North Dumdum,"Fast, Food, Seafood",4.2,64,61,61,250,16.51366766
The Lunch Box Company,Kolkata,South Kolkata,Indian,,72,69,69,300,
Gupta Brother and Sisters,Kolkata,Kasba,"Bengali, Indian, Combo",4.3,74,70,70,150,19.84501822
Hot Spring Kitchen and Lounge,Kolkata,South Kolkata,Chinese,,79,76,76,500,
Marco Polo,Kolkata,Kalighat,"Indian, Continental",4.3,74,71,71,1000,19.84501822
Chaplin Chinese Restaurant,Kolkata,Sinthee,"North, Indian",4,78,72,72,300,12.17808975
Wise Owl Steak House,Kolkata,Ballygunge,"Continental, European",4,75,72,72,1000,15.72730253
LITTLE ASIA,Kolkata,South Kolkata,"Chinese, Fast, Food",4.5,73,70,70,300,20.76804233
Wise Owl The Coffee Shop,Kolkata,Ballygunge,"Continental, American, Cafe",4.3,76,73,73,700,19.84501822
Tero Parbon,Kolkata,Gariahat,Bengali,4.3,72,69,69,500,19.84501822
Downtown Foodstop,Kolkata,Dum Dum,"North, Indian, Mughlai",4,82,76,76,300,12.17808975
Mrs. Messy,Kolkata,Ruby Area,"Indian, Chinese",,70,66,66,250,
The Wall,Kolkata,Ballygunge,"Chinese, Seafood, Thai, Japanese",4.1,75,72,72,1300,18.92199412
Petuk Hori,Kolkata,Sinthee,"Combo, Bengali, Thalis",,85,79,79,200,
The Red Asian,Kolkata,Lake Town,"Chinese, Combo, Continental, Fast, Food, Snacks, Pastas, North, Indian, Indian",4.3,74,68,68,300,19.84501822
Fiery Drumstick,Kolkata,South Kolkata,Chinese,,72,69,69,300,
Uns Cafe & Dining,Kolkata,Gariahat,"Indian, Bengali, Kebabs, Snacks, Combo",4.5,78,75,75,200,13.70035097
TBC BOWLZ,Kolkata,South Kolkata,"Indian, Chinese, Continental",4.4,76,73,73,200,17.30003278
The Green House Cafe,Kolkata,Hindustan Park,"Italian, Chinese",,74,71,71,500,
Sheerazi,Kolkata,Kasba,"North, Indian, Chinese",4.3,68,64,64,350,16.90685022
ebowl,Kolkata,Dumdum,"Biryani, Indian, Chinese",4.3,69,63,63,300,19.84501822
DESI CHIN,Kolkata,South Kolkata,Chinese,,74,71,71,200,
Kathi On The Go,Kolkata,Lake Town,"Biryani, Indian, Kebabs, Mughlai, Fast, Food",3.9,84,78,78,300,26.94414364
Mishti Ghor,Kolkata,Golpark,"Sweets, Combo, Desserts, Bengali, Bakery, Beverages",4.2,74,71,71,200,26.10974562
Pyarelal,Kolkata,Lake Town,"Fast, Food, Indian, Tandoor",4,81,75,75,250,27.63501912
Classic fast food centre,Kolkata,North Dumdum,"Indian, Chinese, Mughlai",3.7,73,70,70,200,14.54775484
Hungry Tide,Kolkata,Gariahat,"Chinese, Continental, Fast, Food, Snacks",4.5,71,68,68,350,31.08939651
Momo Daju,Kolkata,BOROUGH,"Chinese, Thai",,85,82,82,300,
Delish bakery,Kolkata,Bidhannagar,Bakery,,67,61,61,500,
Container Kebab By Baba Rafi,Kolkata,Bidhannagar,"Indian, Kebabs, Fast, Food, Beverages",,67,61,61,550,
Maa Karunamoyee fast food centre,Kolkata,Baranagar,Indian,3.7,65,62,62,250,14.54775484
Paris Bakery,Kolkata,Dumdum,"Bakery, Snacks, Indian",,82,76,76,280,
Shawarma City Express,Kolkata,Bidhannagar,Lebanese,3.7,75,69,69,200,17.07594591
Swirls,Kolkata,Bidhannagar,"Desserts, Ice, Cream",3.9,75,69,69,200,15.33411997
Zold Cafe and Kitchen,Kolkata,Golpark,"Pizzas, Fast, Food, Snacks, Pastas, Beverages",,75,72,72,600,
Wok it up,Kolkata,Golpark,"Chinese, Oriental, Pan-Asian",4,75,72,72,300,18.46048207
Ushtaad Ji,Kolkata,Bosepukur,"Chinese, Tibetan",,75,71,71,200,
Urmila,Kolkata,Bidhannagar,"Indian, Chinese, Tandoor, Mughlai",,75,67,67,300,
Yaara Da Dhaba,Kolkata,Kasba,"Indian, North, Indian, Kebabs, Punjabi, Tandoor, Biryani",4.3,75,71,71,400,19.84501822
KRAZZY FOR ICECREAM SUNDAE,Kolkata,Ruby Area,Desserts,,75,71,71,400,
Five Mad Men,Kolkata,Bidhannagar,"Italian, Continental, Chinese",4.2,75,67,67,1000,12.78699424
Bukhara - Biryani Kebabs & Curries,Kolkata,Bidhannagar,"Biryani, Kebabs, North, Indian, Tandoor, Combo",3.8,75,67,67,400,17.53745796
New kalpana mistanna bhander,Kolkata,Lake Gardens,Desserts,4.7,75,71,71,200,32.47114746
Momo World,Kolkata,Golpark,"Tibetan, Chinese",3.8,75,72,72,300,17.53745796
Sweetish House Mafia,Kolkata,Kalighat,"Desserts, Beverages, Ice, Cream, Bakery, Sweets",4.5,77,74,74,400,20.76804233
The Food Story,Kolkata,Lake Town,"Snacks, Pastas, Fast, Food, Combo",,81,75,75,250,
Frytry,Kolkata,South Kolkata,"Fast, Food, Kebabs",,74,71,71,400,
Santa's Fantasea,Kolkata,Gariahat,"Tribal, Seafood, Chinese",4.3,80,77,77,1200,19.84501822
Wabi Sabi,Kolkata,Kalighat,"Indian, Continental, Fast, Food, Mexican",4.5,75,72,72,800,17.69321535
Snack It,Kolkata,South Kolkata,"Indian, Chinese, Bengali, Oriental, Seafood",,87,84,84,250,
Appayan,Kolkata,Dumdum,"Chinese, Combo",,76,70,70,300,
The Tasty Bites,Kolkata,A Unit of M/S Cohort  Ruby Area,"Asian, Indian, Tandoor, Tibetan, Chinese",4.2,67,63,63,300,26.10974562
aamio bengali restaurant,Kolkata,Lake Town,"Bangladeshi, Bengali",,79,73,73,200,
O Asia,Kolkata,Ruby Area,"Chinese, Pan-Asian, Combo, Oriental, Middle, Eastern, Lebanese",,76,72,72,300,
Yummy Paratha,Kolkata,Tiljala,"North, Indian, Beverages, Desserts, Biryani, Indian",4.3,71,67,67,300,19.84501822
The Brewing Leaf,Kolkata,Golpark,"Beverages, Continental, Indian, Thalis, Oriental, Bengali, Snacks",4.2,76,73,73,300,26.10974562
Bong Chinese,Kolkata,Bong Chinese Ruby Area,Asian,4.3,66,62,62,200,16.90685022
Arab Knights,Kolkata,Ruby Area,"Chinese, Combo, Mughlai, Fast, Food, Lebanese, North, Indian, Continental, Pastas",3.2,73,69,69,350,9.742471801
Chilly Culture,Kolkata,Kalighat,"Chinese, Thai, North, Indian",4.3,74,71,71,500,19.84501822
Veerji Malai Chaap Wale,Kolkata,Bidhannagar,"Indian, North, Indian",4,61,55,55,350,18.46048207
The Pan Asian Diner,Kolkata,Golpark,"Chinese, Asian",,82,79,79,400,
Coffee N Mood,Kolkata,South Kolkata,Beverages,,71,68,68,500,
The Bang Onn Cafe,Kolkata,Lake Town,"Chinese, Italian, Continental, Beverages",4,78,72,72,250,12.17808975
Snack 'n' Go,Kolkata,Sinthee,"Indian, Italian, American",3.4,83,77,77,200,10.35137629
RAJ TEA STALL,Kolkata,Jadavpur,"Chinese, Beverages, North, Indian",,80,76,76,50,
SONA CATERER,Kolkata,Jadavpur,"Indian, Fast, Food, Desserts",,76,72,72,200,
VINAYAK KITCHEN,Kolkata,Chetla,Chinese,,76,73,73,300,
Breads and Curries,Kolkata,Golpark,"Bengali, Combo, Thalis, Snacks, Beverages, American, Chinese, Oriental",4.3,78,75,75,300,19.84501822
HAKUNA MATATA,Kolkata,South Kolkata,"Chinese, Indian",,79,76,76,200,
Chapter 2,Kolkata,Golpark,"Continental, European, Italian, Pastas",4.4,75,72,72,1200,27.35306684
Cafe Drifter,Kolkata,Ballygunge,Continental,,78,75,75,650,
Second House,Kolkata,South Kolkata,"North, Indian, Chinese, Kebabs, Biryani, Mughlai",,84,81,81,500,
HASHTAG BANGALI,Kolkata,Lake Town,Bengali,3.1,88,82,82,300,9.438019557
Albela Biriyani,Kolkata,Kasba,Mughlai,4.2,64,60,60,200,12.78699424
Sampa Snacks,Kolkata,Kasba,"Chinese, Indian",3.9,66,62,62,200,17.99897002
Lovely Biriyani,Kolkata,Dumdum,Biryani,,77,71,71,300,
THE OLDE HOUSE EATERY,Kolkata,Bally,Continental,,82,79,79,600,
The Scoop,Kolkata,Bidhannagar,"North, Indian, Chinese, South, Indian, Fast, Food",4.1,70,64,64,400,18.92199412
KIMCHI,Kolkata,Ruby Area,Chinese,4,77,73,73,300,15.72730253
CAFE DARSHANI,Kolkata,Salt Lake,"South, Indian",3.9,66,60,60,280,11.87363751
Momo's Corner - Swimming Pool,Kolkata,Bidhannagar,Tibetan,,69,63,63,100,
Chat Hut - Swimming Pool,Kolkata,Bidhannagar,"Street, Food",4.3,67,61,61,150,19.84501822
Banani's Kitchen,Kolkata,Kalighat,"Indian, Bengali, Fast, Food, Snacks, Home, Food, Pastas",3.3,76,73,73,200,12.97502459
Coffee world,Kolkata,Golpark,Desserts,4.2,74,71,71,400,12.78699424
Indthalia,Kolkata,Golpark,"Continental, Chinese, Indian",3.9,77,74,74,700,11.87363751
Chang's Combos,Kolkata,Baranagar,"Chinese, Combo, Beverages",3.9,69,66,66,300,11.87363751
Terminal 11,Kolkata,Bidhannagar,"Italian, Mexican, Continental",4.3,68,62,62,1100,19.84501822
EKDALIA RD,Kolkata,South Kolkata,"Beverages, Combo, Snacks",,82,79,79,400,
BIRYANI Q&Q,Kolkata,Bidhannagar,"Indian, Biryani, Chinese, Tandoor, Kebabs",,67,61,61,300,
FUSION OF CHINA,Kolkata,Kasba,"Chinese, Combo",4.2,73,69,69,200,12.78699424
99,Kolkata,Golpark,Indian,4.1,77,74,74,300,16.12048509
Soul of Bengal,Kolkata,Golpark,"Bengali, Beverages, Snacks, Sweets, Combo, Thalis, Bangladeshi, Seafood",4.3,77,74,74,300,26.73140623
Tanngo Chutney,Kolkata,Bidhannagar,"South, Indian",4.1,69,63,63,300,18.92199412
HOI-CHOI UNLIMITED,Kolkata,Kasba,"Chinese, North, Indian, Continental, Salads",,77,73,73,500,
Aala Biriyani,Kolkata,Baranagar,"Indian, Biryani",4,67,64,64,200,12.17808975
A1 Haji Fast Food,Kolkata,Baranagar,"Mughlai, Indian, Chinese",3.9,64,61,61,300,24.24476379
The Biryani Inc.,Kolkata,Kasba,"Biryani, Mughlai, Kebabs, North, Indian",4.3,69,65,65,350,29.70764555
Chennai Xpress,Kolkata,Lake Town,"South, Indian, North, Indian, Chinese, Beverages",4.1,74,68,68,300,25.48808501
The Pind punjabi dhaba,Kolkata,Lake Town,"Punjabi, North, Indian, Tandoor, Biryani, Combo",4.3,75,69,69,500,26.73140623
SGF - Spice Grill Flame,Kolkata,Lake Town,"North, Indian, Fast, Food, Chinese",4,76,70,70,250,15.72730253
Lucknow Biryani House,Kolkata,Dum Dum,Indian,3.6,73,67,67,200,14.15457228
Frozen Bottle,Kolkata,Bidhannagar,"Beverages, Ice, Cream, Desserts",4.1,65,59,59,250,12.48254199
Homemade Kitchen Items,Kolkata,Kasba,"Biryani, Indian, Continental, Fast, Food",,78,74,74,300,
CRAZY CHAAP CORNER,Kolkata,Lake Town,"Tandoor, Chinese, Beverages",,85,79,79,300,
Dhabawale,Kolkata,Bidhannagar,"Indian, Tandoor, Thalis",3.9,68,62,62,300,24.24476379
Krazee Kulcha,Kolkata,Bidhannagar,Indian,4,69,63,63,400,12.17808975
Kolkata Fries,Kolkata,Baranagar,"Fast, Food, American, Biryani, Lebanese, Indian",4.4,94,91,91,200,13.39589873
Dariole,Kolkata,Bidhannagar,"Bakery, Desserts",4.4,60,54,54,150,20.30653027
Sharma Snacks,Kolkata,Kasba,"Beverages, Chaat",4.2,66,62,62,100,29.01677007
37 RELISH ROUTE,Kolkata,South Kolkata,"Bengali, Continental",,82,79,79,200,
MASTEA,Kolkata,Lake Town,"Continental, Chinese, Italian",4.3,78,72,72,300,13.09144648
DOUBLE TROUBLE,Kolkata,Lake Town,"Chinese, Beverages, Juices",4.2,81,75,75,250,12.78699424
Teekha,Kolkata,Salt Lake,"Indian, Fast, Food, Mexican, Continental, Beverages",4.3,68,62,62,500,13.09144648
Hurried & Hungry,Kolkata,North Dumdum,"Chinese, Snacks",,69,66,66,200,
ISLAND OF CREAMS,Kolkata,Bangur,"Ice, Cream, Desserts",,80,74,74,98,
Officer's Kitchen,Kolkata,Kasba,"Chinese, Indian, Tandoor",4.2,72,68,68,250,26.10974562
Mezban Biryani,Kolkata,Lake Town,"Biryani, Combo, Beverages",,83,77,77,100,
Ketana,Kolkata,Lake Town,Indian,4.4,78,72,72,250,20.30653027
Hunger Twister,Kolkata,Lake Town,Chinese,4.6,74,68,68,250,14.00480321
Dugout avenue sports foundation,Kolkata,Ballygunge,Indian,,79,76,76,500,
SAVISTER,Kolkata,Lake Town,"Snacks, Beverages",4.3,87,81,81,250,13.09144648
OLD MONKS,Kolkata,Lake Market,"Snacks, Chinese, Indian",,76,73,73,500,
Vdesi Addicts,Kolkata,Lake Town,Pastas,,82,76,76,350,
Pappadam Coastal Delicacies,Kolkata,Kalighat,Coastal,4.3,79,76,76,750,16.90685022
My Hangout,Kolkata,Kalighat,"Chinese, Continental, Italian, Seafood",,82,79,79,500,
Berlin Burgers,Kolkata,Salt Lake,"Fast, Food, Seafood",4.7,72,66,66,400,14.30925546
Biryanishk by The Biryani Company,Kolkata,Kalighat,"Indian, Biryani",4.1,77,74,74,700,16.12048509
Lokenath Restaurant,Kolkata,Baranagar,Indian,3.9,66,63,63,250,17.99897002
Puchkaman,Kolkata,Golpark,"Fast, Food",3.5,77,71,71,150,13.76138971
MEMORIOUS INDIA,Kolkata,Dum Dum,"Indian, Chinese",,79,73,73,400,
Khawabo Jatane Fast Food,Kolkata,Dum Dum,"Chinese, Mughlai, North, Indian",4.3,88,82,82,200,13.09144648
GITA RANIS SUSWADU HESEL,Kolkata,Dum Dum,Indian,2.8,84,78,78,200,8.524662826
KALPANAS KITCHEN,Kolkata,Baranagar,"Indian, Chinese, Combo",4.2,77,74,74,400,16.51366766
Courting Coffees,Kolkata,Bidhannagar,Continental,4.6,74,68,68,300,18.08639791
Starter Barter,Kolkata,Dumdum,"Chinese, Seafood",,85,79,79,500,
Red Kitchen & Lounge,Kolkata,Alipore,"North, Indian, Chinese",4,82,79,79,1000,12.17808975
Sigree,Kolkata,Bidhannagar,"North, Indian, Biryani",4.2,82,76,76,900,16.51366766
South Indian Cafe,Kolkata,Kalighat,"South, Indian",4,83,80,80,120,12.17808975
Peep Inn,Kolkata,Kalighat,"Chinese, North, Indian",3.9,74,71,71,400,15.33411997
Khatirdari,Kolkata,Lake Town,"North, Indian, Chinese, Continental",3.7,82,76,76,300,11.26473302
MOU DELICIOUS KITCHEN,Kolkata,Dum Dum,"Indian, Chinese, Bengali, North, Indian, Fast, Food, Snacks",4,90,84,84,150,18.46048207
Gangotri,Kolkata,Bidhannagar,"Street, Food, North, Indian, South, Indian",4.3,67,61,61,300,19.84501822
Tandoor Park,Kolkata,Selimpur,"Indian, Tandoor, Chinese",4.4,79,75,75,600,30.39852103
Burger In Law,Kolkata,Kasba,"American, Fast, Food, Beverages",4.3,76,72,72,350,26.73140623
Kasba Korner,Kolkata,Kasba,"Indian, Chinese, Combo, Biryani",3.8,74,70,70,300,23.62310318
Noodle Oodle,Kolkata,Dum Dum,Chinese,4.1,83,77,77,600,18.92199412
Punjabi Zaika,Kolkata,East Kolkata Township,"North, Indian",3.9,78,74,74,300,17.99897002
Dhaka Biryani House,Kolkata,Baranagar,"Biryani, Indian, Mughlai, Chinese",4.1,64,61,61,500,18.92199412
THE PARKING,Kolkata,Ruby Area,"Chinese, Tandoor, Fast, Food, Mughlai, Combo, Beverages",4.3,73,69,69,200,16.90685022
Aamar Bangla,Kolkata,Dum Dum,"Bangladeshi, Bengali",4.2,74,68,68,250,26.10974562
CHAURASIA PAN SHOP,Kolkata,Amarpalli,Paan,4.4,74,68,68,100,17.30003278
Bangali Bhoj,Kolkata,Chetla,Bengali,3.9,77,74,74,250,17.99897002
SUTRIPTI MISTANNA BHANDER,Kolkata,Baranagar,Sweets,,79,73,73,100,
Haveli,Kolkata,Bidhannagar,Indian,4,73,67,67,1200,15.72730253
SLAY Coffee,Kolkata,Sector V Salt Lake,"Beverages, Desserts",4.3,70,62,62,200,19.84501822
C4U,Kolkata,North Dumdum,"Chinese, Snacks",,70,67,67,200,
CAKE WIZARD,Kolkata,Kasba,Bakery,,76,73,73,700,
Rendezvous - Monotel,Kolkata,Bidhannagar,"Italian, Chinese, Desserts, Continental, Indian",4.4,76,68,68,500,13.39589873
PlateOnic,Kolkata,Bidhannagar,"Chinese, Thai",4.4,72,66,66,500,20.30653027
Moonlight Sonata,Kolkata,Dhakuria,"Indian, Chinese",4,84,80,80,250,18.46048207
Marhaba,Kolkata,Selimpur,"Mughlai, Indian, Tandoor, Biryani",4.2,81,77,77,400,16.51366766
Aso Basi Pasapasi Kichukhan,Kolkata,Dumdum,"North, Indian, Chinese",,90,84,84,200,
Perfect bite,Kolkata,Dumdum,"Chinese, Indian, Snacks",,93,87,87,200,
Abar Khabo One,Kolkata,Ruby Area,"Indian, Chinese",4.6,74,70,70,100,18.08639791
GOURI SNACKS,Kolkata,South Dumdum,Biryani,,81,75,75,200,
Scone (Multicuisine Unit),Kolkata,Salt Lake City,"Indian, Chinese",4.4,73,67,67,300,17.30003278
MEHFIL,Kolkata,Dumdum,"Chinese, North, Indian, Tandoor",,84,78,78,250,
Blues - the food point,Kolkata,East Kolkata Township,"Indian, Mughlai, Chinese, Biryani, Fast, Food, Punjabi",,82,78,78,200,
eRestro,Kolkata,Dhakuria,"Chinese, Biryani, Tandoor, Indian",4.5,90,86,86,400,20.76804233
Flavour  Town,Kolkata,East Kolkata Township,Chinese,,76,72,72,200,
AHAR AMAZE,Kolkata,South Kolkata,"Indian, Chinese",,81,78,78,200,
Hirak Rajar Deshe,Kolkata,Jodhpur Park,Bengali,,86,82,82,200,
Shahi Dum Pukht,Kolkata,Dumdum,"North, Indian",3.7,83,77,77,250,11.26473302
Cakes by Mama Mia!,Kolkata,Salt Lake,"Bakery, Desserts",,69,63,63,300,
Parathawala,Kolkata,Kasba,"North, Indian, South, Indian, Punjabi",3.7,78,74,74,250,11.26473302
Meraki Kitchen,Kolkata,Ruby park,"Chinese, North, Indian, Indian, Tandoor",,76,72,72,300,
The Food Chain,Kolkata,Dhakuria,"Fast, Food, Chinese",3.7,81,77,77,250,11.26473302
I AM HUNGRY,Kolkata,North Dumdum,Chinese,,76,73,73,200,
Hatari,Kolkata,Ruby Area,"Chinese, Biryani, North, Indian",4.3,77,73,73,400,26.73140623
Kolkata@99,Kolkata,Bidhannagar,Indian,3.8,73,67,67,200,32.36609405
Tandoori Pitara,Kolkata,Kestopur,"Indian, North, Indian, Punjabi, Tandoor, Biryani, Kebabs, Desserts",,80,80,80,400,
THE CANTEEN by Asia House,Kolkata,Ballygunge,Asian,4.3,80,77,77,800,16.90685022
KWALITY WALLS,Kolkata,Sector V Salt Lake,"Ice, Cream, Beverages",,80,72,72,200,
Sandwich Gali,Kolkata,Salt Lake,"Fast, Food",,80,74,74,250,
BANGALIYANA RANNA GHAR,Kolkata,Garfa,Indian,2.7,80,76,76,300,8.220210582
Mamasan,Kolkata,Santoshpur,Oriental,4.1,80,77,77,900,12.48254199
ALT-The Healthy Kitchen,Kolkata,Bidhannagar,"Healthy, Food, Thalis, Beverages, Pizzas, Chinese",4.2,80,72,72,400,19.38350617
Anytime Pizza,Kolkata,Bidhannagar,"Italian, Desserts",,80,74,74,300,
Cookies & Cakes,Kolkata,Golf Green,Desserts,4.4,80,76,76,200,30.39852103
Legacy Of China,Kolkata,Bidhannagar,"North, Indian, Chinese, Fast, Food",4.1,80,72,72,400,18.92199412
Pour House,Kolkata,Bidhannagar,"Indian, Italian, Chinese, Continental",,80,72,72,1200,
OHH DELICIOUS,Kolkata,Kestopur,"Indian, North, Indian",,80,80,80,400,
SHANGHAI FLAVOURS OF CHINA TOWN,Kolkata,Salt Lake,Chinese,3.8,78,72,72,1000,14.9409374
HOUSE OF BHUKKARS,Kolkata,East Kolkata Township,"Chinese, Continental, Indian, Seafood",4.4,84,80,80,300,20.30653027
KOLKATA PIZZA,Kolkata,Lake Town,"Pizzas, Fast, Food, Beverages",,91,85,85,159,
Farest Kitchen,Kolkata,Dum Dum,Chinese,3.7,86,80,80,250,11.26473302
CHUNKY MONKEY,Kolkata,Lake Gardens,"Italian, Pizzas, Fast, Food",3.2,84,80,80,200,12.58184202
25 MAIN STREET CAFE,Kolkata,Salt Lake,Indian,,76,70,70,300,
Mughal Shughal By The Way,Kolkata,East Kolkata Township,"Mughlai, North, Indian",3.9,78,74,74,500,11.87363751
KAVIAR Charu Market RESTAURANT,Kolkata,Jadavpur,"North, Indian, Chinese, Tandoor, Indian",,82,78,78,600,
Gupta's Veg,Kolkata,Kolkata,"North, Indian, Chinese, Tandoor",4.2,82,76,76,200,26.10974562
Nidhees fast food,Kolkata,Alipore,"Chinese, Fast, Food",,83,80,80,200,
QFC - Quality Fried Chicken,Kolkata,Dumdum,"Fast, Food, Combo, Chinese",4.3,88,82,82,200,26.73140623
Gurudev Restaurant,Kolkata,Kolkata,"Indian, Chinese, South, Indian, Biryani",4.3,81,75,75,300,26.73140623
Gupta Eating House,Kolkata,Jadavpur,"Indian, Chinese, Fast, Food",4.2,81,77,77,150,29.01677007
WAH! PHUCHKA,Kolkata,Jodhpur Park,"Fast, Food, Beverages, Snacks",4.4,84,80,80,100,20.30653027
"ANJALI	CATERER",Kolkata,Dumdum,Bengali,,93,87,87,200,
Wow! China Bistro,Kolkata,Salt Lake,"Tibetan, Fast, Food, Chinese, Asian, Snacks, Continental, Desserts, Beverages",4,77,71,71,400,18.46048207
foodie folks,Kolkata,Ruby Area,"Bengali, Indian, Continental, Italian, Oriental, Desserts",,79,75,75,200,
Ya Burger,Kolkata,Kasba,"American, Continental, Italian, Snacks, Pastas, Combo",4.5,77,73,73,300,27.97472745
Kitchen Plaza,Kolkata,Ruby Area,"Indian, Chinese, Bengali",4,84,80,80,200,12.17808975
Shivohan Kitchen,Kolkata,Lake Town,"Fast, Food, Indian",4.6,88,82,82,150,14.00480321
THE SPICE FACTORY,Kolkata,Rabindra Sarovar,"North, Indian, Beverages",3.4,85,81,81,250,13.36820715
10 Downing street,Kolkata,Bidhannagar,"North, Indian, Chinese, Continental",4,78,70,70,1000,12.17808975
CHEESY BLAST,Kolkata,Baguihati,"Fast, Food, Indian, Mughlai, Pizzas",,76,76,76,250,
old mate's,Kolkata,Jodhpur Park,"Continental, Chinese",,90,86,86,500,
Jyoti Sweets & Snacks,Kolkata,New Alipore,Sweets,,81,78,78,100,
Express By Ab's,Kolkata,Bidhannagar,"Barbecue, Biryani, Indian, Thalis",4.5,82,74,74,300,13.70035097
GITANJALI EATING HOUSE,Kolkata,Ruby Area,"North, Indian, Chinese, Biryani",4.2,74,70,70,300,12.78699424
Agarwal's Kitchen,Kolkata,Bidhannagar,"Combo, Thalis, North, Indian, Desserts, Beverages",4.2,72,66,66,250,29.01677007
BUDDY BITES,Kolkata,Ruby Area,"Indian, Kebabs, Combo",,79,75,75,200,
Steam In Mugs,Kolkata,Jodhpur Park,"Continental, Chinese, Desserts",3.6,82,78,78,300,10.96028078
Tiffin Express ,Kolkata,Bidhannagar,Indian,4,77,71,71,200,15.72730253
Kolkata@91,Kolkata,Salt Lake,"Fast, Food, Snacks, Beverages, Pastas",,74,68,68,150,
New Bharat Sweets,Kolkata,Dum Dum,Sweets,4,78,72,72,100,18.46048207
Food Point,Kolkata,Tollygunge,"Biryani, Snacks, Tandoor",3.4,93,90,90,150,15.69140976
7 - Eleven,Kolkata,Ruby Area,"Beverages, Fast, Food, Desserts",,85,81,81,300,
GRUBVIBE,Kolkata,Salt Lake,"Chinese, Indian, Continental, Beverages",,85,79,79,200,
South Indian Flavours,Kolkata,New Alipore,Indian,3.4,81,78,78,200,10.35137629
Snack Shack by Chatar Patar,Kolkata,East Kolkata Township,"Snacks, Chaat, Fast, Food, Cafe, Beverages, Pastas, Indian, Healthy, Food",4.4,76,72,72,200,27.35306684
SPICY BELLPEPPER,Kolkata,East Kolkata Township,"South, Indian, Chinese",,81,77,77,450,
Abar Baithak,Kolkata,Jodhpur Park,"Fast, Food",4.5,81,77,77,550,20.76804233
Sly Fox Gastro Club,Kolkata,Bidhannagar,"Continental, Chinese, Indian, Italian, European",4.2,79,71,71,1200,16.51366766
The Howrah Bridge,Kolkata,East Kolkata Township,"North, Indian, Chinese, Fast, Food, South, Indian",4.2,77,73,73,250,19.38350617
Annapurna Pure Veg Restaurant,Kolkata,Baguihati,"Indian, Chinese, Snacks, Thalis",4.1,90,84,84,250,28.3258946
Tewari Brothers,Kolkata,New Alipore,"Sweets, Snacks",4.5,81,78,78,300,27.97472745
Spice 2 GO,Kolkata,Jadavpur,"Indian, Chinese",4,77,73,73,200,27.63501912
Chin Thai,Kolkata,Bidhannagar,"Chinese, Thai, Indian",4.2,83,75,75,300,19.38350617
ABsAbsolute Barbecues,Kolkata,Salt Lake,"North, Indian, Mughlai, Chinese, Barbecue, Grill, Seafood, Biryani",4.2,83,77,77,500,12.78699424
Brewbakes Cafe Jodhpur Park,Kolkata,Jodhpur Park,"American, Cafe, Italian, Mexican",4.4,84,80,80,500,13.39589873
Bhooter Raja Dilo Bor,Kolkata,Bidhannagar,Bengali,4.2,85,79,79,800,19.38350617
Shree Ganesh Home Kitchen,Kolkata,Lake Town,"North, Indian",,98,92,92,150,
Cholo Khai,Kolkata,Dumdum,Bengali,4.2,90,84,84,200,12.78699424
Urban Desi Tarka,Kolkata,Alipore,"Chinese, Tandoor, Indian, Biryani",,89,86,86,500,
Yummy Express,Kolkata,Jadavpur,"American, Beverages, Snacks",,84,80,80,200,
Hesel Food Court,Kolkata,Dumdum,"Chinese, Indian",4.1,97,91,91,300,16.12048509
Sri Jagannath - Special Khaja,Kolkata,Baguiati,"Sweets, Indian",4.6,78,72,72,200,21.22955438
To Go,Kolkata,Alipore,"Pastas, Indian, Desserts, Beverages",4.8,84,81,81,200,14.6137077
Dreeam Waffles and Shakes,Kolkata,Bidhannagar,"Beverages, Desserts",,86,78,78,200,
MAI AUR MERI CHAI,Kolkata,Dumdum,"Fast, Food, Italian, Chinese",,77,74,74,200,
MUAH FUCHKA,Kolkata,New Alipore,Indian,3.9,84,81,81,300,17.99897002
Wrap and Grill,Kolkata,Salt Lake,"Indian, Tandoor, Italian, Pizzas",,77,71,71,150,
BANANA LEAF @ KOMALA VILAS,Kolkata,New Alipore,"South, Indian, Beverages",4.4,86,83,83,500,20.30653027
Fatty Mamma Chinese Restaurant,Kolkata,Tollygunge,Chinese,,98,94,94,800,
SIMLA HOTEL AND RESTAURANT,Kolkata,Nagerbazar,Indian,4.3,77,73,73,300,19.84501822
My Food Story,Kolkata,North Dumdum,"Chinese, Combo, Indian, Beverages",3.9,82,79,79,300,11.87363751
The Asian Flare,Kolkata,Salt Lake,"Chinese, Asian, Pan-Asian, Oriental, Thai, Tibetan, Burmese, Seafood, Desserts, Beverages",4.4,81,75,75,500,20.30653027
AD food corner,Kolkata,Ruby Area,Chinese,,82,78,78,150,
KBC-Kolkata Biryani Co,Kolkata,Lake Town,"Biryani, Mughlai, Indian, Tandoor, Kebabs, Snacks",3.7,83,77,77,300,17.07594591
Combo.Com,Kolkata,South Dumdum,"Combo, Chinese, Tandoor, North, Indian, Biryani, Mughlai",3.9,81,75,75,300,17.99897002
Swade Bengali,Kolkata,Lake Gardens,"Thalis, Biryani, Bengali, Snacks",,88,84,84,300,
The Sushi Oke,Kolkata,New Alipore,"Japanese, Sushi, Thai",3.5,83,80,80,1000,13.76138971
Food Junction,Kolkata,South Dumdum,"Indian, Chinese, Tandoor, Biryani, Combo, Snacks",4,81,75,75,300,24.8664244
MALACCA STRAIT,Kolkata,Jadavpur,"Chinese, Thai",,78,74,74,300,
K.G.N.FOOD Plaza,Kolkata,SanityTestArea,"Pizzas, Fast, Food, Chinese, Pastas, Biryani, Beverages",,94,86,86,200,
KING'S TEA CAFE,Kolkata,New Alipore,"Italian, Beverages",4.1,86,83,83,400,18.92199412
RED PITCHER,Kolkata,Jodhpur Park,"Italian, Continental, Desserts, Pizzas, American, Mexican",4.4,84,80,80,300,13.39589873
The Cloud Express,Kolkata,Lake Town,Indian,,84,84,84,300,
JUST FOR FOODIES,Kolkata,Alipore,"South, Indian, Fast, Food",4.5,90,87,87,300,13.70035097
Happizzaa,Kolkata,Garfa,"Pizzas, Italian",4,86,82,82,350,15.72730253
ABsAbsolute Barbecues,Kolkata,Ruby Area,"North, Indian, Mughlai, Chinese, Biryani",3.7,95,91,91,300,11.26473302
Agarwal's Street Cafe,Kolkata,New Alipore,"American, Fast, Food, Italian, Snacks",,91,88,88,200,
Hungerpangs,Kolkata,Kestopur Rabindrapally,"American, Beverages, Continental, Desserts, Italian, Street, Food, Snacks, Tibetan",4.1,78,78,78,200,18.92199412
Binge Baefikar,Kolkata,Tollygunge,"American, Fast, Food, Healthy, Food, Indian, Mexican",4.4,89,85,85,250,20.30653027
UTSAAV,Kolkata,Alipore,Chinese,,91,88,88,300,
Lukochuri,Kolkata,Jodhpur Park,"Chinese, Indian, Thalis, Salads, Healthy, Food, Snacks",3.7,84,80,80,250,17.07594591
Real Food's,Kolkata,Jadavpur,"Snacks, North, Indian, Kebabs, Tandoor",,90,86,86,200,
Shahi Kitchen,Kolkata,New Alipore,"North, Indian, Biryani",3.5,81,78,78,300,10.65582853
Food picasso,Kolkata,Kestopur,"American, Salads, Beverages",,81,81,81,300,
Fresh and Food,Kolkata,Lake Gardens,"Indian, Bengali",3.7,87,83,83,200,11.26473302
Nirmal Food Plaza,Kolkata,Baguihati,"South, Indian, Indian, Chinese, Snacks",4.1,83,77,77,250,28.3258946
Bohemian Cafe,Kolkata,Jadavpur,"Continental, Mexican, Chinese",,86,82,82,300,
Dumghan,Kolkata,North Dumdum,"Biryani, North, Eastern, Kebabs, Indian",4.5,81,78,78,300,20.76804233
IDLI DOSA,Kolkata,Jadavpur,"South, Indian, North, Indian",,86,82,82,200,
Mamamomo,Kolkata,New Alipore,Chinese,4.2,83,80,80,300,16.51366766
Inch By The Lane,Kolkata,Alipore,"Chinese, North, Indian",,88,85,85,250,
CHINESE FOOD CORNER,Kolkata,Lake Gardens,"Chinese, Tandoor",3.7,85,81,81,200,11.26473302
Gusto Pizza,Kolkata,Salt Lake,"Pizzas, Pastas, Italian, American",4,82,76,76,300,24.8664244
Xspicy - Indismart Hotel,Kolkata,Bidhannagar,"Indian, Chinese, Continental, Italian, Thai, South, Indian, Desserts, Combo, Thalis",4.7,89,81,81,300,14.30925546
Fnf Food Centre,Kolkata,Jadavpur,"Fast, Food, Pastas, Combo",,93,89,89,300,
Tea bar,Kolkata,Jadavpur,"Beverages, Juices, Fast, Food",,87,83,83,100,
TEA ADDICTION,Kolkata,Jodhpur Park,Beverages,,93,89,89,300,
Handi Kitchen,Kolkata,Kestopur,"Chinese, Snacks, Indian",4.1,88,82,82,200,12.48254199
Kadhai Kitchen,Kolkata,Bidhannagar,"Biryani, Indian, Chinese, Tandoor, Combo",,77,71,71,300,
SHANDAR CHINESE KITCHEN,Kolkata,Jadavpur,"Chinese, Snacks",4.4,88,84,84,300,20.30653027
Jahangir's Kitchen,Kolkata,Bidhannagar,Indian,4.2,73,65,65,250,19.38350617
Biryani Bowl,Kolkata,Kestopur,"Biryani, Indian",,87,81,81,400,
DROOLING PANDA,Kolkata,Dumdum,"Asian, Chinese, Fast, Food, Combo",4.3,90,84,84,300,16.90685022
MY RECIPES,Kolkata,Ruby Area,Chinese,,81,77,77,400,
Tamang's Frozen Momo,Kolkata,Dumdum,"Chinese, Pastas",,98,92,92,200,
Desi Chinese,Kolkata,Kestopur,Chinese,4.2,73,73,73,350,19.38350617
Red Chilli Restaurant,Kolkata,Kidderpore,"Chinese, Seafood",,97,97,97,300,
Wah Phuchka,Kolkata,Ruby Area,"Fast, Food, Beverages, Snacks",4.7,74,70,70,100,18.47958047
Rosheiya,Kolkata,Baranagar,Indian,,78,75,75,500,
The Tavern Cafe,Kolkata,Jodhpur Park,"Italian, Chinese, Continental",,95,91,91,600,
Xis O Krim,Kolkata,Tollygunge,Desserts,,87,83,83,250,
Wok Up,Kolkata,Jodhpur Park,"Chinese, Thai, Seafood, Asian",4.2,83,79,79,350,26.10974562
The Veg Dhaba,Kolkata,Behala,"Indian, Thalis",3.9,89,86,86,200,17.99897002
The nightingale,Kolkata,Jadavpur,Chinese,,91,87,87,250,
MAC KITCHEN,Kolkata,Alipore,"Indian, Chinese",,95,92,92,200,
The Cheesecake Factory,Kolkata,Jadavpur,"Chinese, Desserts, Continental, Tibetan",4.3,83,79,79,500,13.09144648
Ttoniq,Kolkata,Jadavpur,"Beverages, Snacks",,93,89,89,300,
ZAIKA JUNCTION,Kolkata,New Alipore,"North, Indian, South, Indian, Chinese, Snacks",3.5,91,88,88,200,10.65582853
Chinese Empire,Kolkata,Alipore,Indian,,96,93,93,300,
Go 69 pizza,Kolkata,Jadavpur,Pizzas,,86,82,82,250,
La Cantonese,Kolkata,Jadavpur,"Chinese, Desserts",,96,92,92,400,
AAMAZE DHABA,Kolkata,Ruby Area,"Indian, Chinese",,87,83,83,200,
THE PIE CHART,Kolkata,Jadavpur,"Bakery, Desserts, Snacks",4.6,82,78,78,600,14.00480321
SANDWICH AUR WAFFLE CO,Kolkata,New Alipore,"Snacks, Fast, Food, Waffle, Desserts, Ice, Cream, Pastas, Combo, Beverages",4.3,90,87,87,200,16.90685022
Grace pav bhaji,Kolkata,Lake Town,"South, Indian, Snacks",,85,79,79,10,
MOMO RAJA,Kolkata,Tollygunge,"Chinese, Combo",4.5,88,84,84,300,20.76804233
TOYO KOMBUCHA,Kolkata,Jadavpur,Beverages,,85,81,81,200,
"SPICE	OF	JOY",Kolkata,Garfa,Indian,4.3,86,80,80,500,13.09144648
D TASTY RIDE,Kolkata,Dumdum,"Chinese, Fast, Food",,93,87,87,500,
Khanti Bangali,Kolkata,Tollygunge,"Bengali, Indian, Desserts, Healthy, Food, Beverages, Fast, Food, Combo, Snacks, Thalis, Pastas",3.9,92,88,88,200,17.99897002
Heal Thy Food,Kolkata,Jadavpur,"Beverages, Juices",,85,81,81,500,
Wok For Life,Kolkata,Jodhpur Park,"Chinese, Combo, Desserts, Beverages",,94,90,90,300,
Snacking,Kolkata,Lake gardens,"Continental, Chinese, Combo, Beverages",4.5,85,81,81,500,27.97472745
Agarwal - the veg kitchen,Kolkata,Behala,Indian,3.8,89,86,86,300,11.56918526
OYE PIZZA,Kolkata,Baguihati,Indian,,79,79,79,200,
Kolkata Beverage Company - KBC,Kolkata,Jodhpur,Beverages,4.6,86,82,82,200,18.08639791
Hanglaatherium,Kolkata,Jodhpur Park,"Biryani, Indian",4.3,84,80,80,350,26.73140623
Kakkad,Kolkata,Behala,"North, Indian",3.9,88,85,85,200,15.33411997
GALAWATI,Kolkata,Salt Lake,"Afghani, Mughlai",,84,78,78,300,
Indian express (VEG),Kolkata,Behala,"North, Indian",3.5,94,91,91,300,10.65582853
The Kindest Biryani,Kolkata,Jadavpur,Indian,,84,80,80,200,
The Gravylicious,Kolkata,Haltu,Chinese,,89,83,83,300,
Bake India Dumdum,Kolkata,Golpark,"Bakery, Indian",4.3,87,81,81,250,13.09144648
Saffron,Kolkata,Bidhannagar,"North, Indian, Mughlai, Beverages",4.3,84,76,76,300,13.09144648
Gharana- The Veg House,Kolkata,Behala,"North, Indian",3.8,91,88,88,200,17.53745796
Mirch masala (The Veg Hub ),Kolkata,Behala,Indian,,90,87,87,200,
Roll heaven,Kolkata,Haltu,"Fast, Food",4.2,89,83,83,200,16.51366766
Chakhna wakhna,Kolkata,Haltu,"Chinese, Fast, Food",,88,82,82,200,
CFK,Kolkata,Jadavpur,"Pizzas, Pastas, Fast, Food",,90,86,86,500,
Ubuntu Eat,Kolkata,Jodhpur Park,"Healthy, Food, Bengali, Chinese, Continental",4.4,84,80,80,350,20.30653027
Chinise Mini Hut,Kolkata,Jodhpur Park,Chinese,4.4,87,83,83,300,13.39589873
ME & U,Kolkata,Rabindrapally,"North, Indian",,97,91,91,150,
Royal Jade,Kolkata,East Kolkata Township,Chinese,4.5,76,72,72,450,27.97472745
Hot And Fresh Foodies,Kolkata,Santoshpur,"Chinese, Biryani, Tandoor",,95,89,89,250,
A2Z KITCHEN,Kolkata,Lake Town,"Fast, Food, Combo, Juices",,96,90,90,300,
Emperor Biryani,Kolkata,Haltu,Biryani,,96,90,90,200,
A gin a moto,Kolkata,Haltu,"Fast, Food, Chinese, Combo, Asian",,94,88,88,200,
Amber - Veg Food Delivery,Kolkata,Behala,"North, Indian, Thalis",4,91,88,88,250,15.72730253
The Combo King (Pure Veg),Kolkata,Behala,"North, Indian",4,89,86,86,200,15.72730253
Swadsutra,Kolkata,Salt Lake,"Indian, Chinese, Biryani, Tandoor",3.8,80,74,74,299,14.9409374
Riyasat,Kolkata,Jadavpur,"North, Indian",4.8,94,90,90,1000,14.6137077
The Vorpet Resto,Kolkata,Lake Town,Chinese,,88,82,82,250,
Raksahb,Kolkata,Baguihati,"Indian, Chinese, Tandoor",4.4,90,84,84,300,17.30003278
Bawarchi Fast Food- Jadavpur,Kolkata,Jadavpur,"Fast, Food",4.4,81,77,77,120,20.30653027
Fraisier's,Kolkata,Salt Lake,Bakery,,91,85,85,100,
SECOND WIFE RESTRO,Kolkata,Jadavpur,"Indian, Chinese, Combo",,86,82,82,200,
A Little Happiness,Kolkata,Baguiati,Indian,,94,88,88,250,
Jaluk,Kolkata,Bidhannagar,Assamese,4.3,74,66,66,300,19.84501822
Bangaliyna,Kolkata,Kestopur,"North, Indian, Chinese, Biryani, Bengali",3.7,77,77,77,200,23.00144257
New Punjabi Hotel Ajanta,Kolkata,New Alipore,"North, Indian, Chinese",4.2,86,81,81,300,29.01677007
HUMMY 2 CAKE,Kolkata,Baguihati,"Bakery, Desserts, Sweets",,89,83,83,300,
Binge Momos,Kolkata,Bidhannagar,"Chinese, Pan-Asian",3.8,83,75,75,300,11.56918526
Sandwich Wale,Kolkata,Salt Lake,"Fast, Food, Italian, Desserts",,81,75,75,250,
Snackoo Time,Kolkata,Salt Lake,"Fast, Food, Italian, Desserts",,87,81,81,250,
CAFETERIA HOUSE,Kolkata,Salt Lake,"Pizzas, Fast, Food, Beverages",,77,71,71,250,
Chicken Xperience By Venkys,Kolkata,Baguihati,"Fast, Food",,95,89,89,200,
FRENCH FRY SNACKS,Kolkata,Salt Lake,"Fast, Food, Desserts, Pizzas, Chinese, Beverages",,77,71,71,200,
Swadist,Kolkata,Behala,"Chinese, Combo",,90,85,85,600,
ICECREAM STATION,Kolkata,Salt Lake,"Beverages, Ice, Cream",,78,72,72,200,
VEERS KITCHEN,Kolkata,Sector V Salt Lake,"Chinese, Combo, Tandoor",,85,77,77,400,
Agarwal's Vegetarian,Kolkata,Behala,"Street, Food, North, Indian, Chinese, South, Indian, Fast, Food",4.2,89,86,86,250,19.38350617
Krishna's The Vegetarian Paradise,Kolkata,Behala,"Street, Food, North, Indian, Chinese, South, Indian, Fast, Food",4,92,89,89,200,18.46048207
Krishna Chat Centre,Kolkata,Behala,"Fast, Food, Beverages",3.7,90,87,87,200,17.07594591
Snacks Gali,Kolkata,Salt Lake,"Fast, Food, Italian, Desserts",,84,78,78,250,
ADDA & BIRYANI,Kolkata,Sector V Salt Lake,"Biryani, North, Indian, Combo",,77,69,69,500,
Sandwizz,Kolkata,Lake Town,"Fast, Food",,98,92,92,199,
Burger Cafe,Kolkata,Bidhannagar,"Fast, Food",2.8,77,71,71,200,8.524662826
Dastaan,Kolkata,Ruby Area,Indian,,98,94,94,600,
Waffle Treats,Kolkata,Salt Lake,Desserts,,77,71,71,250,
LANDS OF ICECREAM,Kolkata,Sector V Salt Lake,"Fast, Food, Chinese, Pizzas, Beverages",,73,65,65,300,
Kebabs In Roll - Ramlal Bazar,Kolkata,Near Lal Gate Ramlal BazarSapuipara,"Kebabs, Biryani, North, Indian, Chinese",4.1,88,82,82,300,16.12048509
Appetizers Snacks,Kolkata,Salt Lake,"Italian, Fast, Food, Beverages",,78,72,72,250,
Waffle Square Express,Kolkata,Bidhannagar,Desserts,3,78,72,72,200,11.7954769
CHEF SPECIAL,Kolkata,Kestopur,"Chinese, North, Indian, Seafood, Biryani",,79,79,79,300,
THALI GHAR,Kolkata,Kestopur,Thalis,,94,88,88,300,
Masala Fried Chicken,Kolkata,Salt Lake,"Fast, Food, Italian, Desserts",,81,75,75,250,
Hot and Fresh Fried Chicken,Kolkata,Salt Lake,"Fast, Food, Continental, Pizzas, Snacks, Beverages, Combo",,83,77,77,250,
Krazzy Fried Chicken,Kolkata,Salt Lake,"Indian, Fast, Food, Desserts",,78,72,72,250,
Kwality Swirls,Kolkata,Bidhannagar,"Ice, Cream, Beverages",,76,70,70,250,
Malatir Hesel,Kolkata,Kestopur,"Chinese, Biryani, Snacks, Combo, Seafood",4,85,85,85,300,15.72730253
BANGALIANA,Kolkata,Lake Town,"Indian, North, Indian",3.8,88,88,88,200,11.56918526
Amma's Pure Veg,Kolkata,Baguihati,"Indian, Rajasthani, Punjabi, Thalis, Desserts, Beverages",3.6,95,89,89,250,10.96028078
Yin Yang - Pan Asian Delicacy,Kolkata,Santoshpur,"Chinese, Desserts",,100,94,94,500,
Nisha's Veg Kitchen,Kolkata,Baguihati,"Indian, Rajasthani, Punjabi, Thalis, Desserts, Beverages",4.4,97,91,91,300,20.30653027
NEW MAA KALI SOUTH INDIAN FOOD CENTRE,Kolkata,Haltu,"South, Indian",3,88,82,82,400,9.133567313
Bangaliyana,Kolkata,Lake Town,"Bengali, Indian, Chinese",,88,88,88,300,
Wasabee,Kolkata,Haltu,"Japanese, Chinese, Thai, Singaporean, Burmese",4.2,93,87,87,1000,19.38350617
Cafe Bukpocket,Kolkata,Garfa,"Fast, Food",4.2,92,86,86,250,12.78699424
BABUMOSAI,Kolkata,Chinar Park,"Indian, Chinese, Biryani, Combo",3.9,84,80,80,299,11.87363751
Khana Americana,Kolkata,Alipore,Italian-American,,92,89,89,250,
Sagar Restaurant,Kolkata,Rajarhat,"Indian, Chinese",3.8,87,81,81,300,11.56918526
CHILYMAN,Kolkata,Behala,Chinese,,89,84,84,200,
Kitchen By The Pond,Kolkata,Alipore,Bengali,,94,91,91,200,
Kamini Snacks,Kolkata,Alipore,Snacks,,95,92,92,300,
khana khajana,Kolkata,Salt Lake,"Chinese, Arabian, Mughlai",,83,77,77,400,
THE RIDE CAFE,Kolkata,Ruby Area,"Chinese, Continental",,86,82,82,400,
HAJI TAJ BIRIYANI,Kolkata,South Dumdum,"Biryani, Combo",,90,86,86,250,
The Crabberia,Kolkata,Smarpally kestopur,"Seafood, Chinese",4.1,90,84,84,500,12.48254199
Chinese plaza momo centre,Kolkata,Baguihati,"Chinese, Fast, Food",4.1,90,84,84,300,16.12048509
Maa Trinayani,Kolkata,Garfa,"Mughlai, Indian, Chinese, Biryani",4.2,88,82,82,200,19.38350617
PUNJABI BY TASTE,Kolkata,Kestopur,"North, Indian, Street, Food, Chaat, South, Indian, Thalis, Desserts, Beverages, Snacks, Ice, Cream, Chinese, Italian",3.2,80,74,74,350,9.742471801
So Southy,Kolkata,Bidhannagar,"South, Indian, Jain, Desserts, Beverages",4,81,75,75,300,18.46048207
Cloud Culture,Kolkata,Dum Dum,"Chinese, Continental, Desserts",4.4,89,85,85,300,17.30003278
D Chef Kitchen,Kolkata,Kestopur,"Chinese, North, Indian, Snacks, Biryani, Combo, Tandoor",,83,83,83,300,
Heavens kitchen,Kolkata,Kestopur,Indian,,109,109,109,300,
Kookie Jar,Kolkata,Elgin,"Desserts, Snacks, Bakery",4.6,45,37,37,350,28.59638806
COLLEGE STREET KITCHEN,Kolkata,Burrabazar,"North, Indian, Chinese, Tandoor",,40,35,35,500,
Food Station College Street,Kolkata,College Square,"Indian, Chinese, South, Indian, Continental",4.5,39,34,34,500,17.69321535
Starbucks Coffee,Kolkata,Taltala,"Beverages, Ice, Cream",4.2,54,46,46,400,19.38350617
Cakes  Phoolbagan,Kolkata,Beleghata,"Bakery, Desserts",4.4,39,34,34,200,20.30653027
Gupta Brothers The Abarkhabo Shoppe,Kolkata,MG Road,Indian,4.4,37,32,32,250,30.39852103
Kathleen,Kolkata,Taltala,Desserts,4.2,39,31,31,400,19.38350617
Banchharam's,Kolkata,Tiretti,"Sweets, Desserts",4.4,37,32,32,150,20.30653027
Ganguram-Beadon Street,Kolkata,Sovabazar,"Sweets, Desserts",4.4,36,30,30,200,27.35306684
BREAK-INN CAFE,Kolkata,Burrabazar,"Snacks, Beverages, Indian",,42,37,37,250,
Ganguram-Lal Bazar,Kolkata,Burrabazar,"Indian, Chinese",4.4,42,37,37,100,17.30003278
Arun Tea Stall,Kolkata,Park Street Area,"Fast, Food",4.4,42,34,34,100,27.35306684
Calcutta cravings,Kolkata,Burrabazar,"Bengali, Italian, Chinese, Combo, Snacks, Kebabs, Indian",4.3,43,38,38,300,16.90685022
Bhikharam Chandmal Rajuji,Kolkata,RamMandir,"Sweets, Desserts, Snacks",,40,35,35,400,
Sharma Tiffin,Kolkata,Central Kolkata,"North, Indian",,53,45,45,200,
Machhli Baba Fries,Kolkata,Burrabazar,"Bengali, Fast, Food",4.3,46,41,41,300,19.84501822
Bhikharam Chandmal - Burrabazar,Kolkata,Barabazar Market,"Snacks, Sweets",4.7,42,37,37,300,18.47958047
The Good Food Cafe by Nature's Basket,Kolkata,Central Kolkata,"Continental, Italian, Desserts",,60,52,52,750,
Haldiram's Prabhuji,Kolkata,Barabazar Market,"Street, Food, North, Indian, Chinese, South, Indian",3.9,56,51,51,300,17.99897002
The Yellow Straw,Kolkata,Lal Bazar,"Beverages, Juices, Fast, Food",4.3,40,35,35,200,16.90685022
CROWN CAFE,Kolkata,Burrabazar,"South, Indian, Snacks, Beverages",,49,44,44,120,
KALIGODAM,Kolkata,Barabazar Market,"North, Indian, Sweets",4,43,38,38,200,18.46048207
Jashoda Mistanna Bhandar,Kolkata,Taltala,"Sweets, Fast, Food",4.4,39,34,34,100,20.30653027
Burger King,Kolkata,Esplanade,"American, Fast, Food",4.3,42,37,37,350,29.70764555
SPICE WOK,Kolkata,Central Kolkata,"Snacks, Mughlai",,46,38,38,200,
Monginis - girish park,Kolkata,Hatibagan,Desserts,4.1,40,34,34,150,12.48254199
INOX,Kolkata,Taltala,"Fast, Food",,50,45,45,400,
Sharma milk,Kolkata,Central Kolkata,Chinese,,45,37,37,200,
Tewari Sweets,Kolkata,Burrabazar,"Indian, Desserts, Fast, Food",,43,38,38,200,
Fatimas Kitchen,Kolkata,Central Kolkata,"Chinese, Indian, Pastas",,51,43,43,150,
Keventers - Milkshakes and Desserts,Kolkata,Esplanade,"Beverages, Ice, Cream, Desserts",4.9,42,37,37,300,14.91815994
Tea Junction,Kolkata,Taltala,"Beverages, Snacks, Desserts",4,42,37,37,150,15.72730253
Gupta Brothers,Kolkata,Park Street Area,"Indian, North, Indian, Chinese, Snacks, Chaat, Thalis, Combo",4.1,46,38,38,250,18.92199412
Bandana Chat Centre,Kolkata,Hedua,"Snacks, Chinese",4.2,42,36,36,200,16.51366766
Cafe Coffee Day,Kolkata,B.B.D. Bagh,"Beverages, Snacks, Desserts",4.2,44,36,36,300,16.51366766
Grill Sandwich And Juice,Kolkata,Taltala,"Fast, Food, Italian, Beverages",4.1,43,38,38,100,18.92199412
Bhikharam Chandmal,Kolkata,Taltala,"Sweets, Snacks, Fast, Food, Indian",3.9,46,38,38,250,17.99897002
Flurys Park Street,Kolkata,Park Street Area,Continental,4.5,45,37,37,1000,20.76804233
Mama Mia! - Italian Ice Creams,Kolkata,Beleghata,"Ice, Cream, Cakes, Desserts, Bakery, Sweets, Beverages",4.7,34,28,28,200,21.69106643
Haldiram Food City - Russel Street,Kolkata,Park Street Area,"Desserts, Fast, Food, Bakery",3.7,45,37,37,300,14.54775484
NMCO - Natural Milkshake Company By Mama Mia!,Kolkata,Burrabazar,Beverages,,47,42,42,300,
Baskin Robbins,Kolkata,Kankurgachi,"Desserts, Ice, Cream",4.4,37,34,34,250,20.30653027
Subway,Kolkata,Taltala,"Fast, Food, Healthy, Food, Salads, Snacks, Desserts, Beverages",4.3,49,41,41,350,26.73140623
Royal Singh da Dhaba,Kolkata,central kolkata,"Biryani, Indian, Mughlai",3.3,56,48,48,200,10.04692404
HUNGER BITE @99,Kolkata,Kankurgachi,"Fast, Food",,47,44,44,500,
Sharma and Sons,Kolkata,Kankurgachi,"Chinese, Indian",3.9,47,42,42,250,17.99897002
Riya's Homemade Creation,Kolkata,Burrabazar,Desserts,,48,43,43,150,
Shree Krishna Hot chips,Kolkata,Park Street Area,Snacks,4.6,43,35,35,80,21.22955438
THE CURRY LEAF,Kolkata,Park Street Area,"South, Indian",4.7,48,40,40,300,18.47958047
Delights,Kolkata,Park Street Area,"Chinese, South, Indian, Fast, Food",4.4,49,41,41,150,13.39589873
Bateel,Kolkata,Beniapukur,"Healthy, Food, Snacks, Desserts",,57,49,49,1000,
BELLA CIAO,Kolkata,Kankurgachi,"South, Indian, Indian, Chinese, Combo",,50,45,45,250,
Southern Grit,Kolkata,Park Street Area,"South, Indian",,55,47,47,300,
Hugo and Finn,Kolkata,Central Kolkata,"Desserts, Beverages",,54,46,46,400,
Foody Junction,Kolkata,Jorabagan,"Home, Food, North, Indian",3.7,58,53,53,150,11.26473302
Awadhi Biryani Darbar,Kolkata,central kolkata,"Mughlai, Biryani, Indian, Tandoor, North, Indian",,46,40,40,400,
Pizza Hut,Kolkata,Shyam Bazar,"Fast, Food, Pizzas",4.1,49,43,43,350,28.3258946
Cafe 324,Kolkata,Kankurgachi,"Snacks, Desserts, Beverages",4.3,41,38,38,250,19.84501822
Cafe Splash,Kolkata,Shobhabazar,"Fast, Food",,49,43,43,100,
Oye!! Paratha,Kolkata,central Kolkata,"North, Indian",,61,53,53,150,
Falam,Kolkata,Kankurgachi,"Juices, Salads, Ice, Cream, Snacks",4.3,42,39,39,250,19.84501822
Krazy For Chocolates-Kankurgachi,Kolkata,Kankurgachi,"Desserts, Bakery",4.4,39,34,34,300,20.30653027
Crazy 4 Cakes,Kolkata,Beleghata,"Desserts, Bakery, Fast, Food",3.9,44,39,39,200,11.87363751
Chhappan Bhog,Kolkata,Elgin,Sweets,4.2,48,40,40,150,16.51366766
Tewari Confectioners Mithaiwala Pvt Ltd,Kolkata,Kankurgachi,"Sweets, Chaat, Fast, Food, Snacks",4.4,39,36,36,150,27.35306684
Jyoti Vihar,Kolkata,Park Street Area,"South, Indian",4.3,47,39,39,300,19.84501822
Levanilla.in,Kolkata,Kankurgachi,"Bakery, Desserts, Sweets",,59,54,54,700,
North pole,Kolkata,Shyam Bazar,"Fast, Food, Beverages",,53,47,47,200,
Little Pleasures - Loudon Street,Kolkata,Elgin,Desserts,4.6,48,40,40,300,21.22955438
The Exclusive Cake Bakery,Kolkata,Beleghata,Bakery,,52,47,47,200,
Dariole,Kolkata,Elgin,Desserts,4.7,48,40,40,150,21.69106643
Jugal's,Kolkata,Beniapukur,"Sweets, Desserts",4.3,44,36,36,300,19.84501822
SOOPER SANDWICH,Kolkata,Beniapukur,"Snacks, Salads, Desserts",,58,50,50,400,
Om Shree Hari,Kolkata,SanityTestArea,"Fast, Food, Continental, Chinese",,52,44,44,250,
Arsalan Park Circus,Kolkata,Near 7 Point Crossing,"Biryani, Mughlai, North, Indian, Indian, Kebabs, Tandoor, Awadhi",4.3,51,43,43,700,29.70764555
Sip & Sandwich,Kolkata,Park Street Area,"Pastas, Beverages, Fast, Food",,60,52,52,300,
Just Baked,Kolkata,Kolkata,"Desserts, Bakery, Sweets",,54,46,46,250,
Handa's Restaurant,Kolkata,Elgin,"Indian, Chinese, Fast, Food",3,50,42,42,300,9.133567313
Breakfast 4 U by Jharna's Kitchen,Kolkata,Ballygunge,"Fast, Food",4.5,62,54,54,200,20.76804233
8th Day Cafe & Bakery,Kolkata,Elgin,"Continental, Italian",4.5,55,47,47,700,17.69321535
MOUCHAK,Kolkata,Elgin,Indian,4,47,39,39,200,15.72730253
Paprika,Kolkata,Elgin,"Italian, Thai, Continental",,63,55,55,700,
Corner Cafe,Kolkata,Bhowanipore,"Pizzas, Fast, Food",4.4,56,48,48,250,13.39589873
Haldirams-CIT Road,Kolkata,Kankurgachi,"Street, Food, North, Indian, Chinese, South, Indian",4.3,51,46,46,300,29.70764555
THE CAKE CRAFT,Kolkata,Ultadanga,Bakery,,65,60,60,700,
The Rouge,Kolkata,Elgin,"Desserts, Bakery",4.4,51,43,43,400,17.30003278
THE RED VELVET BAKERY,Kolkata,Central Kolkata,"Bakery, Fast, Food, Snacks",,57,49,49,200,
Nu Variety,Kolkata,Bhowanipore,"North, Indian, South, Indian, Fast, Food",4.5,49,41,41,350,20.76804233
French Loaf,Kolkata,Bhowanipore,"Fast, Food",4.6,47,39,39,400,21.22955438
Al Helal Restaurant,Kolkata,Ballygunge,"Biryani, Mughlai",4.2,51,43,43,150,19.38350617
The Chutney Co.,Kolkata,Bhowanipore,"South, Indian",4.4,59,51,51,400,17.30003278
Juicy Fresh,Kolkata,Bhowanipore,Beverages,4.6,49,41,41,150,21.22955438
Chai Break - Allenby Rd,Kolkata,Bhowanipore,"Indian, Chinese, Pizzas, Italian",4.2,57,49,49,800,26.10974562
LunchBox,Kolkata,Beleghata,"North, Indian, Punjabi, Combo, Biryani, Healthy, Food, Jain, Thalis, Indian, Mughlai, Desserts",4.3,56,53,53,200,19.84501822
Sweet Truth - Cake and Desserts,Kolkata,Beleghata,"Bakery, Desserts, Beverages",4.6,51,48,48,450,18.08639791
The Good Bowl,Kolkata,Beleghata,"North, Indian, Punjabi, Biryani, Combo, Chinese, Beverages, Desserts, Jain, Indian, Hyderabadi, Mughlai",4.3,53,50,50,400,16.90685022
The Biryani Life,Kolkata,Beleghata,"Biryani, Hyderabadi, Lucknowi, North, Indian, Mughlai, Combo, Desserts",4.4,55,52,52,250,13.39589873
Behrouz Biryani,Kolkata,Beleghata,"Biryani, Mughlai, Lucknowi, Hyderabadi, Kebabs, North, Indian, Persian, Desserts",4.2,55,52,52,500,19.38350617
The Country House,Kolkata,Bhowanipore,"Continental, Italian, Fast, Food, Beverages, Desserts",4.3,57,49,49,500,19.84501822
DAKSHIN BHOG,Kolkata,Bhowanipore,"South, Indian",4.4,58,50,50,450,20.30653027
SHARMA SNACKS CENTRE,Kolkata,Bhowanipore,"Snacks, Fast, Food, Desserts, Beverages",4.4,46,38,38,300,20.30653027
Mithai,Kolkata,Ballygunge,Desserts,4.7,50,42,42,150,32.47114746
Pure Veg Meals by Lunchbox,Kolkata,Kankurgachi,"North, Indian, Desserts, Biryani",,51,48,48,200,
Mom's Breakfast Magic by Adele,Kolkata,Ballygunge,"Fast, Food, Beverages, Thalis",4.5,60,52,52,300,20.76804233
Brunch Italino,Kolkata,Central Kolkata,"Bakery, Desserts, Snacks",,60,52,52,200,
Balaram Mullick & Radharaman Mullick Sweets-Bhawanipur,Kolkata,Bhowanipore,"Desserts, Fast, Food, Bakery",4.5,54,46,46,300,31.08939651
Nepal Sweets,Kolkata,Ballygunge,"Snacks, Desserts, Sweets, Chaat",4.6,49,41,41,150,21.22955438
KABIR BIRYANI HOUSE AND RESTAURANT,Kolkata,Central Kolkata,"Biryani, Mughlai",,60,52,52,200,
Sharma Jalpan,Kolkata,Bhowanipore,"Snacks, Fast, Food",4.1,55,47,47,100,18.92199412
Suman sweets and snacks,Kolkata,Central Kolkata,"Sweets, Snacks",,57,49,49,300,
Pabrai's Fresh And Naturelle Ice Cream,Kolkata,Bhowanipore,"Ice, Cream",4.8,57,49,49,200,22.15257848
Sharma Dhaba,Kolkata,Ballygunge,"North, Indian, Fast, Food, Tandoor, Biryani, Kebabs, Snacks, Chinese",4.2,54,46,46,300,29.01677007
Icing Sugar,Kolkata,Central Kolkata,"Bakery, Snacks, Desserts",,67,59,59,250,
ZEES KITCHEN,Kolkata,South Kolkata,"Fast, Food",,56,53,53,200,
Pet Puja,Kolkata,Paikpara,"Rajasthani, Indian, Bengali",3.6,78,72,72,250,10.96028078
KISHUS,Kolkata,Alipore,"South, Indian",,63,60,60,150,
The Master Chef,Kolkata,Topsia,"South, Indian, North, Indian, Chinese",,65,57,57,400,
punjabi paratha,Kolkata,Bhowanipore,Indian,4.4,60,52,52,150,20.30653027
Diamond Hotel and Restaurant,Kolkata,Ultadanga,"Mughlai, Indian, Chinese, Tandoor",4,53,47,47,350,18.46048207
FLESH N BONES,Kolkata,Salt Lake,Biryani,,62,56,56,100,
Faasos - Wraps & Rolls,Kolkata,Ballygunge,"Combo, Snacks, Beverages, Desserts, Indian",4.3,61,58,58,200,19.84501822
TRUFFLE SQUARE,Kolkata,South Kolkata,Bakery,,59,56,56,300,
Gangotri Sweets and Snacks,Kolkata,South Kolkata,"Sweets, Snacks, Chaat",4.3,49,46,46,200,19.84501822
BEEFEAST,Kolkata,Central Kolkata,"Pizzas, Pastas, Beverages",,62,54,54,400,
Parantha Point,Kolkata,Bhowanipore,"North, Indian",4.2,60,57,57,200,19.38350617
Hindusthan Sweets- Ballygunge,Kolkata,Ballygunge,"Sweets, Snacks",4.6,50,47,47,150,28.59638806
Biggies Burger,Kolkata,South Kolkata,"American, Fast, Food, Beverages",4.1,53,50,50,300,18.92199412
SIMPLY CHINESE,Kolkata,South Kolkata,"Chinese, Indian",,65,62,62,300,
POOJA FOOD MART,Kolkata,Tangra,"Chinese, Indian",,58,52,52,200,
Cocoa Bakery- Ballygunge,Kolkata,Ballygunge,"Desserts, Continental, Italian",4.5,52,49,49,500,20.76804233
MA BHAWANI,Kolkata,Alipore,"Indian, Snacks",,67,64,64,150,
Cremecup.in,Kolkata,Bidhannagar,Bakery,4.5,68,62,62,250,20.76804233
Sandwich Bites,Kolkata,Topsia,"North, Indian",,64,60,60,400,
Mrs. Magpie,Kolkata,Bidhannagar,"Bakery, Continental",4.2,50,44,44,500,26.10974562
PETH PUJA,Kolkata,South Kolkata,"South, Indian, Beverages",,60,57,57,200,
SUSWADU,Kolkata,Dumdum,"Indian, Chinese",,69,63,63,300,
The Goodness Bottle,Kolkata,Sector 3,"Juices, Healthy, Food",,60,54,54,340,
Pappu Chaiwalla,Kolkata,Bidhannagar,"Continental, Fast, Food, North, Indian, Street, Food",4.3,52,46,46,200,19.84501822
New Chaturbhuj Mistanna Bhandar,Kolkata,Kidderpore,"Sweets, Snacks",4.4,57,57,57,200,17.30003278
Hotel Swagath,Kolkata,Ballygunge,"North, Indian, Chinese, South, Indian",4.6,63,60,60,450,21.22955438
Dil Ka Dabba,Kolkata,South Kolkata,"North, Indian, South, Indian, Fast, Food, Snacks, Thalis, Combo",4.5,76,73,73,120,17.69321535
SINCE 2016 CAFE,Kolkata,Salt Lake,"Pizzas, North, Indian",,60,54,54,500,
Chowology,Kolkata,South Kolkata,"Fast, Food, Chinese, Asian, Thai, Oriental, Pan-Asian, Seafood, Combo",4.4,66,63,63,200,20.30653027
Dreams Cafe,Kolkata,Bidhannagar,"North, Indian",4,62,56,56,300,18.46048207
Bhukkad Gorilla,Kolkata,South Kolkata,"American, Mexican, Indian, Fast, Food, Snacks, Combo",4,65,62,62,200,15.72730253
AZAD RESTAURANT,Kolkata,New Area,Beverages,,62,62,62,200,
Kolkata Pantry,Kolkata,South Kolkata,"North, Indian, Chinese, Bengali",,69,66,66,500,
Tea Chai,Kolkata,Kalighat,Beverages,4.2,63,60,60,200,19.38350617
KATHLEEN CAKE SHOP,Kolkata,Dumdum,"Bakery, Fast, Food, Snacks",,71,65,65,200,
Shanghai Social,Kolkata,Salt Lake,"Chinese, Asian",4.2,62,56,56,400,29.01677007
new shiv namkeen and sweets,Kolkata,Kasba,"Sweets, Indian",4.4,64,60,60,150,17.30003278
Bake Me Good,Kolkata,Kasba,Bakery,4.4,59,55,55,200,20.30653027
SUPERMOON,Kolkata,Salt Lake,"Pizzas, Pastas, Beverages",,64,58,58,200,
Meals 'O' Memories,Kolkata,Lake Town,"Continental, Indian, Chinese, Snacks, Beverages",4.1,67,61,61,200,18.92199412
Kela Patta,Kolkata,Tiljala,"South, Indian",4,60,56,56,100,24.8664244
Broccoli Pizza & Pasta,Kolkata,Saltlake Sector 1,"Pizzas, Salads, Pastas, Italian, Healthy, Food",4.3,64,58,58,300,16.90685022
Sharma Snacks - Lake Town,Kolkata,Lake Town,"Snacks, Street, Food, Fast, Food, Sweets",4.3,61,55,55,100,26.73140623
What's your Need,Kolkata,Ruby Area,"Fast, Food",,68,64,64,200,
High life,Kolkata,Central Kolkata,"Chinese, Indian",,70,62,62,700,
Kasturi Restaurant,Kolkata,Ballygunge,Bengali,4.3,72,69,69,500,26.73140623
CLUB LOCA,Kolkata,Salt Lake,"Continental, Indian, Chinese",,70,64,64,200,
NEW MAA TARA HINDU HOTEL,Kolkata,South Kolkata,Bengali,,68,65,65,300,
Idly Aunty,Kolkata,Lake Town,"South, Indian",4,68,62,62,250,18.46048207
DIETO,Kolkata,Bidhannagar,"Healthy, Food",4.5,65,59,59,200,13.70035097
Cookies & Cakes,Kolkata,South Kolkata,Desserts,4.7,64,61,61,400,14.30925546
Cafe Sabrosa,Kolkata,South Kolkata,"Fast, Food, Continental, Beverages",,64,61,61,500,
Maharaj,Kolkata,Kalighat,Snacks,4.5,59,56,56,100,31.08939651
AMBIKA PATISSERIE,Kolkata,Gobra,"Desserts, Bakery",4.4,67,64,64,200,20.30653027
Gupta Brothers Lake Town,Kolkata,Lake Town,"Asian, Chinese, Combo, Desserts, Indian, North, Indian",4.2,65,59,59,300,19.38350617
Eat & Treat,Kolkata,Dumdum,Continental,3.3,75,69,69,250,15.22989771
Dehat,Kolkata,Kolkata,"Indian, North, Indian, Rajasthani, Thalis, Combo",4.3,66,60,60,200,29.70764555
Ramakrishna Lunch Home,Kolkata,Kalighat,"South, Indian, Beverages",4.3,62,59,59,200,26.73140623
Cake Walas,Kolkata,Cossipore,"Bakery, Indian, Combo, Desserts",,82,76,76,250,
KRISHNA FOOD,Kolkata,lake town,"Paan, Sweets, Fast, Food",,66,60,60,200,
NEW MAHARAJ,Kolkata,Kalighat,"Indian, Fast, Food, Beverages, Combo, Chinese",4.8,73,70,70,200,14.6137077
Tea Time,Kolkata,Kalighat,Beverages,4.5,59,56,56,200,17.69321535
Maharani,Kolkata,Kalighat,"Fast, Food",4.6,57,54,54,400,31.78027198
Ganguram & Sons,Kolkata,Gariahat,Sweets,4.5,56,53,53,200,27.97472745
Parasnath Fast Food,Kolkata,Lake Town,"Indian, Snacks, Thalis, Desserts",,80,74,74,300,
Sophi's Tea Kettle,Kolkata,South Kolkata,Beverages,,69,66,66,250,
Calorie Crave,Kolkata,South Kolkata,"Continental, Indian, Desserts",,70,67,67,400,
Cafe Yonder,Kolkata,South Kolkata,"Italian, Desserts",,69,66,66,600,
Apanjan,Kolkata,Kalighat,Bengali,,76,73,73,300,
Golpark Er Adda,Kolkata,Golpark,"Chinese, Fast, Food",,68,65,65,500,
Mint,Kolkata,Gariahat,"Continental, Healthy, Food, Indian",4.7,69,66,66,300,21.69106643
Gourmet Ice Cream Cakes by Baskin Robbins,Kolkata,South Kolkata,"Desserts, Ice, Cream, Bakery",4.3,58,55,55,200,13.09144648
The Chaiwala,Kolkata,Golpark,"American, Continental, Italian, Pastas, Snacks, Desserts, Beverages",4.3,69,66,66,350,16.90685022
Ramanee,Kolkata,Ballygunge,"South, Indian",4.5,65,62,62,400,20.76804233
Swad Sadan,Kolkata,Ruby Area,"South, Indian",,72,68,68,150,
Garden Cafe Express-Gariahat,Kolkata,Golpark,"South, Indian",4.3,69,66,66,300,16.90685022
Kuheli Rannaghar,Kolkata,Bidhannagar,Indian,4.2,70,64,64,200,19.38350617
All day breakfast,Kolkata,South Kolkata,"Bengali, Snacks, Indian",,77,74,74,350,
Fruitose,Kolkata,Lake Town,"Juices, Fast, Food",4.3,83,77,77,150,19.84501822
Chennai Express Kolkata,Kolkata,Kasba,"South, Indian",,74,70,70,200,
The Rusk Cafe,Kolkata,Lake Town,"Continental, Italian, Chinese, Beverages",,81,75,75,149,
Cookie2Nite,Kolkata,Lake Town,"Desserts, Snacks, Fast, Food, Beverages, Combo",,77,71,71,120,
Sendha Namak,Kolkata,Lake Town,"Healthy, Food, Juices, Beverages, Snacks, Fast, Food",4.4,83,77,77,200,20.30653027
BANGALIR PETPUJO,Kolkata,Lake Town,"Bengali, Indian, Combo",3.5,83,77,77,200,10.65582853
Krazzy for Ice Cream Sundae,Kolkata,Lake Town,"Ice, Cream",,73,67,67,200,
Paradise Biryani,Kolkata,Kalighat,"Biryani, Kebabs",4.1,67,64,64,400,25.48808501
LONDON DAIRY,Kolkata,Salt Lake,"Ice, Cream",,73,67,67,300,
Fries Before Guys,Kolkata,Lake Town,Beverages,,79,73,73,200,
HIM CREAM ,Kolkata,Lake Town,"Ice, Cream",,77,71,71,100,
Gupta & Sons,Kolkata,Dum Dum,"Indian, Chinese, Snacks",4.3,88,82,82,100,19.84501822
Khawabo Jatane,Kolkata,Dum Dum,Thalis,4.2,84,78,78,200,19.38350617
24*7 cafe,Kolkata,Dum Dum,"Snacks, Indian, Chinese",4.3,89,83,83,150,16.90685022
Lord Of The Fries,Kolkata,Salt Lake,"Snacks, Indian",,75,69,69,250,
Starlight,Kolkata,Salt Lake,"Chinese, North, Indian, Continental, Fast, Food, Snacks",,72,66,66,350,
7th Heaven,Kolkata,Salt Lake,"Bakery, Desserts, Snacks, Beverages, Waffle",4.5,65,59,59,300,20.76804233
Taste And Aroma,Kolkata,Kasba,"Chinese, Indian, Thalis, Beverages",,81,77,77,500,
SRI KRISHNA HOT CHIPS,Kolkata,Ruby Area,"Indian, Fast, Food",4.4,67,63,63,200,13.39589873
REGGAE CAFE AND LOUNGE,Kolkata,Sarat Park,"Pizzas, Chinese, Pastas, Beverages",,75,71,71,400,
Fast and Foodicious,Kolkata,Kasba,"North, Indian, Indian, Continental",,80,76,76,500,
Caffe Crema,Kolkata,SanityTestArea,"Beverages, Fast, Food, Mexican, Indian, Snacks",,79,71,71,250,
Domingos pizza,Kolkata,Lake Town,"Pizzas, Italian-American",,82,76,76,250,
Cakes & Shapes,Kolkata,Dum Dum Park,"Desserts, Ice, Cream",,81,75,75,200,
95 Degree,Kolkata,New Alipore,"Continental, Bakery, Pan-Asian",4.2,80,77,77,600,19.38350617
"R.D	Food Corner",Kolkata,East Kolkata Township,"North, Indian, Chinese",3.8,77,73,73,200,11.56918526
Pabrai's Fresh and Naturelle Ice Creams,Kolkata,East Kolkata Township,"Ice, Cream",4.8,68,64,64,200,22.15257848
Hondo's,Kolkata,Jodhpur Park,"American, Chinese, Continental, Desserts",4.3,80,76,76,450,19.84501822
Purple Panda By Purple Foods,Kolkata,Salt Lake,Chinese,,73,67,67,200,
Ocean Grill,Kolkata,Salt Lake,"North, Indian, Chinese, Italian, Continental",,82,76,76,300,
Patta Dona,Kolkata,Lake Town,"Indian, Continental, Beverages, Fast, Food",,86,80,80,200,
The Kunals Kitchen,Kolkata,Jadavpur,"Fast, Food, Combo, Indian",,78,74,74,200,
CAFE MON,Kolkata,Jadavpur,"Fast, Food, Beverages, Desserts",,78,74,74,200,
Gokul Shree,Kolkata,New Alipore,"Sweets, Fast, Food",4.6,73,70,70,100,14.00480321
The Melbourne Cafe,Kolkata,Jadavpur,"Continental, Bakery, Desserts",,79,75,75,500,
Bubai Kochuri Center,Kolkata,Lake Gardens,Snacks,4.3,72,68,68,300,19.84501822
Food Buddyz,Kolkata,Alipore,"Snacks, Desserts, Beverages, Pastas",,78,75,75,300,
Roz aana punjab,Kolkata,Alipore,Indian,,88,85,85,300,
Medley - Juicery & Beyond,Kolkata,Bidhannagar,"Beverages, Desserts, Healthy, Food, Juices, Salads, Ice, Cream",4,72,64,64,150,15.72730253
Angie's Cafe,Kolkata,Tollygunge,"Beverages, Italian",,93,89,89,750,
Bangalier Rannaghor,Kolkata,Bidhannagar,Bengali,3.8,72,66,66,200,23.62310318
Vegan Bistro,Kolkata,Tollygunge,"Fast, Food",,89,85,85,600,
Priya tiffin center,Kolkata,Alipore,"Snacks, Indian",,79,76,76,30,
CREDO FASHION CAFE,Kolkata,New Alipore,Beverages,,82,79,79,400,
Dosa express,Kolkata,Lake Gardens,"South, Indian, Continental, Snacks",3.9,73,69,69,300,24.24476379
Bhikharam chandmal (new alipore),Kolkata,New Alipore,"Sweets, Desserts, Chaat",4.1,73,70,70,300,18.92199412
Khana To Banti Hai,Kolkata,Bidhannagar,"Bakery, Fast, Food, Snacks",,83,77,77,250,
Millie's,Kolkata,East Kolkata Township,"Bakery, Desserts",4.5,84,80,80,300,13.70035097
Street Cafe,Kolkata,Ruby Area  Kasba  East Kolkata Township,"American, Fast, Food, Italian, Mexican, Beverages",,85,81,81,250,
Truffoline,Kolkata,Alipore,"Bakery, Desserts",3.5,83,80,80,250,10.65582853
AWFIS SPACE SOLUTION PRIVATE LIMITED(KLOUD KITCHEN,Kolkata,Sector V Salt Lake,"Fast, Food, Beverages",,76,68,68,500,
"Rajdhani-The	Veg	Junction",Kolkata,Behala,Indian,4,85,82,82,200,18.46048207
Tolly Cafe,Kolkata,Tollygunge,"Bengali, Chinese",,87,84,84,250,
Mondal Food Junction,Kolkata,Bidhannagar,"Indian, Chinese",3.9,73,65,65,250,11.87363751
Waffle Square,Kolkata,Bidhannagar,Desserts,,75,69,69,200,
Shawarma City,Kolkata,Bidhannagar,Lebanese,3.6,75,69,69,200,16.61443386
Toastie and Tonic,Kolkata,Jadavpur,"Indian, Bakery",,82,78,78,280,
SnackUps,Kolkata,Kolkata,"Chinese, Fast, Food",3.5,71,65,65,200,16.15292181
The Big wrap,Kolkata,Salt Lake,"Fast, Food",,81,75,75,200,
The Samosa Lab,Kolkata,Bidhannagar,"Snacks, Beverages",4.5,86,80,80,200,20.76804233
WE BAKE U TAKE,Kolkata,Jadavpur,"Bakery, Snacks",,82,78,78,150,
THALI'S,Kolkata,Salt Lake,"Chinese, Snacks",,85,79,79,300,
THE ULTIMATE WRAP,Kolkata,Sector V Salt Lake,"Fast, Food, Combo",,76,68,68,300,
Saanvi's Kitchen,Kolkata,Bidhannagar,"South, Indian, Chinese, Fast, Food, Continental, North, Indian, Biryani, Mughlai, Snacks",3.9,81,75,75,350,15.33411997
New Banglar Rannaghar,Kolkata,Tollygunge,"Chinese, Indian",4.1,91,87,87,200,18.92199412
Morning Bites,Kolkata,Santoshpur,"South, Indian",,93,87,87,300,
RAJGHARANA,Kolkata,Baguiati,"Indian, Chinese, South, Indian, Bengali, Snacks",,88,82,82,300,
Hotlets & Wiches,Kolkata,Behala,"Fast, Food",,93,90,90,300,
Dough Knots,Kolkata,Behala,"Desserts, Bakery, Snacks",4.1,87,82,82,200,18.92199412
Riddhi Siddhi Snacks,Kolkata,Baguiati,"Snacks, Sweets",,90,86,86,120,
Indigo Grill,Mumbai,Chembur,"North, Indian, Chinese, Mughlai, Biryani, Tandoor, Combo",3.9,44,44,44,400,24.24476379
Baba Falooda (Kurla),Mumbai,Kurla,"Ice, Cream, Beverages, Desserts",4.4,27,27,27,200,30.39852103
Deluxe Restaurant,Mumbai,Kurla,"Mughlai, Chinese",4.2,33,33,33,400,26.10974562
Sahara Restaurant,Mumbai,Chembur,"Indian, Chinese, Tandoor, Mughlai, Biryani, Desserts",4,37,37,37,300,27.63501912
Rangoon Zaika,Mumbai,Kurla West,"Indian, Chinese",3.6,33,33,33,400,22.37978196
Pizza Hut,Mumbai,Santacruz East,"Pizzas, Fast, Food",3.8,33,33,33,300,23.62310318
Foodin,Mumbai,Chembur,"Biryani, Chinese, Desserts, North, Indian, Tandoor",4,37,37,37,300,27.63501912
Delhi Drum,Mumbai,Kurla,"Mughlai, Chinese",3.8,35,35,35,300,17.53745796
McDonald's,Mumbai,Santacruz East,American,4.3,34,34,34,400,29.70764555
Meraki,Mumbai,Santacruz East,"Chinese, Burmese, Thai, Beverages, Thalis",4.1,33,33,33,500,28.3258946
Taj King Shawarma,Mumbai,Kurla,Indian,4.1,28,28,28,200,18.92199412
Persian Darbar,Mumbai,Kurla West,"Mughlai, North, Indian, Chinese, Biryani",4,36,36,36,1100,24.8664244
Kurla Juicy Hut,Mumbai,Kurla West,"Beverages, Desserts",4.1,35,35,35,300,18.92199412
Burger King,Mumbai,Santacruz East,American,4.2,33,33,33,350,29.01677007
J.J Jalebi,Mumbai,Mumbai,"Desserts, Sweets",3.6,25,25,25,100,22.37978196
Oye Kiddan,Mumbai,Chembur,"North, Indian",4,39,39,39,300,27.63501912
Sahara Hotel - Kurla,Mumbai,Kurla,"North, Indian, Chinese, Mughlai, Beverages",4.2,31,31,31,650,26.10974562
SHALIMAR JUICY,Mumbai,Kurla,"Indian, Beverages, Snacks, Desserts, Pizzas",,38,38,38,200,
Deliciae by Bunty Mahajan,Mumbai,Santacruz East,"Bakery, Desserts",4.6,51,51,51,1200,31.78027198
Brownie Bee The Cake Boutique,Mumbai,Kurla,Desserts,3.8,32,32,32,200,11.56918526
Birthday Party Cake Shop,Mumbai,Kurla,"Bakery, Desserts",,38,38,38,500,
KFC,Mumbai,Saki Naka,"American, Fast, Food, Snacks",4.3,41,41,41,400,29.70764555
TALHA S EXPRESS,Mumbai,Kurla,"North, Indian, Biryani, Mughlai, Chinese",4.3,36,36,36,250,13.09144648
Delhi Zaika,Mumbai,Kurla West,"Indian, Chinese",4,34,34,34,800,18.46048207
Mr. Chows,Mumbai,Santacruz East,"Chinese, Asian, Thai, Seafood",4.4,41,41,41,800,20.30653027
Food Quarter,Mumbai,Kurla,"Pizzas, Pastas, Healthy, Food, Continental",,36,36,36,500,
Hotel Dashmesh Punjab,Mumbai,Kurla West,"Mughlai, Chinese, Seafood",,38,38,38,400,
Shivs Kitchen,Mumbai,Scruz Bandra East,"Beverages, Chinese, Desserts, Indian",,37,37,37,300,
Mini Pakwan Dry And Fry,Mumbai,Kurla,"Kebabs, Fast, Food",,46,46,46,205,
Hashtag 99 The Shawarma Specialist,Mumbai,Kurla,"Fast, Food, Tandoor",3.1,29,29,29,250,9.438019557
Mughal Fusions,Mumbai,Mumbai,"Mughlai, North, Indian, Chinese, Seafood",3.9,38,38,38,300,17.99897002
Mughal Dhaba,Mumbai,Kurla West,"Mughlai, North, Indian, Chinese",4,36,36,36,500,12.17808975
World of donuts,Mumbai,Kurla,"Desserts, Bakery",,39,39,39,200,
DELICIOUS CHINESE,Mumbai,Kurla,"North, Indian, Chinese",,34,34,34,250,
Royal Falooda,Mumbai,Kurla West,"Desserts, Ice, Cream",4,31,31,31,400,15.72730253
JANATA TAWA AND GRILL,Mumbai,Kurla West,"Indian, Chinese, Tandoor",4.2,32,32,32,500,19.38350617
Nawab Seekh Corner,Mumbai,Mumbai,"North, Indian",4.4,34,34,34,550,27.35306684
MERWANS CAKE STOP,Mumbai,Kurla West,"Desserts, Bakery",4.5,27,27,27,300,27.97472745
Chinese Wok (Wok Express),Mumbai,Santacruz East,"Chinese, Asian, Tibetan, Desserts",4.1,32,32,32,250,28.3258946
Sandwizzaa,Mumbai,Santacruz East,"Fast, Food",4.6,31,31,31,250,28.59638806
Fantasy Cake Shop,Mumbai,Kurla,Cafe,,41,41,41,400,
Minar Restaurant,Mumbai,Kurla,Chinese,,42,42,42,500,
FIRE WINGS,Mumbai,Kurla,"Barbecue, American, Pizzas, Fast, Food, Chinese, Healthy, Food",3.9,37,37,37,350,15.33411997
ShakeyWakey,Mumbai,Kurla,"Beverages, Desserts",,35,35,35,400,
Khan's Flavour,Mumbai,Kurla,"Indian, Chinese",3.3,37,37,37,600,15.22989771
Shalimar Restaurant & Store,Mumbai,Kurla,"North, Indian, Chinese, Mughlai",4.1,32,32,32,650,12.48254199
Sahie darbar,Mumbai,Kurla,Indian,3.2,41,41,41,200,12.58184202
KURLA RASOI,Mumbai,Kurla,Indian,,43,43,43,300,
Denish The Cake Shop,Mumbai,Kurla,"Desserts, Bakery",4.1,34,34,34,200,12.48254199
Chunkies,Mumbai,Kurla,"Fast, Food, American, Indian",4,34,34,34,250,15.72730253
Javed Bhai's,Mumbai,Kurla,Mughlai,4.5,38,38,38,300,13.70035097
Wok Nation,Mumbai,Kurla,"Indian, Chinese, Seafood, Tandoor",4.1,40,40,40,600,12.48254199
WELCOME FASTFOOD AND JUICE CENTER,Mumbai,Kurla,"Beverages, Fast, Food, Juices, Pizzas",,34,34,34,150,
Al Baik Fast Food,Mumbai,Kurla,"Fast, Food",4.1,36,36,36,250,12.48254199
Urban Jalsa,Mumbai,Kurla,"Fast, Food, Continental, Chinese, Special, Discount, from, (The, Scoop)",4.3,33,33,33,400,19.84501822
The Belgian Waffle Co.,Mumbai,Santacruz East,"Desserts, Beverages",4.5,37,37,37,200,20.76804233
Sweet Bengal,Mumbai,Kurla,"Sweets, Indian, Snacks, Desserts",4.7,30,30,30,150,18.47958047
Shaan Chinese,Mumbai,Kurla,Chinese,,37,37,37,400,
Food King Restaurant,Mumbai,Kurla West,"South, Indian",3.6,36,36,36,300,16.61443386
Oye Pappe!,Mumbai,Santacruz East,"North, Indian, Biryani, Combo",,34,34,34,250,
Bake Ur Day,Mumbai,Kurla,"Desserts, Bakery",4.3,30,30,30,400,19.84501822
THE TASTY CAKE,Mumbai,Kurla,"Bakery, Desserts",,35,35,35,450,
Sushiya,Mumbai,Santacruz East,Sushi,,39,39,39,400,
SHREENATH SWEETS SNACKS AND FARSAN,Mumbai,Santacruz East,"Desserts, Snacks, Sweets",4.1,34,34,34,150,18.92199412
Oriental Combo box,Mumbai,Santacruz East,Chinese,4.2,36,36,36,300,12.78699424
Hotel Mahesh Fine Dine,Mumbai,Santacruz East,Indian,4.5,38,38,38,400,17.69321535
The Bombay Rasoi (North Indian Chinese),Mumbai,Saki Naka,"North, Indian, Chinese, Tandoor, Combo",,43,43,43,300,
Cafe Sunlight,Mumbai,Kurla West,"Indian, Chinese",3.9,33,33,33,400,15.33411997
Bombay Waffles,Mumbai,Kurla,"Desserts, Ice, Cream",,38,38,38,250,
Kurla Chinese & Seekh Paratha Corner,Mumbai,Kurla,"Chinese, Indian",,37,37,37,400,
China Bite,Mumbai,Santacruz East,"Chinese, Thai",4,30,30,30,400,24.8664244
Louis Burger,Mumbai,Bandra Area,American,4.3,35,35,35,600,29.70764555
Thotrin Cafe,Mumbai,SANTACRUZ EAST,"Indian, Chinese",4.4,39,39,39,500,20.30653027
Mojza Moments with cake,Mumbai,Kurla,"Desserts, Bakery, Fast, Food",4.2,35,35,35,150,16.51366766
Mughal Flavour Grand,Mumbai,Kurla west,"North, Indian, Mughlai, Chinese, Continental",4.1,41,41,41,500,18.92199412
Hotel Nasheman,Mumbai,Kurla,"Chinese, Indian, Biryani, Snacks, Beverages",,36,36,36,400,
Mumbai central juice and snacks centre,Mumbai,Kurla,"Snacks, Fast, Food, Ice, Cream, Beverages, Pizzas, Juices",,38,38,38,400,
Cake Me Away,Mumbai,Kurla,"Desserts, Bakery",4.1,42,42,42,250,12.48254199
One More Bite,Mumbai,Kurla,"Bakery, Desserts, Sweets",,43,43,43,200,
New Lajawaab Seekh Corner,Mumbai,Kurla,Indian,4.3,34,34,34,200,19.84501822
Jeden the cake expert,Mumbai,Kurla,"Bakery, Desserts",4.5,36,36,36,300,13.70035097
KhaaBuja,Mumbai,Kurla,"Indian, Kebabs, Biryani",,38,38,38,400,
Naaz Hotel,Mumbai,Saki Naka,"Mughlai, North, Indian, Chinese",4.1,39,39,39,750,25.48808501
The Mexican Box,Mumbai,Bandra Area,Mexican,3.8,41,41,41,800,11.56918526
Oven Story Pizza,Mumbai,Santacruz East,"Pizzas, Italian",3.8,37,37,37,600,17.53745796
Urban Sandwich Co.,Mumbai,Kurla,"Fast, Food",4.4,41,41,41,350,17.30003278
Veg Sutra,Mumbai,Kurla,"North, Indian, Chinese, Pizzas, Desserts, Beverages, Fast, Food",4,40,40,40,250,24.8664244
The Brooklyn Creamery - Healthy Ice Cream,Mumbai,Santacruz East,"Desserts, Ice, Cream, Healthy, Food",4.4,28,28,28,200,13.39589873
Meal Bowl,Mumbai,Kurla,Indian,4.2,39,39,39,300,19.38350617
Mandarin Oak- The Heavenly Chinese,Mumbai,Santacruz East,"Chinese, Asian, Thai",4.3,49,49,49,350,16.90685022
Cake Factory,Mumbai,Kurla,"Bakery, Desserts, Indian, Combo, Sweets",,42,42,42,100,
Bonjour Cakes,Mumbai,Kurla,"Bakery, Indian, Desserts, Combo, Sweets",,42,42,42,100,
Cake Paradise,Mumbai,Kurla,"Indian, Bakery, Desserts, Combo, Sweets",,51,51,51,100,
Cake Adda,Mumbai,Kurla,"Indian, Bakery, Desserts, Combo, Sweets",,45,45,45,100,
Faasos,Mumbai,Santacruz East,"Combo, Snacks, Beverages, Desserts, Indian",4.2,35,35,35,200,19.38350617
Cake Junction,Mumbai,Kurla,"Bakery, Indian, Desserts, Combo, Sweets",,44,44,44,100,
Pure Veg Meals by Lunchbox,Mumbai,Santacruz East,"North, Indian, Desserts, Biryani",3.9,35,35,35,200,11.87363751
Cake Corner,Mumbai,Kurla,"Bakery, Desserts, Combo, Indian",,41,41,41,100,
LunchBox - Meals and Thalis,Mumbai,Santacruz East,"North, Indian, Punjabi, Combo, Biryani, Healthy, Food, Jain, Thalis, Indian, Mughlai, Desserts",4.2,37,37,37,200,19.38350617
Cake Point,Mumbai,Kurla,"Bakery, Desserts, Indian, Combo, Sweets",,44,44,44,100,
Firangi Bake,Mumbai,Santacruz East,"Italian, Mexican, Pastas",,41,41,41,400,
Cake Corner & Bakery,Mumbai,Kurla,"Bakery, Desserts, Combo, Indian",,44,44,44,100,
Barbeque Nation,Mumbai,Bandra East,"North, Indian, Mughlai, Seafood, Biryani, Desserts, Kebabs",,37,37,37,600,
Behrouz Biryani,Mumbai,Santacruz East,"Biryani, Mughlai, Lucknowi, Hyderabadi, Kebabs, North, Indian, Persian, Desserts",4.1,34,34,34,500,18.92199412
UBQ BY Barbeque Nation,Mumbai,Bandra East,"North, Indian, Mughlai, Seafood, Biryani, Desserts, Kebabs",,40,40,40,300,
Ghee and Turmeric,Mumbai,Kalina CK,"North, Indian, Tandoor, Punjabi, Beverages, Desserts, Mughlai",4.5,38,38,38,500,17.69321535
Tip Top Kabab Corner,Mumbai,Kalina,Indian,4.3,34,34,34,150,13.09144648
Thambbi,Mumbai,Kurla West,"South, Indian, Punjabi, Snacks, Thalis, Fast, Food",4.3,33,33,33,400,26.73140623
HARE KRISHNA,Mumbai,Santacruz East,Indian,4.4,33,33,33,250,20.30653027
Apsara Ice Creams,Mumbai,Santacruz East,"Ice, Cream, Desserts",4.6,24,24,24,150,21.22955438
SAI KIRAN INDIAN AND CHINESE FOOD,Mumbai,Kurla,"Chinese, Indian",,40,40,40,250,
McDonald's Gourmet Burger Collection,Mumbai,Scruz Bandra East,"American, Continental, Fast, Food, Desserts, Beverages",4.3,36,36,36,600,19.84501822
Taste Corner,Mumbai,Kurla,"Tibetan, Biryani, Desserts, Combo",,37,37,37,200,
Deepak Farsan Mart,Mumbai,Kurla West,Indian,4.4,39,39,39,40,20.30653027
Cakeology,Mumbai,Kurla West,"Desserts, Bakery",4,31,31,31,300,18.46048207
MONGINIS,Mumbai,Kurla West,"Bakery, Desserts",4.5,33,33,33,200,13.70035097
SHALIMAR RESTAURANT,Mumbai,Kurla,"Chinese, Indian, Beverages",,42,42,42,500,
MODERN KHICHADI,Mumbai,Kurla,"Fast, Food",4.9,38,38,38,350,14.91815994
Big Bowl Company,Mumbai,Santacruz East,"North, Indian, Chinese, Biryani, Fast, Food",4.1,33,33,33,300,18.92199412
The Biryani Life,Mumbai,Santacruz East,"Biryani, Hyderabadi, Lucknowi, North, Indian, Mughlai, Combo, Desserts",3.5,38,38,38,250,10.65582853
CHINA PALACE,Mumbai,Scruz Bandra East,Chinese,,37,37,37,300,
INDIAN WOK XPRESS,Mumbai,Gautam Buddha Nagar,"North, Indian",,38,38,38,300,
BAMMAYE CHINESE,Mumbai,Gautam Buddha Nagar,Chinese,,38,38,38,300,
BOMBAY CHINESE,Mumbai,Scruz Bandra east,Chinese,,43,43,43,300,
Jashn E Biryani,Mumbai,Santacruz East,"Biryani, North, Indian, Mughlai, Desserts",3.8,38,38,38,300,11.56918526
DAY TO DAY SNACKS CORNER,Mumbai,Kurla West,"Chinese, South, Indian, Pizzas, Beverages, Ice, Cream, Combo",,41,41,41,200,
The King Cakes & Crunchies,Mumbai,Kurla,"Desserts, Bakery, Beverages, Fast, Food",,37,37,37,200,
The Good Bowl,Mumbai,Santacruz East,"North, Indian, Punjabi, Biryani, Combo, Chinese, Beverages, Desserts, Jain, Indian, Hyderabadi, Mughlai",4.2,37,37,37,400,16.51366766
NewYork Burrito Company,Mumbai,Santacruz East,"Mexican, American, Snacks",4.3,36,36,36,500,16.90685022
Fitbox,Mumbai,Scruz Bandra East,"Healthy, Food, Salads, Keto",,42,42,42,250,
Sai Kripa Fast Food Hotel,Mumbai,Santacruz East Mumbai.,Indian,,36,36,36,200,
Good Flippin' Burgers,Mumbai,Bandra Kurla Complex,"American, Fast, Food",4.6,34,34,34,600,21.22955438
Wraps Rolls & Bowls,Mumbai,Bandra East,"North, Indian, Chinese, Fast, Food, Desserts",4.1,35,35,35,250,18.92199412
SLAY Coffee,Mumbai,Santacruz East,"Beverages, Desserts",4.1,36,36,36,200,16.12048509
The Momo Co.,Mumbai,Santacruz East,"Asian, Tibetan, Chinese, Fast, Food, Snacks, Desserts",4.2,30,30,30,250,19.38350617
Chan Su Chinese,Mumbai,Santacruz East,Chinese,,40,40,40,400,
Khurram Bhai,Mumbai,Kurla,"Indian, Chinese, Tandoor, South, Indian",,46,46,46,300,
sabri hotel,Mumbai,Santacruz East,"Chinese, North, Indian, Biryani",3.6,36,36,36,400,10.96028078
Tokyo Treat,Mumbai,Scruz Bandra East,"Japanese, Asian, Healthy, Food",,47,47,47,1200,
CHINESE PALACE,Mumbai,Scruz Bandra East,"Chinese, Seafood",,43,43,43,300,
Sushiholic,Mumbai,Scruz Bandra East,"Japanese, Asian, Healthy, Food",3.2,40,40,40,1300,9.742471801
Konkan Swad,Mumbai,Kurla West,"Konkan, Seafood",3.7,39,39,39,250,17.07594591
Variety Chinese,Mumbai,Scruz Bandra East,Chinese,,41,41,41,300,
King Chinese,Mumbai,Scruz Bandra East,"Chinese, Tandoor",,39,39,39,300,
Janta Lunch Home,Mumbai,Kurla West,"Indian, Chinese, Seafood, Tandoor, Punjabi, Biryani",,37,37,37,300,
Sweet Truth - Cake and Desserts,Mumbai,Santacruz East,"Ice, Cream, Bakery, Desserts, Beverages",3.9,41,41,41,450,11.87363751
Hangout Cakes & More,Mumbai,Santacruz East,Bakery,4.2,28,28,28,150,19.38350617
Akash Chinese,Mumbai,Scruz Bandra East,"Chinese, Tandoor",,37,37,37,300,
Subway,Mumbai,Santacruz East,"Fast, Food, Salads, Snacks, Desserts, Beverages",4.4,29,29,29,350,27.35306684
McCafe by McDonald's,Mumbai,Santacruz East,"Beverages, Desserts",,36,36,36,250,
Hong Kong Chinese,Mumbai,Santacruz East,"Chinese, Indian",,38,38,38,200,
A one chinese,Mumbai,Santacruz East,"Chinese, Indian",,37,37,37,400,
Famous Chinese,Mumbai,Santacruz East,"Chinese, Fast, Food",,35,35,35,300,
Bhot Hard Chinese,Mumbai,Kurla,Chinese,,40,40,40,250,
Uncle Chinese,Mumbai,Santacruz East,"Chinese, Tandoor",2.9,37,37,37,300,13.3838495
Tip Top Chinese,Mumbai,Santacruz East,"Chinese, Indian",,36,36,36,300,
CRAVING ADDA,Mumbai,Kurla,Chinese,,38,38,38,400,
Goodness To Go,Mumbai,Bkc,"Salads, European, Italian, Juices, Bakery, Desserts, Combo",4.5,41,41,41,350,17.69321535
Smoke House Deli,Mumbai,Bandra Area,"European, Italian, American, Pastas, Salads, Juices, Desserts, Combo",4.4,48,48,48,600,20.30653027
Rolls Mania,Mumbai,Santacruz East,"Indian, Fast, Food",4.2,36,36,36,200,19.38350617
Vista Fast Food,Mumbai,Juhu,"Chinese, Indian",,39,39,39,250,
Highway briyani,Mumbai,Scruz Bandra East,"Indian, Biryani, Tandoor",,37,37,37,200,
Hub chinese,Mumbai,Santacruz East,"Chinese, Tandoor",,33,33,33,250,
Express Chinese,Mumbai,Kurla,Chinese,3.1,43,43,43,250,9.438019557
PizzaExpress,Mumbai,Bandra Area,"Pizzas, Pastas, Italian, European, Salads, Continental, Desserts, Beverages",4.2,43,43,43,1000,19.38350617
THE BIG OWL,Mumbai,Santacruz East,"Indian, Chinese, South, Indian, Continental, Tandoor",,41,41,41,750,
The great chinese,Mumbai,Scruz Bandra East,"Chinese, Indian",,40,40,40,150,
Papa Pizza,Mumbai,Kurla,"Indian, Chinese",,39,39,39,250,
99 Chinese,Mumbai,Juhu,Chinese,,38,38,38,250,
Chinese Adda,Mumbai,Kurla,Chinese,,44,44,44,250,
Your Choice Chinese,Mumbai,Santacruz East,"Indian, Chinese",,35,35,35,350,
lan lan restaurant,Mumbai,Santacruz East,Chinese,4.2,42,42,42,400,12.78699424
Quality Fast Foods,Mumbai,Scruz Bandra East,"Chinese, Fast, Food",,39,39,39,300,
Cafe 9/10,Mumbai,Kurla,"Chinese, Indian, Biryani",,39,39,39,400,
Eataeria,Mumbai,Saki Naka,"Fast, Food",,42,42,42,300,
Theeram,Mumbai,Kalina,Kerala,4.3,38,38,38,600,29.70764555
King Chilli,Mumbai,Kalina,"Chinese, Asian, Fast, Food",4.3,38,38,38,400,19.84501822
Hitchki,Mumbai,Bandra Area,"North, Indian, Mughlai, Indian, Punjabi, Tandoor, Biryani",4,43,43,43,600,18.46048207
Fresh BreakFast,Mumbai,Kurla,"North, Indian",,42,42,42,200,
ASIAN GOLDEN FISH,Mumbai,Santacruz East,Chinese,,37,37,37,300,
ORIENTAL PURE VEG,Mumbai,Santacruz East,Chinese,,44,44,44,300,
ONLY CHICKEN ASIAN FUSION,Mumbai,Santacruz East,Chinese,,42,42,42,300,
Nityanand Restaurant,Mumbai,Scruz Bandra East,"Street, Food, North, Indian, South, Indian",3.8,36,36,36,350,11.56918526
Hotel rockline,Mumbai,Scruz Bandra East,"North, Indian, Chinese, Seafood",,37,37,37,350,
Smokin Joe's,Mumbai,Kalina,Pizzas,3.8,35,35,35,400,17.53745796
CAFE SAHIL,Mumbai,Kurla,"Indian, Thalis, Tandoor, Seafood, Chinese, Biryani",,39,39,39,250,
Achija Veg Restaurants,Mumbai,Kurla,"North, Indian, South, Indian, Chinese, Beverages",,44,44,44,700,
Capital Social,Mumbai,Bandra Area,"Indian, Chinese, South, Indian, American, Kebabs, Mughlai, Biryani, Combo",4.3,46,46,46,500,19.84501822
Sawali Restaurant (Pure Veg),Mumbai,Kurla,"South, Indian, Indian, Chinese",4.3,36,36,36,550,19.84501822
Sultan's shawarma,Mumbai,Kalina,"Lebanese, Fast, Food",3.6,38,38,38,200,10.96028078
NITYANAND FAMILY RESTAURANT MANGLORIAN STYLE,Mumbai,Kurla,"Indian, Chinese, Seafood",,43,43,43,300,
CAFE SULTAN,Mumbai,Kalina,"Biryani, Fast, Food, Tandoor, Mughlai",,38,38,38,300,
Al-Kabeer Arabian Shawarma & Momos,Mumbai,Kalina,"Tibetan, Lebanese, Fast, Food, Tandoor",4.2,38,38,38,200,12.78699424
Shawarma's & More,Mumbai,Kalina,"Lebanese, Fast, Food, Tibetan, Pizzas, Pastas",4.1,33,33,33,200,18.92199412
Mughal Darbaar,Mumbai,Kurla West,"Mughlai, North, Indian, Chinese, Seafood",3.7,40,40,40,300,23.00144257
Pop Tate's,Mumbai,Kurla - Mumbai,"Continental, Italian, European, Mexican",3.5,53,53,53,1000,10.65582853
Prerna's Handcrafted Ice Cream,Mumbai,Kurla,"Ice, Cream, Desserts, Beverages",,38,38,38,400,
PVR Cafe,Mumbai,Saki Naka,"Snacks, Fast, Food, American",,47,47,47,400,
YouMee,Mumbai,Saki Naka,"Japanese, Pan-Asian",,49,49,49,1600,
SMOOR,Mumbai,Kurla,Bakery,4,42,42,42,300,12.17808975
Natural Ice Cream,Mumbai,Saki Naka,Desserts,4.4,50,50,50,150,17.30003278
Tavakkal hotel,Mumbai,Kurla,"Chinese, North, Indian",,38,38,38,600,
Diablo Pizza,Mumbai,Bkc,"Italian, Fast, Food, Beverages",4.9,46,46,46,600,14.91815994
Baskin Robbins,Mumbai,Santacruz East,"Ice, Cream, Desserts",4.7,29,29,29,350,18.47958047
Two Star,Mumbai,Santacruz East,"Mughlai, North, Indian, Chinese, Seafood",4,47,47,47,600,12.17808975
Gourmet Ice Cream Cakes by Baskin Robbins,Mumbai,Scruz Bandra East,"Desserts, Ice, Cream, Bakery",,33,33,33,350,
Anil Wine N Dine,Mumbai,Saki Naka,"North, Indian, Chinese, Biryani, South, Indian",4.4,40,40,40,300,20.30653027
New Yorker,Mumbai,Bkc,"Italian, American",4.8,45,45,45,900,14.6137077
Aniruddha's,Mumbai,Kurla West,"Indian, North, Indian, Biryani",,42,42,42,250,
Kwality Walls Frozen Dessert and Ice Cream Shop,Mumbai,Kurla,"Ice, Cream",4.7,29,29,29,300,21.69106643
Samrat hotel,Mumbai,Kurla,"Chinese, Indian, Mughlai",4,38,38,38,350,24.8664244
K-70 Food Hub,Mumbai,Kurla West,"Mughlai, Chinese, Tandoor",3.8,39,39,39,300,14.9409374
Kripa Sagar Pure Veg Restaurant,Mumbai,Santacruz East,"Fast, Food, Beverages, North, Indian, South, Indian, Biryani, Chinese, Juices, Pizzas, Desserts, Sweets",3.6,36,36,36,150,10.96028078
Juhu Chaatwala,Mumbai,Santacruz East,"Fast, Food",,38,38,38,200,
Charcoal Eats - Biryani & Beyond,Mumbai,Santacruz East,"Biryani, North, Indian, Mughlai, Afghani, Hyderabadi, Kebabs",4.3,32,32,32,499,19.84501822
Coffee Culture,Mumbai,Saki Naka,"Pizzas, Pastas, Italian, Indian, American, Chinese, Fast, Food, Mexican, Beverages, Desserts, Healthy, Food, Snacks, Salads, Combo",,39,39,39,400,
CAKE DAY 7,Mumbai,Kurla,Bakery,,39,39,39,350,
Al-Baik.com,Mumbai,Saki Naka,"Beverages, Snacks, Pizzas",,43,43,43,300,
JOLLYBEE FAST FOOD,Mumbai,Santacruz East,Chinese,,40,40,40,300,
Amazing Dosa,Mumbai,Santacruz East,"South, Indian",3.8,39,39,39,200,11.56918526
Chutney Plus,Mumbai,Santacruz East,"Fast, Food, South, Indian, Indian",3.9,35,35,35,300,11.87363751
French fries Fusion,Mumbai,Santacruz East,"Fast, Food",,47,47,47,200,
Sandwich plus,Mumbai,Santacruz East,"Fast, Food",,38,38,38,200,
Wow! China,Mumbai,Saki Naka,"Tibetan, Fast, Food, Chinese, Asian, Snacks, Continental, Desserts, Beverages",4,52,52,52,400,12.17808975
Wow! momo,Mumbai,Saki Naka,"Tibetan, Healthy, Food, Asian, Chinese, Snacks, Continental, Desserts, Beverages",4,49,49,49,300,18.46048207
Sbarro - New York Pizza,Mumbai,Saki Naka,"Italian, Pizzas, Desserts, Beverages, Combo",3.4,53,53,53,600,13.36820715
Sudarshan Veg Restaurant,Mumbai,Saki Naka,"Indian, Chinese, South, Indian",4.4,39,39,39,700,27.35306684
Theobroma,Mumbai,Bandra Area,"Desserts, Bakery, Beverages",4.7,40,40,40,800,29.21804868
Wedesi Kitchen,Mumbai,Santacruz East,"Chinese, Lebanese, Continental, Pizzas, Snacks",4.2,40,40,40,300,16.51366766
Phaksha Mania,Mumbai,Kalina,Chinese,3.4,53,53,53,400,10.35137629
Sassy Teaspoon,Mumbai,Bandra Area,"Desserts, Bakery",4,38,38,38,300,12.17808975
Blue Tokai Coffee Roasters,Mumbai,Bandra Area,"Healthy, Food, American, Lebanese, Mediterranean, European, Juices, Middle, Eastern",4.8,41,41,41,800,22.15257848
Mediterranean Delights,Mumbai,Santacruz East,"Mediterranean, Combo",3.9,38,38,38,250,11.87363751
Maroosh ( ShawarmaTikkaBiryani & more),Mumbai,Santacruz East,"North, Indian, Lebanese, Biryani",3.7,39,39,39,200,17.07594591
Urban Biryani,Mumbai,Santacruz East,Indian,3.8,40,40,40,400,11.56918526
SNAXX,Mumbai,Bkc,Snacks,5,44,44,44,500,15.22261219
Biryani Tales,Mumbai,Santacruz East,Biryani,3.8,38,38,38,200,11.56918526
Diamond Market Pizza JP,Mumbai,Bandra East,Italian,5,43,43,43,600,15.22261219
Chai Point,Mumbai,Bkc,"Bakery, Combo, Beverages, Maharashtrian, Snacks, Street, Food, South, Indian, Punjabi, Fast, Food",4.2,35,35,35,150,26.10974562
Grill And Chill,Mumbai,Santacruz East,"Fast, Food, Snacks, Beverages, Juices, Chaat, Pizzas, Continental",4.4,38,38,38,200,13.39589873
Brijwasi Sweets Original Since 1946,Mumbai,Bkc,"Street, Food, Desserts, Sweets",4.2,43,43,43,150,19.38350617
La Pino'z Pizza,Mumbai,Ghatkopar Vikhroli,Pizzas,4,44,44,44,300,24.8664244
Chicking,Mumbai,Kurla,"Fast, Food, Continental",,51,51,51,500,
Hrezzo,Mumbai,Ghatkopar West,"Continental, Indian, Chinese",4.3,40,40,40,1000,13.09144648
Everything Rice,Mumbai,Scruz Bandra East,Biryani,3.9,40,40,40,350,17.99897002
Casa Mia,Mumbai,Scruz Bandra East,Mexican,,47,47,47,500,
Origami Japanese & Korean Restaurant,Mumbai,Scruz Bandra East,"Japanese, Korean, Barbecue",4.4,48,48,48,2500,13.39589873
Copper Chimney,Mumbai,Bandra Area,"North, Indian, Indian, Biryani, Punjabi, Kebabs, Grill, Mughlai, Desserts",4.2,42,42,42,800,16.51366766
Chinesezilla,Mumbai,Andheri East,"Chinese, Combo, Snacks, Indian, North, Indian",4.1,41,41,41,200,18.92199412
Guru Kripa (Sion West),Mumbai,Sion,"Fast, Food",4.5,42,42,42,300,38.32826927
Nayaab Biryani,Mumbai,Marol Sakinaka,"Biryani, Mughlai",4.3,41,41,41,400,19.84501822
Golden Palace,Mumbai,Kurla West,"North, Indian, Chinese",,42,42,42,450,
Kesas,Mumbai,Kurla,"Arabian, Lebanese, Pastas, American, Biryani, North, Indian, Snacks, Chinese, Beverages",3.8,35,35,35,300,23.62310318
Sodabottleopenerwala,Mumbai,Bandra Area,"Parsi, Biryani, Beverages, Indian, Desserts, Street, Food, Bakery",4.3,44,44,44,600,19.84501822
Street Foods By Punjab Grill,Mumbai,Bandra Area,"North, Indian",3.7,44,44,44,300,17.07594591
YOUZHI - By STOVE,Mumbai,Santacruz East,"Asian, Pan-Asian, Chinese, Beverages, Desserts",,44,44,44,400,
CLOUD CROWN,Mumbai,Kurla,"Chinese, Punjabi, Tandoor",4.4,43,43,43,350,13.39589873
Swage a stomach settler,Mumbai,kurla east nehru nagar,"Pastas, Pizzas, Beverages",,41,41,41,250,
The Netrik's Joint,Mumbai,Kurla,"Fast, Food, Biryani, American, Lebanese, Beverages, Chinese",3.1,44,44,44,200,14.3068736
BOSS Burger,Mumbai,Bkc,"American, Continental, Fast, Food, Combo",3.6,43,43,43,500,14.15457228
Starbucks Coffee,Mumbai,Bkc,"Beverages, Ice, Cream",4.2,39,39,39,400,19.38350617
Mahesh Lunch Home & Bar,Mumbai,Kurla,Indian,4.3,41,41,41,500,16.90685022
Kohlis Kitchen,Mumbai,Kurla,"Chinese, Indian, Tandoor",,41,41,41,300,
Moussestruck,Mumbai,Santacruz East,"Desserts, Sweets, Bakery",4.7,35,35,35,150,14.30925546
Khichdi The Global Food,Mumbai,Ghatkopar West,"Indian, Punjabi",,42,42,42,400,
Punjab Grill,Mumbai,Bandra Area,"North, Indian, Indian, Biryani, Punjabi, Kebabs, Mughlai, Desserts",4.3,48,48,48,900,19.84501822
Shree Durga Hotel,Mumbai,Kurla,"Chinese, Indian",,41,41,41,400,
Jhakas Family Restaurant,Mumbai,Kurla,"Indian, Chinese",,40,40,40,300,
STOVE - The Vegetarian Kitchen,Mumbai,Santacruz East,"Gujarati, Rajasthani, North, Indian, Chinese, Indian",4.2,47,47,47,250,19.38350617
Protein Chef Cafe- Sakinaka,Mumbai,Marol Sakinaka,"Healthy, Food, Beverages, Fast, Food",4.2,45,45,45,500,16.51366766
O Pedro,Mumbai,Bandra Area,"Goan, Portuguese",4.4,50,50,50,1800,20.30653027
Urban Tadka,Mumbai,Saki Naka,"North, Indian",3.9,53,53,53,800,11.87363751
Butterfly High,Mumbai,Bandra Area,"Indian, South, Indian, Chinese, Continental, Desserts",4.5,43,43,43,300,17.69321535
Cafe Delhi Heights,Mumbai,Saki Naka,"Asian, Continental",,48,48,48,2000,
Olive Pizzeria,Mumbai,Bkc,"Pizzas, Fast, Food, Italian",,48,48,48,800,
Shiv Sagar ,Mumbai,Saki Naka,"North, Indian, Beverages, South, Indian, Fast, Food, Chinese",4.3,48,48,48,200,16.90685022
The Kitchen  (Chinese & Grills),Mumbai,Kurla,"Chinese, Kebabs, Tibetan, Lebanese",4.2,39,39,39,300,19.38350617
Keventers Ice Cream,Mumbai,Saki Naka,"Ice, Cream, Desserts",,56,56,56,300,
Butter Chicken Factory,Mumbai,Saki Naka,"Indian, Biryani, Tandoor, Desserts, Beverages",,47,47,47,1100,
Keventers - Milkshakes and Desserts,Mumbai,Saki Naka,"Beverages, Ice, Cream, Desserts, Healthy, Food",4.1,51,51,51,300,16.12048509
Pukhtaan,Mumbai,Kurla,"Mughlai, North, Indian",,42,42,42,1900,
Taco Bell,Mumbai,Saki Naka,Mexican,3.8,50,50,50,300,17.53745796
Mad Burgers and pizza,Mumbai,Kurla,"Pizzas, Fast, Food, Desserts",3.5,44,44,44,300,10.65582853
Waffles & More,Mumbai,Kurla,"Desserts, Beverages, Pizzas, Italian",4.3,40,40,40,300,19.84501822
Mad Over Donuts,Mumbai,Saki Naka,"Desserts, Sweets, Bakery",4.5,46,46,46,200,20.76804233
Elementaria Bakery & Cafe,Mumbai,Bandra Area,"Snacks, Desserts, Beverages",4.5,35,35,35,800,20.76804233
Jamie's Pizzeria By Jamie Oliver,Mumbai,Saki Naka,"Pizzas, Italian, European, Salads",3.9,54,54,54,800,17.99897002
Shizusan,Mumbai,Kurla,"Japanese, Asian, Sushi",,47,47,47,1500,
Cinnabon & Aunt Annes,Mumbai,Saki Naka,"Fast, Food",,47,47,47,400,
Toast & Tonic,Mumbai,Bandra Area,"European, Continental",,51,51,51,900,
Tibb's Frankie,Mumbai,Phoenix Mall,"Fast, Food, Snacks, North, Indian, Mexican, Beverages",,43,43,43,200,
Rajdhani,Mumbai,Saki Naka,"Rajasthani, Thalis, Indian",4,51,51,51,400,18.46048207
STATUS BAR AND RESTAURANT,Mumbai,Kurla,Indian,,44,44,44,400,
LARK PURE VEGETARIAN RESTAURANT,Mumbai,Kurla,"Indian, Chinese, Italian, Beverages, Fast, Food",,40,40,40,300,
Giani's,Mumbai,Kurla,"Ice, Cream, Desserts, Beverages",4.5,31,31,31,200,20.76804233
Vadilal Ice Cream,Mumbai,Ghatkopar Vikhroli,"Ice, Cream",4.6,43,43,43,200,18.08639791
AFGHAN DARBAR CHINESE CORNER,Mumbai,Kurla,"Chinese, Biryani",,45,45,45,240,
Sheetal Restaurant,Mumbai,Kurla,"Indian, Chinese, Maharashtrian, Biryani, Seafood",4,39,39,39,400,15.72730253
Mallika Bar and Family Restaurant,Mumbai,Marol Sakinaka,"Indian, Chinese",,42,42,42,300,
Yauatcha,Mumbai,Bandra Area,Chinese,4.5,52,52,52,2000,20.76804233
KRISHNA CORNER,Mumbai,Chembur,"Beverages, Fast, Food",,38,38,38,220,
Taftoon Bar & Kitchen,Mumbai,Bandra Area,"North, Indian",4.7,47,47,47,1000,18.47958047
Chaayos Meri Wali Chai,Mumbai,Ghatkopar CK Mum,"Bakery, Beverages, Chaat, Desserts, Home, Food, Italian, Maharashtrian, Snacks, Street, Food, Sweets",,37,37,37,250,
RUCHIKA FOOD SWEETS AND SNACKS CORNER,Mumbai,Scruz Bandra East,"Indian, Chinese, Snacks",,39,39,39,250,
Domino's Pizza,Mumbai,Kurla West,Pizzas,4,30,30,30,400,18.46048207
Food Wonder Snacks and Chaat,Mumbai,Kurla,"North, Indian, Fast, Food, South, Indian",,39,39,39,350,
RAJE MISAL,Mumbai,Kurla,"Indian, Fast, Food, Snacks, Beverages",,44,44,44,300,
CinCin,Mumbai,Bandra Area,"Pizzas, Italian",4.4,47,47,47,900,17.30003278
Ghatkopar Jolly Gymkhana ,Mumbai,Ghatkopar West,"North, Indian, Chinese, Pizzas, Indian, Fast, Food, Snacks",4.2,48,48,48,600,19.38350617
KRISHNA VIHAR (SASHI LUNCH HOME),Mumbai,Ghatkopar Vikhroli,Indian,,43,43,43,200,
SHRI LAXMI LUNCH HOME,Mumbai,Santacruz East,Indian,,40,40,40,300,
China Garden Restaurant,Mumbai,Santacruz East,"Chinese, Asian",,40,40,40,300,
Yauatcha Patisserie,Mumbai,Bandra Area,"Desserts, Beverages, Bakery, Sweets",4.5,50,50,50,400,20.76804233
The Baker's Dozen,Mumbai,Chembur,Bakery,4.4,36,36,36,300,13.39589873
NARA THAI,Mumbai,Bandra Area,"Thai, Asian, Salads, Seafood, Pan-Asian",4.4,53,53,53,800,20.30653027
Kebabzaade,Mumbai,Marol Sakinaka,"North, Indian",,49,49,49,500,
Jumboking Indian Burger,Mumbai,Kurla,"Fast, Food, Continental",4.1,38,38,38,150,12.48254199
GD's Fast Food,Mumbai,Kurla,"North, Indian, Chinese",4.3,39,39,39,450,19.84501822
Kebabish,Mumbai,Marol Sakinaka,"North, Indian",3.3,51,51,51,500,10.04692404
SEQUEL,Mumbai,Bkc,"Cafe, Healthy, Food",4.4,50,50,50,1000,20.30653027
Poetry By Love & Cheesecake,Mumbai,Bandra Area,"European, Bakery",,45,45,45,800,
KEBAB E TANDOOR,Mumbai,Marol Sakinaka,"North, Indian, Seafood, Biryani, Desserts, Chinese",,43,43,43,350,
CHOW CHOW INDIA,Mumbai,Marol Sakinaka,Chinese,,41,41,41,250,
MK FOOD BOOTH,Mumbai,Marol Sakinaka,"North, Indian, Tandoor, Chinese, Snacks",,42,42,42,250,
The Bombay Churros,Mumbai,chembur,"Desserts, Spanish",3.6,38,38,38,800,10.96028078
TKX - The Khana Xpress,Mumbai,Ghatkopar West,Beverages,,46,46,46,700,
Kumar Lunch Home (Bar & Restaurant),Mumbai,Chembur,"North, Indian, Chinese, Punjabi, Biryani, Tandoor",3.7,47,47,47,400,11.26473302
Mehfil,Mumbai,Scruz Bandra East,Chinese,,48,48,48,300,
SAGAR KITCHEN By Sagar Caterers,Mumbai,Bkc,Indian,,42,42,42,200,
Sentral Fusion,Mumbai,Kurla,Chinese,,45,45,45,200,
Navratna Hotel,Mumbai,Saki Naka,"North, Indian",4.2,41,41,41,200,16.51366766
Jamie Oliver's Diner,Mumbai,Kurla,"Fast, Food, American",,56,56,56,500,
Santosh Lunch Home,Mumbai,Santacruz East,Indian,4.2,40,40,40,450,16.51366766
The Health Factory,Mumbai,Marol Sakinaka,"Healthy, Food",,42,42,42,600,
Siddhivinayak restaurant,Mumbai,Kurla,"Chinese, North, Indian, Fast, Food, Biryani",,44,44,44,200,
Sadguru Sandwiches centre,Mumbai,Santacruz East,"Fast, Food",4.5,40,40,40,200,13.70035097
Kailash canteen,Mumbai,Chembur,"Indian, Chinese, South, Indian",4.3,47,47,47,180,16.90685022
Dumpling Khang,Mumbai,Santacruz East,"Chinese, Tibetan, Street, Food, Fast, Food, Beverages",3.7,42,42,42,250,17.07594591
Steamy Mugs,Mumbai,Kurla,"Fast, Food",4.5,36,36,36,300,20.76804233
Fresh Meals Company,Mumbai,Saki Naka,"North, Indian, Home, Food",3.8,40,40,40,300,17.53745796
THE MEAL FACTORY,Mumbai,Andheri East,"Indian, Chinese, Biryani, Beverages",3.9,44,44,44,400,11.87363751
FEAST CAKES AND BAKES,Mumbai,Chembur,Bakery,,43,43,43,500,
A -1 Panipuri Center,Mumbai,Scruz Bandra East,"Chaat, Snacks",,46,46,46,60,
R S Mani Cafe,Mumbai,Kurla,"South, Indian, Beverages",4.2,40,40,40,200,12.78699424
Tata Q Quick Kitchen,Mumbai,Kurla,"North, Indian, Snacks, Pastas, Fast, Food",4.7,53,53,53,400,21.69106643
Cafe Samrat,Mumbai,Kurla,"Indian, Chinese, Biryani, Fast, Food, Desserts",,41,41,41,300,
Om Sai Juice And Fast Food,Mumbai,Kurla,"Fast, Food, Beverages",3.9,38,38,38,250,15.33411997
OhhDaily- Healthy & Homely Tiffins,Mumbai,Saki Naka,"Thalis, Indian, Home, Food",4.1,41,41,41,200,28.3258946
Royal Darbar,Mumbai,Saki Naka,Chinese,,44,44,44,400,
TOSHIN Chocolatier Patissier,Mumbai,Chembur,"Desserts, Ice, Cream",,39,39,39,1000,
Changs kitchen,Mumbai,Marol Sakinaka,Chinese,,49,49,49,500,
Om Sai Ram Dolphin Frankee,Mumbai,Ghatkopar East,"Fast, Food, Beverages",4.6,41,41,41,350,21.22955438
Sindhi Society Gymkhana( Aparna Caters),Mumbai,Mumbai,"North, Indian",4.1,46,46,46,400,28.3258946
5 Spice,Mumbai,Powai Area,"Chinese, Desserts",4.2,53,53,53,1100,26.10974562
Flavors of China,Mumbai,Bandra East,Chinese,4.2,50,50,50,850,16.51366766
Shree GuruKrupa (Tilak Road),Mumbai,Ghatkopar East,"North, Indian, Chinese",4.3,45,45,45,600,26.73140623
Thai Naam By Chef Ananda,Mumbai,Vile Parle,"Thai, Oriental, Seafood, Pan-Asian, Asian",4.3,61,61,61,1500,13.09144648
Sips n bite,Mumbai,Kurla,"American, Fast, Food, Beverages",,47,47,47,350,
CITY WOK EXPRESS,Mumbai,Scruz Bandra East,"Chinese, Seafood, Fast, Food, Indian",,43,43,43,300,
Curry Twist,Mumbai,Saki Naka,"Indian, Chinese, Continental",4.3,47,47,47,1000,13.09144648
Cafe O,Mumbai,Saki Naka,Continental,,48,48,48,700,
What The Fries ,Mumbai,Santacruz East,"Fast, Food",3.9,43,43,43,250,11.87363751
Indo Chinese Korner,Mumbai,Saki Naka,"Indian, Tandoor, Pastas, Asian, Desserts",,44,44,44,800,
Chakra,Mumbai,Saki Naka,"Indian, Chinese",4.3,45,45,45,600,19.84501822
Keventers Ice Creamery,Mumbai,Scruz Bandra East,"Ice, Cream, Desserts",,37,37,37,300,
KANCHAN FOODS,Mumbai,Scruz Bandra East,Indian,4.6,58,58,58,350,18.08639791
MUMBAI WOK EXPRESS,Mumbai,Scruz Bandra East,"North, Indian, Chinese, Indian",,42,42,42,300,
Appetite Chinese Food,Mumbai,Chembur,Chinese,4.3,52,52,52,300,13.09144648
Shahi Restaurant,Mumbai,Ghatkopar West,"Chinese, North, Indian, Tandoor",3.5,43,43,43,500,10.65582853
Punjab Depot,Mumbai,Andheri East,"North, Indian, Tandoor, Mughlai, Biryani, Snacks, Desserts, Beverages, Combo",3.9,48,48,48,249,26.94414364
Krishnaa Leela,Mumbai,Chembur,"Street, Food, North, Indian, Chinese, Beverages, South, Indian",4.3,45,45,45,450,19.84501822
Mealful Rolls - Meals in a Roll,Mumbai,Ghatkopar East,"North, Indian, Desserts, Snacks, Indian",4.1,43,43,43,250,12.48254199
The Batter Cake House,Mumbai,Matunga Wadala,"Bakery, Desserts",,45,45,45,950,
New Welcome Dosa Corner,Mumbai,Chembur,"South, Indian",,44,44,44,200,
Chembur South central,Mumbai,Chembur,"South, Indian",,43,43,43,280,
shetty's dosa corner,Mumbai,Chembur,"South, Indian",,45,45,45,280,
swastik fast food corner,Mumbai,Chembur,"South, Indian",,47,47,47,200,
HOTEL NAVGRAHA (Tilak Nagar),Mumbai,Ghatkopar East,"Chinese, Indian",4.4,44,44,44,200,20.30653027
Ms Dhamaka Food Factory,Mumbai,Scruz Bandra East,"Continental, Pizzas, Pastas",,48,48,48,200,
Family Tree,Mumbai,Chembur,"Indian, Italian, Chinese",3.7,44,44,44,400,14.54775484
NH1 Bowls - Highway To North,Mumbai,Scruz Bandra East,"North, Indian, Biryani, Combo, Snacks",3.3,45,45,45,250,10.04692404
BOX8 - Desi Meals,Mumbai,Santacruz East,"North, Indian, Biryani, Combo, Snacks",3.7,39,39,39,250,17.07594591
Foodeementals,Mumbai,Scruz Bandra East,Desserts,,48,48,48,450,
LeanCrust Pizza - ThinCrust Experts,Mumbai,Santacruz East,"Pizzas, Italian",3.7,43,43,43,350,11.26473302
Mummas Yummy Bites,Mumbai,Ghatkopar Vikhroli,"Italian, Pizzas, Snacks",,51,51,51,300,
Aarogya Amruttulya,Mumbai,Ghatkopar Vikhroli,"Fast, Food, Street, Food, Beverages",,45,45,45,150,
CHAT CHASKA,Mumbai,Ghatkopar East,Chaat,,46,46,46,100,
Shiv Krupa,Mumbai,Ghatkopar West,"North, Indian",,48,48,48,300,
JAIHIND LUNCH HOME,Mumbai,Santacruz East,Indian,3.6,42,42,42,300,10.96028078
Itminaan Biryani - Dum Pukht,Mumbai,Ghatkopar East,"Biryani, North, Indian, Mughlai",3.7,45,45,45,400,14.54775484
ZAZA 22 Spice Biryani,Mumbai,Kurla,"North, Indian, Biryani, Combo, Snacks",3.8,40,40,40,250,11.56918526
Hotel Sagar,Mumbai,Sion Bhakti Park,Indian,4.3,45,45,45,600,16.90685022
Birdy's,Mumbai,Ghatkopar East,"Desserts, Pastas",4,41,41,41,400,15.72730253
O Cakes,Mumbai,Asalpha,"Desserts, Bakery, Sweets",4.4,38,38,38,300,20.30653027
Shivsagar Sakinaka,Mumbai,Andheri East,"North, Indian, South, Indian, Chinese",4.3,46,46,46,550,16.90685022
Cafe Udipi,Mumbai,Chembur,"Street, Food, North, Indian, Chinese, South, Indian",4.3,45,45,45,500,29.70764555
The Spot,Mumbai,Saki Naka,"Fast, Food",2.8,41,41,41,300,8.524662826
BENJI'S DARBAR,Mumbai,Kurla,"Chinese, North, Indian",,46,46,46,300,
Chinese Food co,Mumbai,Marol Sakinaka,"North, Indian, Chinese, Seafood",,45,45,45,400,
Trupti Farsan,Mumbai,Chembur,"Desserts, Bakery, Chaat",4.4,35,35,35,200,27.35306684
ARANI SNACKS,Mumbai,Scruz Bandra East,"Snacks, Juices",,44,44,44,200,
GetAWhey - Healthy Ice Creams,Mumbai,Kurla,"Desserts, Ice, Cream",,44,44,44,250,
THE SPOT ( SAKINAKA ANDHERI),Mumbai,Saki Naka,"Fast, Food, Snacks",2.8,47,47,47,200,8.524662826
Leo 89 - Chembur (Indian Chinese),Mumbai,Ghatkopar East,"Indian, Chinese",4.2,46,46,46,400,19.38350617
New Shalimar Cold Drink House,Mumbai,Marol Sakinaka,"Desserts, South, Indian, Pizzas, Fast, Food, Juices, Snacks",,44,44,44,120,
Swagat,Mumbai,Asalpha,"Indian, Chinese",4.3,47,47,47,650,16.90685022
Verma Refreshments,Mumbai,Chembur,"Fast, Food, Snacks, Chaat",4.2,41,41,41,100,12.78699424
Fat Panda,Mumbai,Chembur,"Chinese, Indian",,50,50,50,350,
GURUPRASAD BAR & RESTAURANT,Mumbai,Chembur,"Continental, North, Indian, Biryani",,51,51,51,300,
Ribbons and Balloons,Mumbai,Andheri East,Bakery,3.4,40,40,40,300,10.35137629
Asia Kitchen By Mainland China,Mumbai,Powai Area,"Asian, Chinese, Oriental",4.3,55,55,55,850,19.84501822
Sai Gopi Pure Veg,Mumbai,Marol Sakinaka,"Indian, South, Indian, Biryani, Chinese, Combo, Fast, Food",,43,43,43,300,
Supreme Restaurant,Mumbai,Saki Naka,"Lebanese, Turkish, Arabian, Fast, Food, Healthy, Food, Beverages",4.1,45,45,45,400,18.92199412
Celini - Grand Hyatt Mumbai,Mumbai,Bandra Area,"Italian, Continental, North, Indian, Mughlai, Pizzas, Bakery",,61,61,61,1800,
Zoodles,Mumbai,Andheri East,"Fast, Food, Pan-Asian, Chinese, Seafood, Thai, Asian, Desserts",,51,51,51,350,
Modern Kitchen,Mumbai,Asalpha,"Indian, Chinese",,47,47,47,500,
Hotel Sudarshan,Mumbai,Santacruz East,"South, Indian, Indian, Chinese",4.4,38,38,38,400,27.35306684
Meal Studio,Mumbai,Vakola,"North, Indian, Indian, Combo, Desserts, Beverages, Home, Food, Healthy, Food, Thalis, Maharashtrian",4,39,39,39,250,12.17808975
Cafe Kokomo,Mumbai,Scruz Bandra East,"Beverages, Snacks, Desserts, Bakery",5,46,46,46,400,19.65912816
Cakes by Chocolate Heaven,Mumbai,Ghatkopar Vikhroli,"Desserts, Bakery",,50,50,50,200,
Ayans House of kebab,Mumbai,Chembur,"Chinese, Indian",4.1,44,44,44,400,16.12048509
YA HAYYU YA QAYYUM,Mumbai,Marol Sakinaka,"Chinese, Arabian, Indian",,49,49,49,200,
Tara Punjab,Mumbai,Chembur,"North, Indian, Punjabi, Tandoor",3.9,46,46,46,500,11.87363751
Devil's Kitchen,Mumbai,Bkc,"Fast, Food",,47,47,47,200,
Saptami - Holiday Inn,Mumbai,Powai Area,"Continental, Indian, Chinese",4.3,60,60,60,550,13.09144648
Tj's Kitchen,Mumbai,Ghatkopar Vikhroli,"South, Indian, Chinese, Snacks",,48,48,48,300,
Vasanti Vilas,Mumbai,Chembur,"Indian, Chinese",,50,50,50,450,
Greens N Leans,Mumbai,Chembur,"Fast, Food, Keto, Continental, Salads, Mexican, European, Italian, Mediterranean, Combo, Thai, Desserts, Indian, Biryani, Healthy, Food",4.1,42,42,42,300,18.92199412
HOTEL GOPI,Mumbai,Marol Sakinaka,"Chinese, South, Indian, Snacks",,44,44,44,200,
Mainland China,Mumbai,Powai Area,"Chinese, Asian",4.4,57,57,57,850,20.30653027
The Spot.,Mumbai,Saki Naka,"Fast, Food",2.8,46,46,46,500,8.524662826
Haka,Mumbai,Powai Area,"Chinese, Asian, Seafood",4.2,54,54,54,350,19.38350617
IVY RESTAURANT,Mumbai,Chembur,"Chinese, Seafood, Salads, Indian",4.7,47,47,47,1500,18.47958047
Hunger Point,Mumbai,Saki Naka,"Fast, Food",2.7,40,40,40,400,10.61592921
CAFE AYAAN,Mumbai,Marol Sakinaka,Indian,,49,49,49,250,
Hot N Spice,Mumbai,Chembur,"Chinese, Indian, Thalis, Combo",,40,40,40,400,
Garam Masala Rest-O-Bar,Mumbai,Bandra East,"Chinese, North, Indian, Biryani",3.9,47,47,47,500,11.87363751
Ramdeo,Mumbai,Mumbai,"North, Indian, Chinese, South, Indian, Fast, Food",4,44,44,44,450,24.8664244
Jamai Shoshthi,Mumbai,Bandra East,"Bengali, Biryani",4.2,44,44,44,500,26.10974562
Chulah - The Amritsari Dhaba,Mumbai,Chembur,"North, Indian",4.1,50,50,50,400,18.92199412
Achija,Mumbai,Ghatkopar East,"Fast, Food, Snacks",4.1,44,44,44,200,25.48808501
Delish Munchies,Mumbai,Scruz Bandra East,"Street, Food, Fast, Food, Snacks, Beverages",,47,47,47,200,
Supreme Chinese,Mumbai,Saki Naka,"Chinese, North, Indian, Biryani, Thai",3.3,49,49,49,250,15.22989771
New annapurna lunch home,Mumbai,Chembur,"Chinese, Indian",,48,48,48,100,
Medha Malvan,Mumbai,Bandra East,"Seafood, Malwani",3.8,48,48,48,250,11.56918526
Zesty Kitchen,Mumbai,Bandra East,"North, Indian, South, Indian, Mangalorean, Seafood, Malwani, Biryani, Bengali",4,44,44,44,500,18.46048207
Cafe Vrindavan,Mumbai,Sion,"North, Indian, Chinese, South, Indian",4.3,42,42,42,500,19.84501822
Fast Food Corner By Tejal's Kitchen,Mumbai,Santacruz East,"Fast, Food, Continental",,51,51,51,400,
Supreme Biryani,Mumbai,Saki Naka,"Biryani, Chinese",3,48,48,48,200,13.84536155
Modern Lunch Home,Mumbai,Sion,"Chinese, Konkan, North, Indian, Seafood",4.4,47,47,47,600,20.30653027
SK Spice,Mumbai,Saki Naka,"North, Indian, Chinese",3.1,47,47,47,300,12.18865946
Pure Veg Chinese,Mumbai,Saki Naka,"Chinese, Pan-Asian, Indian, Thai",2.9,51,51,51,300,8.829115069
Supreme BBQ Kitchen,Mumbai,Saki Naka,"North, Indian, Chinese, Biryani",3,55,55,55,350,11.7954769
Dosa zone,Mumbai,Scruz Bandra East,"South, Indian",,51,51,51,100,
Kitchen Of Joy,Mumbai,Marol Sakinaka,"Chinese, Tandoor, Grill",,54,54,54,200,
Ravi Juice Center,Mumbai,Bandra East,Indian,,44,44,44,150,
Tejal's Kitchen,Mumbai,Santacruz East,"Gujarati, Rajasthani, Jain",4.4,49,49,49,400,27.35306684
Supreme Pizza Kitchen,Mumbai,Saki Naka,"Pizzas, Italian, Pastas, Chinese",,50,50,50,350,
Liplick Pizzeria,Mumbai,Chembur,"Pizzas, Italian",3.9,46,46,46,200,15.33411997
Chandu Halwai,Mumbai,Ghatkopar West,Sweets,4.4,42,42,42,150,17.30003278
Bombay burgers,Mumbai,sion,"American, Snacks",,47,47,47,300,
Tosita Bakery,Mumbai,Ghatkopar West,Bakery,,50,50,50,200,
Supreme kitchen,Mumbai,Saki Naka,"Indian, Chinese, Pizzas",3.4,49,49,49,350,10.35137629
Supreme Combo's,Mumbai,Saki Naka,"Chinese, Combo",,48,48,48,200,
UTTAR DA PUTTAR,Mumbai,Bandra East,"North, Indian, Indian, Punjabi, Biryani",3.3,45,45,45,500,10.04692404
Jhama Sweets,Mumbai,Ghatkopar,"Sweets, Chaat",4.4,37,37,37,150,20.30653027
S P Burger,Mumbai,Chembur,"Fast, Food, Pizzas",4.2,42,42,42,200,19.38350617
DESI ADDICT'S,Mumbai,Marol Sakinaka,"North, Indian, Chinese, Combo, Desserts",,46,46,46,250,
Siddhivinayak Tiffin,Mumbai,Bandra East,"Indian, Punjabi",4.3,46,46,46,300,16.90685022
Sadguru Veg Diet-(BMC),Mumbai,Chembur,"North, Indian, Fast, Food",4.5,45,45,45,550,27.97472745
Combo Nation,Mumbai,Chembur,"Indian, Chinese, Combo",,53,53,53,200,
Opa! Bar & Cafe,Mumbai,Saki Naka,"Salads, Kebabs, American, Mediterranean, Desserts",4,46,46,46,1000,12.17808975
Hotel Gurukrupa's Mast Malvani,Mumbai,Saki Naka,"Fast, Food, Street, Food, Maharashtrian, Seafood",,55,55,55,300,
UNNATI TADKA HOUSE,Mumbai,Marol Sakinaka,"North, Indian, Indian, Chinese, Biryani",,46,46,46,350,
Lalta Pav Bhaji (Vikrant Circle),Mumbai,Ghatkopar East,"Fast, Food, Chinese, Beverages, Juices",4.3,45,45,45,200,26.73140623
Saavis Magic Kitchen,Mumbai,Scruz Bandra East,"Indian, Fast, Food",,50,50,50,250,
The Pixiu,Mumbai,Scruz Bandra East,Indian,,49,49,49,400,
UNNATI KITCHEN,Mumbai,Marol Sakinaka,"Indian, Chinese, Tandoor",,53,53,53,250,
MEET AND EAT SNACKS CORNER,Mumbai,Marol Sakinaka,"South, Indian",,48,48,48,160,
Rich King,Mumbai,Marol Sakinaka,"North, Indian, Indian, Chinese",,47,47,47,160,
Chilli Bean,Mumbai,Kurla,Chinese,,54,54,54,300,
Kebabville,Mumbai,Chembur,"Kebabs, Lebanese, Fast, Food",,47,47,47,250,
Ministry of Curry,Mumbai,Chembur,"Indian, Chinese",4.6,49,49,49,400,21.22955438
JW Cafe - JW Marriott Mumbai Sahar,Mumbai,Powai Area,"North, Indian, Continental, Asian, European, Desserts",,64,64,64,1200,
Bayroute,Mumbai,Bkc,"Turkish, Mediterranean, Middle, Eastern, Lebanese, Arabian",4.1,63,63,63,1500,18.92199412
Then & Now,Mumbai,Ghatkopar East,"Continental, Mexican, Italian",4.2,51,51,51,400,12.78699424
Celebrations 365,Mumbai,Bandra East,"North, Indian, Chinese, South, Indian, Continental",4.3,42,42,42,400,16.90685022
Pa Pa Ya,Mumbai,Bkc,"Asian, Chinese, Japanese, Pan-Asian, Thai, Sushi, Oriental, Desserts",4,59,59,59,600,18.46048207
MUMBAI CONTINENTAL CHEF,Mumbai,"FDL_Scruz Bandra East	","Italian, Chinese, Snacks",,45,45,45,300,
Manis Cafe,Mumbai,Chembur,"South, Indian",4.5,46,46,46,200,31.08939651
Central Peninsula,Mumbai,Sion,"North, Indian, Chinese, South, Indian",4.4,47,47,47,400,20.30653027
Singh Saab,Mumbai,Chembur,"North, Indian, Chinese, Biryani, Punjabi, Desserts, Pan-Asian, Tandoor, Combo, Beverages, Indian, Grill",4.1,50,50,50,600,28.3258946
Tafe Terrace Cafe,Mumbai,Chembur,"Asian, Continental, Italian, Desserts",4.4,53,53,53,280,13.39589873
One By Two,Mumbai,Chembur,Chinese,4.2,44,44,44,100,19.38350617
Bharat Cafe,Mumbai,Ghatkopar West,"Indian, Chinese, Beverages",4,46,46,46,600,18.46048207
The Chocolate heaven,Mumbai,Ghatkopar East,"Desserts, Italian, Snacks",3.9,45,45,45,300,15.33411997
Gupta Bhelpuri Center,Mumbai,Bandra East,Chaat,,52,52,52,200,
NIVALA APKA APNA,Mumbai,Andheri East,"North, Indian, Chinese, Indian",5,48,48,48,200,15.22261219
Krishna Cafe,Mumbai,Ghatkopar East,"Fast, Food, Continental",,54,54,54,200,
Pizza Terracotta,Mumbai,Chembur,"Pizzas, Fast, Food, Snacks, Italian",4.1,56,56,56,400,12.48254199
FRYDAY THE 13TH,Mumbai,Chembur,"Fast, Food, Snacks, Italian",3.9,49,49,49,200,11.87363751
The Chocolate Room,Mumbai,Ghatkopar East,"Fast, Food, Desserts, Italian, Mexican",3.9,48,48,48,250,11.87363751
7th Heaven,Mumbai,Station Road Ghatkopar West,"Bakery, Desserts",,52,52,52,105,
Shree Ram Juice Centre,Mumbai,Ghatkopar West,"Fast, Food, Juices",3.6,49,49,49,300,10.96028078
Green Chatni Food,Mumbai,Ghatkopar West,"North, Indian, Chinese, Tandoor",,54,54,54,300,
Kitchen Garden by Suzette,Mumbai,Bandra Area,"Snacks, Beverages",4.6,60,60,60,1100,21.22955438
Bistro89,Mumbai,Chembur,"Indian, Italian, Chinese",,45,45,45,400,
Its Shawarma,Mumbai,Chembur,"Lebanese, Kebabs, Salads, Healthy, Food",,48,48,48,250,
BHAIRAVNATH ICE CREAM AND SANDWICH CORNER,Mumbai,Bandra Area,"Ice, Cream",,51,51,51,200,
SAKI DARBAR,Mumbai,Marol Sakinaka,"Indian, Mughlai, Tandoor, Chinese",,55,55,55,300,
KETO COP,Mumbai,Chembur,"Keto, Indian, Italian, Continental, Snacks",4,51,51,51,200,18.46048207
MIND THE GAP BURGERS,Mumbai,Chembur,"Fast, Food, Snacks, American",4,58,58,58,200,15.72730253
Hotel Sunny,Mumbai,Kurla,"Indian, Thalis",4.4,43,43,43,700,20.30653027
Sunil Sandwich and Gaurav Juice Centre,Mumbai,Ghatkopar East,"Fast, Food",4.3,47,47,47,200,16.90685022
Blossom (Vikrant Circle),Mumbai,Ghatkopar East,Snacks,4.2,45,45,45,800,19.38350617
FRYEO,Mumbai,Ghatkopar,"Beverages, Ice, Cream, Continental",,49,49,49,300,
Oasiss Cakes & IceCreams,Mumbai,Ghatkopar East,"Ice, Cream, Desserts, Bakery",3.9,42,42,42,150,15.33411997
Bina's Fresh Batch Homemade Ice cream,Mumbai,Chembur,"Desserts, Ice, Cream",,42,42,42,900,
Hotel New Jose,Mumbai,Kurla,"Indian, Chinese",,56,56,56,400,
Sion Restaurant and Stores,Mumbai,Sion,"Indian, Tandoor, Chinese, Mughlai",4,43,43,43,300,12.17808975
Chembur Gymkhana (Phase 1),Mumbai,Chembur,Indian,4.2,52,52,52,400,29.01677007
Ratnagiri Restaurant & Bar,Mumbai,Chembur,"Indian, Chinese, Coastal, Malwani",4.3,45,45,45,600,19.84501822
Orange Cakes and Bakers,Mumbai,Marol Sakinaka,"Bakery, Desserts",4.1,48,48,48,500,18.92199412
Say Cheese,Mumbai,Ghatkopar East,"Fast, Food, Snacks, Italian, Chinese, Pizzas, Combo",4.1,48,48,48,250,18.92199412
Jeevan Boarding House,Mumbai,Chembur,"Thalis, Indian",4.5,42,42,42,150,20.76804233
MERWANS CAKE STOP,Mumbai,Santacruz East,"Bakery, Desserts",4.5,40,40,40,400,27.97472745
Aamra Bangali By Ranjana's Rannaghor,Mumbai,Powai,"Bengali, Mughlai",3.8,48,48,48,200,14.9409374
Ranjana's Rannaghor - The Bengali Kitchen,Mumbai,Powai,"Bengali, North, Indian, Biryani, Mughlai, Indian, Desserts, Seafood, Snacks, Beverages, Tandoor, Kebabs, Afghani, Thalis, Combo, Barbecue",4,47,47,47,200,18.46048207
Mahavir Sweets And Farsan,Mumbai,Ghatkopar Vikhroli,"Desserts, Snacks, Sweets",,50,50,50,200,
RV's Juice and Snacks,Mumbai,Chembur,"Juices, Snacks",,45,45,45,200,
Mahesh Lunch Home,Mumbai,Powai Area,"Seafood, Chinese, Mangalorean, Biryani",4.3,58,58,58,900,19.84501822
SURTI EGG,Mumbai,Scruz Bandra East,"Indian, Snacks",,45,45,45,500,
RK Wine and Dine,Mumbai,Ghatkopar West,"Mughlai, North, Indian, Chinese",4.3,53,53,53,700,19.84501822
C SQUARE CHAT CAFE,Mumbai,Chembur,"Chaat, Snacks, Fast, Food",4,48,48,48,200,18.46048207
Sion Lunch Home,Mumbai,Sion,"Mangalorean, Chinese, North, Indian, Seafood",4.4,45,45,45,450,20.30653027
Aparna,Mumbai,Sion,"Mughlai, North, Indian, Chinese, South, Indian",4.5,50,50,50,750,17.69321535
Pizzas Etc,Mumbai,Ghatkopar East,"Italian, Jain, Fast, Food",4.3,48,48,48,600,16.90685022
THE K COMPANY,Mumbai,Chembur,"Indian, Seafood",,49,49,49,500,
The Dessert Cake,Mumbai,Scruz Bandra East,"Bakery, Desserts",,46,46,46,700,
TULIIP'S KITCHEN,Mumbai,Powai,"Thalis, Biryani",,54,54,54,200,
Mexibay- Burritos & More,Mumbai,Bandra East,"Mexican, Healthy, Food, Desserts, Beverages, Fast, Food, Combo",4.2,51,51,51,400,19.38350617
SIP N DINE BAR AND RESTAURANT,Mumbai,Sion,"Indian, Biryani, Seafood, Chinese, Kebabs",,55,55,55,700,
A 1 Ice Creams,Mumbai,Ghatkopar West,"Desserts, Ice, Cream",4.5,41,41,41,200,13.70035097
FoodPost,Mumbai,Andheri East,"Chinese, Indian",4.1,46,46,46,300,18.92199412
Akkad bakkad bombay boom,Mumbai,Sion Bhakti Park,"Snacks, Italian, Pizzas",4.5,52,52,52,250,13.70035097
Le Cafe (Jewel of Chembur),Mumbai,Chembur,"Mediterranean, Chinese, European, Continental, Lebanese, Italian",4.3,52,52,52,1200,19.84501822
Kusum rolls,Mumbai,Andheri East,Indian,3.8,46,46,46,200,14.9409374
INOX,Mumbai,Ghatkopar East,"Fast, Food",,53,53,53,400,
BouganVilla,Mumbai,Ghatkopar East,"Italian, Mexican, Indian",4.4,51,51,51,1500,17.30003278
Meghdoot,Mumbai,Ghatkopar West,"North, Indian, Chinese, Continental",4.5,50,50,50,850,17.69321535
Hurrem's Turkish Baklava & Confectionery,Mumbai,Scruz Bandra East,Turkish,,47,47,47,1600,
Quick Bite Fast Food and Juice,Mumbai,Ghatkopar Vikhroli,"Chinese, Continental, South, Indian, North, Indian",,50,50,50,350,
Shalimar,Mumbai,Powai Area,"Indian, Chinese",4.1,57,57,57,700,18.92199412
Roots Of India,Mumbai,Powai Area,"North, Indian, Chinese, Biryani, Kebabs, Mughlai, Asian, Oriental",4,53,53,53,1000,15.72730253
Chimichurri - All Day Asian Diner,Mumbai,Powai Area,"Asian, Japanese",4.4,57,57,57,1300,20.30653027
Nino Burgers,Mumbai,Powai Area,"American, Snacks",4.5,54,54,54,700,17.69321535
Winner Pizza (Fresh Dough),Mumbai,Matunga Wadala,"Pizzas, Italian, Desserts, Beverages",,48,48,48,400,
Miami Shakes & More,Mumbai,Matunga Wadala,"Desserts, Beverages",,46,46,46,300,
Amar Juice Centre,Mumbai,Andheri East,"Indian, Chinese",4.2,43,43,43,550,26.10974562
Jenny's Brownies,Mumbai,Matunga Wadala,"Desserts, Beverages",,52,52,52,300,
Asha's Kitchen,Mumbai,Dharavi,"Chinese, South, Indian",,50,50,50,150,
Souffle Cake Shop Sion,Mumbai,Matunga Wadala,Bakery,,48,48,48,200,
The Chums,Mumbai,Marol,"Fast, Food, Chinese, Beverages",,55,55,55,200,
Kisan Dosawala,Mumbai,Sion,"South, Indian",4.4,47,47,47,300,13.39589873
Neo Welcome Restaurant,Mumbai,Ghatkopar West,"North, Indian, Chinese, Beverages, South, Indian, Fast, Food",4.3,45,45,45,300,26.73140623
Narayan Sandwich House,Mumbai,Andheri East,"Healthy, Food, Fast, Food, Snacks",4.3,47,47,47,250,26.73140623
Tortaa cake shop,Mumbai,Sion,"Bakery, Desserts",,51,51,51,500,
Hybrid Theory Cafe & Bistro (Coffee Pizza Pasta sandwiches burgers & more),Mumbai,Andheri East,"Continental, Pastas, Pizzas, Snacks, Beverages",3.9,53,53,53,450,11.87363751
Maharana Kamath,Mumbai,Chembur,"Street, Food, North, Indian, Chinese, Gujarati, South, Indian, Beverages",4.1,44,44,44,300,28.3258946
Cafe Quba,Mumbai,Chembur,"Chinese, Indian, North, Indian",4.1,45,45,45,400,28.3258946
Zaika,Mumbai,Chembur,"Mughlai, North, Indian, Chinese, Biryani",3.9,51,51,51,250,26.94414364
Scoop - Premium Italian Ice cream,Mumbai,Ghatkopar East,"Ice, Cream, Desserts, Beverages, Italian",4.1,45,45,45,150,16.12048509
Marrakesh,Mumbai,Marol Sakinaka,"Lebanese, North, Eastern, Kebabs, Mughlai, Fast, Food, Biryani, Desserts, Beverages, Indian, Combo",4.1,52,52,52,300,25.48808501
Amul Ice Cream Parlour,Mumbai,Chembur,"Ice, Cream",4.5,40,40,40,200,17.69321535
Kilo King by kook,Mumbai,Chembur,"Indian, Chinese",,50,50,50,500,
Gupta BhelPuri Stall,Mumbai,Chembur,Chaat,,46,46,46,100,
Vaishali Garden Restaurant,Mumbai,Chembur,"South, Indian, Indian, North, Indian, Chinese, Biryani, Tandoor",4.3,46,46,46,600,16.90685022
Biryaniwala & Co - By Singh Saab,Mumbai,Chembur,"North, Indian, Biryani, Tandoor",3.8,51,51,51,300,11.56918526
Sweet secret,Mumbai,Ghatkopar East,"Bakery, Desserts",,54,54,54,500,
The Stone Pizza,Mumbai,Chembur,"Pizzas, Pastas",,48,48,48,400,
Santa Fe Burgers,Mumbai,Chembur,"Pizzas, Pastas, Fast, Food",,54,54,54,400,
Mamledar Misal,Mumbai,Chembur,Maharashtrian,4.2,41,41,41,150,29.01677007
spycey kitchen,Mumbai,Chembur,"Indian, Beverages",,48,48,48,350,
Big Shakes,Mumbai,Chembur,"Beverages, Snacks",,48,48,48,300,
Koolers,Mumbai,Chembur,Chinese,4,50,50,50,400,12.17808975
Malvan Tadka,Mumbai,Chembur,"North, Indian, Chinese, Malwani, Maharashtrian",4.2,56,56,56,250,16.51366766
Bismillah Restaurant,Mumbai,Powai,"Indian, North, Indian",,48,48,48,500,
Forks and Spoons (Gourmet Chinese & Thai),Mumbai,PowaiAndheri East,"Chinese, Thai, Pan-Asian, Oriental, Beverages, Snacks, Seafood, Mughlai, Tibetan, Combo, European, Turkish, Asian, British, Salads, German",4.1,48,48,48,200,18.92199412
SPICE OF LIFE,Mumbai,Santacruz East,"Chinese, Continental",,55,55,55,200,
Grameen Kulfi,Mumbai,Bandra East,"Ice, Cream, Desserts",4.4,38,38,38,120,17.30003278
Wah Malvan,Mumbai,Matunga Wadala,"North, Indian",,57,57,57,299,
Yogi's Kitchen,Mumbai,Chembur,"Indian, Chinese, Tandoor",4.5,52,52,52,1000,13.70035097
Tunga Darbar,Mumbai,Powai,"North, Indian, Chinese, Combo, Biryani",3.4,49,49,49,300,10.35137629
Cafe Istaa,Mumbai,Sion,Italian,4.2,48,48,48,300,12.78699424
Stars Parade,Mumbai,Chembur,"Indian, Chinese, Thai",4.4,47,47,47,700,20.30653027
Juice Mantra,Mumbai,Chembur,"Beverages, Juices, Fast, Food",,44,44,44,300,
THE MASTERPIECE,Mumbai,Andheri East,Chinese,,51,51,51,300,
Big Binge Co,Mumbai,Santacruz Bandra East,"Asian, Mexican, Snacks, Fast, Food",4.7,53,53,53,100,14.30925546
Rollicious,Mumbai,Powai,"Fast, Food",,57,57,57,250,
Kerala Palace,Mumbai,Chembur,"Kerala, South, Indian, Indian, Biryani",4.3,50,50,50,350,26.73140623
Fresh Needs,Mumbai,Powai,Indian,,52,52,52,80,
The Bar Stock Exchange,Mumbai,Marol Sakinaka,"North, Indian, Mexican, Continental, Italian",,59,59,59,1300,
Babu Moshai - The Bong Foodie,Mumbai,Powai,"Bengali, Kebabs, Mughlai, Biryani, North, Indian, Fast, Food, Beverages, Indian",3.3,47,47,47,200,12.97502459
Shree Sadguru's Pure Veg Restaurant,Mumbai,Ghatkopar East,"Indian, Chinese, South, Indian, Fast, Food",4,50,50,50,350,18.46048207
Cheese on Fire,Mumbai,Ghatkopar East,Snacks,,50,50,50,300,
Bhagat Tarachand,Mumbai,Ghatkopar East,"North, Indian",4.1,50,50,50,300,25.48808501
Rajhans Dining ( Ornament ),Mumbai,Chembur,"Indian, Chinese",,57,57,57,700,
Food And You,Mumbai,Chembur,"Beverages, Fast, Food, Juices",,56,56,56,300,
Vannakkam Pure Veg,Mumbai,Chembur,"South, Indian, North, Indian",3.8,46,46,46,300,14.9409374
Dhekurr,Mumbai,Powai,"Bengali, Mughlai",3.5,51,51,51,250,13.76138971
Desi Chinese Adda,Mumbai,Powai,"Chinese, Fast, Food",,49,49,49,250,
Blend N Brew,Mumbai,Chembur,"Indian, Chinese, North, Indian, Tandoor, Biryani, Kebabs, Punjabi",4.3,49,49,49,800,16.90685022
Chinese Culture - By Singh Saab,Mumbai,Chembur,Chinese,4,54,54,54,500,15.72730253
Hanuman Restaurant,Mumbai,Mumbai,"Street, Food, North, Indian, Chinese, South, Indian, Fast, Food",4.5,45,45,45,700,20.76804233
Wah Maratha,Mumbai,Matunga Wadala,Indian,,57,57,57,199,
MR Chinese,Mumbai,Chembur,Chinese,,50,50,50,250,
KHANPAN,Mumbai,Chembur,"Indian, Chinese, Tandoor",,47,47,47,400,
East End Deli,Mumbai,Chembur,"Beverages, Desserts",4.4,52,52,52,400,20.30653027
Hotel Grand Central,Mumbai,Chembur,"North, Indian, Chinese, Seafood, Biryani, Asian",4.5,48,48,48,1100,20.76804233
Oriental Dream- The Asian Cuisine,Mumbai,Powai,"Chinese, Pan-Asian, Fast, Food, Beverages",,53,53,53,200,
CAFE HEAVEN,Mumbai,Powai,"Indian, Chinese, Tandoor, Biryani, Combo",3.9,51,51,51,300,11.87363751
Mr. Baker,Mumbai,Garodia Nagar,Bakery,,51,51,51,100,
Peninsula Next,Mumbai,Sion,"North, Indian, Chinese, Mexican",4.4,48,48,48,1300,17.30003278
Via Bombay (Jewel of Chembur),Mumbai,Chembur,"Indian, Asian, Oriental, Tandoor, Biryani, Desserts",4.3,55,55,55,1000,16.90685022
Pavilion,Mumbai,Ghatkopar East,"North, Indian, Chinese",4.3,50,50,50,550,16.90685022
Tangra House - Food of Kolkata,Mumbai,Powai,"Bengali, Chinese, Mughlai, Snacks",,48,48,48,300,
Bombay Popsicles,Mumbai,Sion,"Ice, Cream",,49,49,49,200,
Samosa Singh,Mumbai,Saki Naka,"North, Indian, Fast, Food, Snacks, Desserts, Beverages, Street, Food, Combo",4.1,49,49,49,100,18.92199412
Garnish,Mumbai,Chembur,"Chinese, Indian, Malwani",,52,52,52,600,
Wendy's,Mumbai,Saki Naka,American,4.2,51,51,51,400,26.10974562
R Bhagat Tarrachand,Mumbai,Powai,"North, Indian, Mughlai, Street, Food, Biryani, Home, Food, Kebabs, Punjabi, Sindhi",4.2,49,49,49,300,29.01677007
Junos Pizza,Mumbai,Ghatkopar East,"Pizzas, Pastas, Italian",4,47,47,47,1000,18.46048207
Only Parathas ( Pure Veg ),Mumbai,Bandra East,"Street, Food, North, Indian",4.3,48,48,48,200,19.84501822
Top Chinese Fast  Food,Mumbai,Asalpha,Indian,,54,54,54,250,
Grandmama's Cafe,Mumbai,Chembur,"American, Italian, Continental, Indian",4.2,47,47,47,900,19.38350617
Burma Burma,Mumbai,Santacruz East,"Asian, Burmese",4.6,52,52,52,1000,21.22955438
Chef Kitchen,Mumbai,Sion,"Indian, Chinese",3.8,59,59,59,500,11.56918526
Donut Hub,Mumbai,Matunga Wadala,Desserts,,49,49,49,250,
CHINE DINE,Mumbai,Andheri East,"Chinese, Thai, North, Indian, Biryani, South, Indian, Maharashtrian, Snacks, Combo",3.7,56,56,56,350,17.07594591
Amey,Mumbai,Bandra East,"North, Indian, Chinese, South, Indian, Fast, Food",4.3,46,46,46,250,19.84501822
Vijay Stores,Mumbai,Santacruz East,"Snacks, Sweets",4.3,40,40,40,200,19.84501822
Only Bhuna,Mumbai,Sion,"North, Indian",,57,57,57,400,
AAI'S KITCHEN,Mumbai,Ghatkopar Vikhroli,"North, Indian, Biryani",,60,60,60,350,
Vijay Bhelpuri,Mumbai,Chembur,Snacks,,45,45,45,200,
Momo Maniacs,Mumbai,Chembur,Chinese,4,47,47,47,300,15.72730253
Grand,Mumbai,Santacruz East,"North, Indian, Chinese, Mughlai, Tandoor, Seafood",4.4,50,50,50,500,13.39589873
Khichdi Wala,Mumbai,Chembur,"Indian, Home, Food, North, Indian",3.9,45,45,45,150,15.33411997
The White Barn,Mumbai,Andheri East,"American, Fast, Food, Indian, Pastas, Chinese, Kebabs, Biryani, Desserts",4.4,58,58,58,750,13.39589873
Black Rose Falooda and Icecreams,Mumbai,Powai,"Ice, Cream, Desserts",,51,51,51,150,
Raj Restaurant,Mumbai,Chembur,"Indian, Chinese",4.3,54,54,54,700,29.70764555
R Steam Hot,Mumbai,Ghatkopar East,Continental,4.2,51,51,51,500,19.38350617
Food Villa,Mumbai,Chembur,"Bakery, Desserts",4.2,48,48,48,300,26.10974562
Shabari,Mumbai,Mumbai,"North, Indian, South, Indian, Fast, Food",3.9,48,48,48,400,17.99897002
Indigo Potmeal Project,Mumbai,Marol Sakinaka,"Indian, Chinese",,51,51,51,500,
Unicon Family Restaurant,Mumbai,Marol Sakinaka,"North, Indian, Chinese, Mughlai, Biryani",,48,48,48,550,
M. S. Snacks Center,Mumbai,Chembur,"Chinese, Indian, Snacks",,57,57,57,350,
ANHAD MISAL,Mumbai,Ghatkopar Vikhroli,"Street, Food, Maharashtrian",3.8,47,47,47,200,17.53745796
Diptales,Mumbai,Ghatkopar Vikhroli,"Desserts, Bakery",,53,53,53,200,
The juice box,Mumbai,Chembur,"Juices, Beverages",4.5,56,56,56,299,13.70035097
Indigo Hindustani Project,Mumbai,Marol Sakinaka,"Chinese, Indian",,51,51,51,500,
Yug Family Restaurant,Mumbai,Chembur,"Indian, Chinese",,47,47,47,500,
Blossom - The Fusion Spot (Odeon),Mumbai,Ghatkopar East,"North, Indian",3.6,52,52,52,750,10.96028078
Bong Bong,Mumbai,Powai,"Pan-Asian, Thai, Chinese, Mughlai, Snacks",,58,58,58,500,
Seven Seven,Mumbai,Sion,"Italian, Chinese, Fast, Food",3.9,51,51,51,650,11.87363751
Dairy Don,Mumbai,Ghatkopar East,"Desserts, Beverages",4.8,43,43,43,200,14.6137077
Indigo Asian Project,Mumbai,Marol Sakinaka,"Chinese, Indian",,49,49,49,500,
Indigo Italiano Project,Mumbai,Marol Sakinaka,"Pizzas, Pastas",,50,50,50,1000,
Indigo Burger Project,Mumbai,Andheri East,American,4.4,52,52,52,350,20.30653027
Sri Krishna Sweets,Mumbai,Chembur,Sweets,4.4,44,44,44,200,20.30653027
BFF Bombay French Fries,Mumbai,Ghatkopar Vikhroli,"Continental, Desserts, Beverages, Snacks",,55,55,55,300,
The Healthy Farm Juice Center,Mumbai,Powai,"Juices, Beverages",4.3,50,50,50,180,19.84501822
Koliwada Chicken & Fish fry Corner,Mumbai,Sion,"Indian, Chinese",3.4,46,46,46,300,15.69140976
Chembur cafe & hotel,Mumbai,Chembur,"Chinese, Indian, Seafood, Biryani, Beverages, Desserts",,49,49,49,300,
Cafe Jethwa Food Corner,Mumbai,Ghatkopar East,"Continental, Beverages",,55,55,55,300,
Seven Spices Fast Food,Mumbai,Ghatkopar East,"Snacks, Fast, Food, Indian, Chinese, Jain",4.2,48,48,48,100,12.78699424
Gopal Krishna Veg,Mumbai,Santacruz East,"South, Indian, Chinese, Beverages, North, Eastern, Continental, Juices, Desserts",4.3,47,47,47,300,19.84501822
Cheelizza- India Ka Pizza,Mumbai,Asalpha,"Italian, Fast, Food, Chinese, Desserts, Pizzas",4.2,53,53,53,500,26.10974562
Lucky Restaurant (Chembur),Mumbai,Chembur,"Biryani, North, Indian, Kebabs, Chinese",4.3,49,49,49,500,19.84501822
HotelCafe rahat,Mumbai,Dharavi,Indian,3.9,49,49,49,350,17.99897002
Laxman's Om Vada Pav,Mumbai,Ghatkopar East,"Fast, Food, Snacks",4.4,52,52,52,100,27.35306684
DP's Fast Food Centre,Mumbai,Ghatkopar West,"South, Indian, Chinese, Fast, Food",4,51,51,51,250,24.8664244
TASTINGS,Mumbai,Chembur,"Bakery, Indian",,50,50,50,300,
Mangalore Tadka,Mumbai,Powai,"Chinese, Seafood, South, Indian",4.3,50,50,50,500,29.70764555
The Bowl Project,Mumbai,Powai,"Oriental, Italian-American, Indian, Asian",4.1,47,47,47,650,16.12048509
"POOJARI PAV	BHAJI",Mumbai,Sion,"Fast, Food",4,51,51,51,150,12.17808975
Ulta Tawa,Mumbai,Scruz Bandra East,Indian,,52,52,52,250,
Fast Food Corner - Tejal's Kitchen,Mumbai,Andheri East,"Fast, Food, Continental",,56,56,56,250,
Food Trotters,Mumbai,Marol Sakinaka,"American, Continental, Italian, Fast, Food",,60,60,60,350,
Punjab heritage,Mumbai,Andheri East,"North, Indian",,54,54,54,300,
GUPTA'S SNACKHUB,Mumbai,Bandra East,"Beverages, Juices, Fast, Food, Snacks",,48,48,48,300,
Aamchi mumbai snacks,Mumbai,Powai,"Fast, Food",4.2,46,46,46,200,19.38350617
MBA In Khichdi,Mumbai,Andheri East,"Home, Food, Indian, North, Indian",4.1,51,51,51,300,12.48254199
Radha Krishna Sweets,Mumbai,Santacruz East,"Sweets, Fast, Food, Snacks",4.2,45,45,45,200,19.38350617
Punjabi Roots,Mumbai,Powai,"North, Indian, Biryani, Kebabs, Chinese, Punjabi, Combo, Thalis, Desserts, Sweets, Beverages",,57,57,57,250,
Boston Breadz,Mumbai,Powai,"American, Fast, Food, Snacks",3.9,51,51,51,400,17.99897002
Krishna Lunch Home,Mumbai,Chembur,"North, Indian, Chinese, South, Indian, Seafood",,57,57,57,500,
Shree Prasad,Mumbai,Chembur,"North, Indian, Chinese, Mughlai",4.4,53,53,53,300,17.30003278
Bolo Tara Rara,Mumbai,Andheri East,"North, Indian, Punjabi",4,54,54,54,500,15.72730253
180 Bistro,Mumbai,Andheri East,"Indian, Beverages, Biryani, Fast, Food",,58,58,58,500,
Badmash Biryani,Mumbai,Andheri East,"Biryani, Mughlai",3.6,49,49,49,350,14.15457228
Sai krupa bhelpuri house,Mumbai,Santacruz East,"Chaat, Fast, Food",4.2,46,46,46,150,19.38350617
Foodcosta,Mumbai,Sion,"Continental, Italian, Pizzas, South, Indian, Beverages, Snacks",,57,57,57,350,
99 Pancakes,Mumbai,Andheri East,"Desserts, Beverages",4.4,45,45,45,300,17.30003278
Hot Lee Chinese,Mumbai,Marol Sakinaka,"Chinese, Asian",3.7,49,49,49,400,17.07594591
New Food Inn,Mumbai,Andheri East,"Indian, Chinese",4,47,47,47,300,18.46048207
ALL FRUITS JUICE,Mumbai,Chembur,"Beverages, Juices",,55,55,55,300,
Shiv Sai Bhelpuri,Mumbai,Santacruz East,"Fast, Food",,49,49,49,300,
Hoddogs,Mumbai,Powai,"American, Fast, Food",3.7,50,50,50,250,14.54775484
Biryani Hazir Ho,Mumbai,Andheri East,"Biryani, Mughlai",4.1,50,50,50,400,12.48254199
Idlis and more,Mumbai,Powai,"Snacks, South, Indian, Beverages",,53,53,53,140,
Bake N Nuts,Mumbai,Santacruz East,Desserts,,51,51,51,450,
Sai Krupa Sandwiches & Snacks Centre,Mumbai,Santacruz East,"Fast, Food, Snacks",4.3,46,46,46,200,13.09144648
Vaayu Foods O-Cakes,Mumbai,Marol Sakinaka,"Bakery, Desserts",,49,49,49,500,
New Banglore Iyengars Bakery,Mumbai,Chembur,"Bakery, Snacks",,47,47,47,400,
Foodie Central,Mumbai,Powai,"Fast, Food, Snacks",4.3,51,51,51,300,13.09144648
Sudarshan Lunch Home,Mumbai,Dharavi,"Indian, Tandoor, indian",,51,51,51,350,
Brijwasi Sweets Original Since 1946 - GD Group,Mumbai,Ghatkopar East,"Desserts, Sweets",4.1,45,45,45,250,18.92199412
Brasserie1935,Mumbai,Bandra Area,"North, Indian, Chinese, Continental, Pizzas, Salads",4.4,55,55,55,600,13.39589873
MomoGuy,Mumbai,Andheri East,"Tibetan, Chinese",3.9,52,52,52,400,17.99897002
SECOND HOUSE KITCHEN,Mumbai,Santacruz East,"Italian, Salads, Fast, Food, Chinese",,50,50,50,400,
Sufi Darbar Restaurant,Mumbai,Marol Sakinaka,"Chinese, Mughlai",,52,52,52,300,
The Momo Factory,Mumbai,Andheri East,Chinese,3.1,55,55,55,150,9.438019557
Devi Prasad,Mumbai,Bandra East,"Chinese, North, Indian",,50,50,50,450,
Chembur Fast Food,Mumbai,Chembur,"Chinese, North, Indian",3.9,50,50,50,300,15.33411997
Hakka Express,Mumbai,Powai,"Chinese, Asian, Thai",4,48,48,48,300,18.46048207
Ganesh Chinese dhaba,Mumbai,Matunga Wadala,Chinese,,59,59,59,200,
Jeden the cake expert,Mumbai,Chembur,"Desserts, Bakery, Juices",4.2,43,43,43,300,19.38350617
Singh Grill Chaap,Mumbai,Chembur,"Indian, Tandoor, Punjabi, Biryani, North, Indian",4.1,49,49,49,400,18.92199412
Food Rush,Mumbai,Andheri East,"Mughlai, North, Indian, Chinese",4,52,52,52,550,24.8664244
Lamba,Mumbai,Chembur,"North, Indian, Chinese, Biryani, Tandoor",4.2,51,51,51,600,19.38350617
Pizza Caprina,Mumbai,Chembur,"Pizzas, Fast, Food",4,47,47,47,600,24.8664244
Vaishno Punjab,Mumbai,Chembur,"Thalis, North, Indian",4.2,54,54,54,250,19.38350617
KHWAJA GARIB NAWAZ,Mumbai,Ghatkopar Vikhroli,Arabian,,57,57,57,250,
The Golden Wok,Mumbai,Chembur,"Chinese, Seafood",4.2,48,48,48,1200,16.51366766
Ice Cream Works,Mumbai,Kailash Plaza,"Ice, Cream, Desserts",,52,52,52,300,
Srirang Foods,Mumbai,Santacruz East,Indian,4.7,52,52,52,300,14.30925546
Bite Cafe,Mumbai,Marol Sakinaka,"Chinese, Pizzas, Fast, Food",,52,52,52,100,
Momo Bao Dimsum By Golden Wok,Mumbai,Chembur,"Chinese, Seafood",,57,57,57,400,
THE FOOD MANIAC,Mumbai,Chembur,"Chinese, Indian, South, Indian, Snacks, Beverages",,56,56,56,200,
Deepa,Mumbai,Ghatkopar West,"Hyderabadi, North, Indian, Tandoor, Chinese",4.2,56,56,56,400,12.78699424
Festa Della Pizza,Mumbai,Chembur,"Italian, Pizzas",,48,48,48,750,
London Dairy,Mumbai,Chembur,"Ice, Cream",,45,45,45,200,
MASOLI BAZAAR,Mumbai,Chembur,"North, Indian, Chinese",,56,56,56,200,
Golden Wave Restaurant,Mumbai,Santacruz East,"North, Indian, Chinese, Continental",,56,56,56,1000,
LSD - Love Sugar & Dough,Mumbai,Ghatkopar East,"Bakery, Desserts, Beverages",3.8,45,45,45,200,14.9409374
Granville Greens,Mumbai,Ghatkopar East,"South, Indian, Chinese, Italian, Fast, Food, Mexican, North, Indian",4.4,53,53,53,400,27.35306684
Annai Dosa Corner,Mumbai,Dharavi,"South, Indian",,55,55,55,300,
T3 TASTY TREAT TOWN FAMILY RESTAURANT,Mumbai,Ghatkopar East,"Biryani, Tandoor, Indian, North, Indian",,57,57,57,400,
Uttam Da Dhaba,Mumbai,Andheri East,"North, Indian, Chinese, Seafood, Combo",4.3,56,56,56,550,19.84501822
FreshMenu,Mumbai,Andheri East,"Chinese, Continental, Italian, Mediterranean, Thai, Lebanese, American, Asian, Beverages, Bakery, Biryani, Desserts, Mexican, North, Indian, Salads, Pizzas",4.1,52,52,52,250,25.48808501
Khichdi Experiment,Mumbai,Sakivihar,"Home, Food, Indian, Healthy, Food, North, Indian, Snacks, Maharashtrian, Sweets, South, Indian, Combo, Desserts, Beverages, Kebabs",4.3,49,49,49,250,19.84501822
Eva's Pizza,Mumbai,Andheri East,"Pizzas, Italian, Salads",4,50,50,50,500,18.46048207
Nothing But Chicken,Mumbai,Chembur,"Salads, Raw, meats",4.4,43,43,43,400,27.35306684
Littoo - Pure Veg,Mumbai,Andheri East,"Snacks, Fast, Food, Bihari, North, Eastern, Thalis, Desserts, Beverages",4.2,60,60,60,200,19.38350617
24 Pizza Factory,Mumbai,Powai,Pizzas,,53,53,53,400,
Foodie DineOut,Mumbai,Andheri East,"Chinese, Indian, Tandoor, Italian, Continental, Pizzas",,52,52,52,350,
The Sugar Free Keto Kafe - By Artinci,Mumbai,Chembur,"Healthy, Food, Keto, Beverages, Snacks, Ice, Cream",4.5,52,52,52,250,13.70035097
Smoodies,Mumbai,Andheri East,"Snacks, Healthy, Food, Juices, Beverages, Desserts",4.2,52,52,52,140,16.51366766
APEKSHA TEA AND SNACKS,Mumbai,Sion Bhakti Park,"Fast, Food, Pizzas, Snacks",,52,52,52,140,
HB Brownies,Mumbai,Andheri East,"Bakery, Desserts, Sweets",,53,53,53,300,
Kings Snack Bar,Mumbai,Chembur,"Mughlai, North, Indian, Chinese",3.9,53,53,53,500,17.99897002
Paratha Experiment,Mumbai,Sakivihar,"North, Indian, Punjabi, Home, Food, Indian, Snacks, Combo, Desserts, Beverages, South, Indian, Continental, Chettinad, Healthy, Food, Chinese, Sweets",4.2,53,53,53,200,12.78699424
Cafe New Ajwa Marol,Mumbai,Andheri East,"North, Indian, Mughlai, Chinese, Fast, Food, Desserts",4,53,53,53,300,18.46048207
CLEVER CHINESE,Mumbai,Andheri East,"Indian, Chinese",4.1,53,53,53,200,16.12048509
BOMBAY TADKA HOUSE,Mumbai,Sion Bhakti Park,Chinese,,52,52,52,250,
Roasters by Radisson Blu,Mumbai,Andheri East,"Indian, Chinese, Continental, Pizzas, Biryani, Bakery",,62,62,62,400,
MOMO'S MEALBOX,Mumbai,Chembur,"Chinese, Snacks, Beverages",,52,52,52,300,
THE SPICY,Mumbai,Sion Bhakti Park,"Indian, Chinese, Biryani",,52,52,52,200,
ANNA CAFES,Mumbai,Sion Bhakti Park,"Italian, Fast, Food",,52,52,52,260,
EAT REPEAT,Mumbai,Sion Bhakti Park,"Fast, Food, Beverages",,52,52,52,260,
SWADD MOMOS,Mumbai,Sion Bhakti Park,Chinese,,52,52,52,220,
SANDWICH HUB,Mumbai,Sion Bhakti Park,"Fast, Food, Beverages",,52,52,52,200,
MEHFIL CAFE,Mumbai,Sion Bhakti Park,"Italian, Fast, Food",,52,52,52,320,
INDIAN CHINESE,Mumbai,Sion Bhakti Park,Chinese,,52,52,52,200,
Snacks Corners,Mumbai,Sion Bhakti Park,"Fast, Food, Snacks, Beverages",,52,52,52,300,
FOODI HOUSE,Mumbai,Sion Bhakti Park,Biryani,,52,52,52,200,
Balaji Idli House,Mumbai,Ghatkopar West,"North, Indian, South, Indian",4.1,50,50,50,600,25.48808501
Maharashtrian Katta,Mumbai,Chembur,"Street, Food, Indian",,54,54,54,200,
Sai Sandwich Centre,Mumbai,Ghatkopar West,"Fast, Food, Pizzas",4.4,51,51,51,300,20.30653027
Falafel's,Mumbai,Marol Maroshi road,Lebanese,4.2,48,48,48,600,19.38350617
El Jefe's Mexicana,Mumbai,Marol Maroshi road,Mexican,,54,54,54,600,
GENERAL TSOS KITCHEN,Mumbai,Marol Maroshi road,"Chinese, Thai, Asian",,52,52,52,600,
Square Pizza,Mumbai,Andheri East,"Pizzas, Desserts, Fast, Food",4.2,51,51,51,400,16.51366766
Marol Fusion Food BY D'Unik,Mumbai,Marol Sakinaka,"North, Indian, Chinese, Kebabs",,52,52,52,400,
Dabba Garam (Homely Meals & More),Mumbai,Chembur,"North, Indian",4.1,49,49,49,150,18.92199412
Barista,Mumbai,Chembur,"Beverages, Snacks, Desserts, Cafe",4.3,47,47,47,350,16.90685022
Taste of Kolkata,Mumbai,Andheri East,"Biryani, North, Indian, Fast, Food, Juices, Beverages",3.8,50,50,50,250,17.53745796
D'UNIk FUSION FOOD,Mumbai,Marol Sakinaka,"Biryani, Chinese, Kebabs",,51,51,51,400,
The J,Mumbai,Chembur,"American, Fast, Food, Snacks, Desserts",4.4,45,45,45,300,20.30653027
DOOODLY MEALS,Mumbai,Andheri East,"North, Indian",,52,52,52,400,
Wok Hei ,Mumbai,Chembur,"Chinese, Asian, Thai, Tibetan, Mongolian, Combo, Vietnamese, Burmese, Pan-Asian",4.2,55,55,55,400,19.38350617
JS BURGER,Mumbai,Govandi East,"American, Pizzas, Fast, Food, Biryani, Snacks, Combo",3.2,57,57,57,250,9.742471801
Ayyappan Pure Veg,Mumbai,Kurla,"South, Indian, Chinese, North, Indian, Beverages",4.4,48,48,48,150,30.39852103
Mamaji - Taste of Katta (Ruia),Mumbai,Chembur,"North, Indian, Chinese, Fast, Food",4.2,46,46,46,250,16.51366766
Bro's Kitchen,Mumbai,Chembur,Snacks,,52,52,52,200,
Kappa Diner,Mumbai,Andheri East,"South, Indian, Kerala",4,54,54,54,400,18.46048207
Red Spice,Mumbai,Chembur,"Chinese, Tandoor, Indian, Biryani, Kebabs",4,50,50,50,300,18.46048207
Au Naturel Popsicle,Mumbai,Chembur,"Desserts, Healthy, Food, Ice, Cream",,47,47,47,200,
GREENS PURE VEG RESTAURANT,Mumbai,Andheri East,"North, Indian, South, Indian, Chinese, Fast, Food",,60,60,60,500,
BANGALORE IYANGAR S BAKERY,Mumbai,Chembur,"Bakery, Desserts",4.7,45,45,45,200,21.69106643
Hotel Mayur,Mumbai,Chembur,"North, Indian",3.7,50,50,50,300,11.26473302
VIG,Mumbai,Chembur,"North, Indian, Fast, Food",4.3,45,45,45,250,26.73140623
Minks - The Nagpur Saoji Treat,Mumbai,Andheri East,"Maharashtrian, Indian, Beverages",3.7,56,56,56,450,14.54775484
Sanjay Restaurant,Mumbai,Chembur,Indian,4,47,47,47,450,12.17808975
Sanskari Biryani & More,Mumbai,Marol Sakinaka,"Biryani, Mughlai, North, Indian, Desserts, Beverages",4.2,57,57,57,350,16.51366766
Sind Pani Puri House,Mumbai,Chembur,Snacks,4.5,43,43,43,200,20.76804233
Mothers Kitchen,Mumbai,Chembur,"Indian, North, Indian, Sindhi",3.8,52,52,52,400,17.53745796
RadhaKrishna Pav Bhaji Centre,Mumbai,Andheri East,"Fast, Food",,64,64,64,200,
Satus Sweets Snacks & Namkeen,Mumbai,Mumbai,"Sweets, Snacks",4.2,46,46,46,200,19.38350617
Cafe Marol (since 1975),Mumbai,Marol Sakinaka,Chinese,,56,56,56,700,
Dessert Cloud - Chembur,Mumbai,Chembur,"Desserts, Beverages",4.3,47,47,47,150,26.73140623
Sai Krupa Fast Food,Mumbai,Andheri East,"Biryani, Chinese, Indian",,58,58,58,300,
The Chinese Spot,Mumbai,Andheri East,"Chinese, Indian, Tandoor, Biryani",4,59,59,59,350,15.72730253
Pan World Cafe,Mumbai,Chembur,Paan,4.4,49,49,49,100,13.39589873
Jiffy Meals,Mumbai,Chembur,Indian,4,53,53,53,200,12.17808975
Sindh Pani Puri House (Original),Mumbai,Chembur,"Street, Food",,48,48,48,180,
Shree Vishnu Hotel,Mumbai,Chembur,"Indian, Thalis",4.4,50,50,50,250,13.39589873
Beijing Chicken Lollipops,Mumbai,Marol Sakinaka,"Chinese, Beverages",3,55,55,55,300,9.133567313
Ranjeet Da Dhaba,Mumbai,Chembur,"Indian, Desserts",4.3,59,59,59,600,16.90685022
Chaaps & More,Mumbai,Chembur,"Indian, Punjabi, Tandoor",4,51,51,51,300,15.72730253
Abhi's kitchen,Mumbai,Powai,Indian,4,66,66,66,450,12.17808975
The Almighty Biryani,Mumbai,Marol Sakinaka,"Biryani, Mughlai, North, Indian, Desserts, Beverages",4.3,58,58,58,350,19.84501822
Hotel Sunita,Mumbai,Andheri East,"Chinese, Tandoor, Indian, Biryani, South, Indian",,59,59,59,250,
Rolling Rolls,Mumbai,Powai,"Snacks, Fast, Food",,54,54,54,250,
Top China Delight,Mumbai,Andheri East,Chinese,,57,57,57,550,
Global Chaska,Mumbai,Marol Sakinaka,"North, Indian, Lucknowi, Biryani, Chinese",3.4,77,77,77,300,10.35137629
Pawri Kitchen,Mumbai,Powai,"Indian, Continental, Pastas",4.5,61,61,61,400,20.76804233
Mega Food Court,Mumbai,Marol Sakinaka,"Indian, North, Indian, South, Indian, Biryani, Pizzas, Desserts, Beverages",4.4,56,56,56,300,17.30003278
Eighth Sin,Mumbai,Marol Sakinaka,Bakery,,58,58,58,400,
Edesia by Freshmenu,Mumbai,Chembur,"Desserts, Bakery, Sweets",4,42,42,42,150,12.17808975
Global Foodie,Mumbai,Powai,"Italian, Chinese, Burmese, Pan-Asian, Thai, Malaysian, Oriental, Italian-American, Pastas",,55,55,55,500,
Signature Select,Mumbai,Marol Sakinaka,"Asian, Thai, Chinese",,61,61,61,350,
wow chinese,Mumbai,Khar East,Chinese,3.1,56,56,56,300,9.438019557
New Shalimar,Mumbai,Marol Sakinaka,"Indian, Chinese, Continental",3.9,56,56,56,400,17.99897002
Sante Spa Cuisine,Mumbai,Bandra West,"Healthy, Food, Salads, Pizzas",,58,58,58,1900,
Mejwani,Mumbai,Matunga Wadala,Chinese,3.3,56,56,56,300,10.04692404
Jagvi Udipi Fast Food,Mumbai,Chembur,"Biryani, Indian",,62,62,62,200,
Canteen Central - Burgers Pastas and More,Mumbai,Chembur,"American, Pastas, Fast, Food, Snacks, Desserts, Beverages, North, Indian, Italian",4,50,50,50,300,18.46048207
PIZZA MANIA,Mumbai,Andheri East,Pizzas,3.2,52,52,52,500,12.58184202
Apna Dhaba,Mumbai,Andheri East,Indian,4.4,55,55,55,500,17.30003278
New Bismillah Restaurant,Mumbai,Dharavi,"Indian, Tandoor, indian",3.3,49,49,49,500,10.04692404
Mahalaxmi Juice Centre,Mumbai,Sion,Juices,,53,53,53,300,
Restaurant Manna,Mumbai,Ghatkopar,"Indian, Chinese, Tandoor",,60,60,60,300,
Mamlekar NX,Mumbai,Chembur,"Desserts, Juices",,54,54,54,200,
Shubham Greens,Mumbai,Andheri East,"South, Indian, North, Indian, Maharashtrian, Chinese",4.2,58,58,58,350,16.51366766
Mughal Darbar,Mumbai,Chembur,"Chinese, Indian, Mughlai",2.8,56,56,56,700,8.524662826
Kebab Flare,Mumbai,Andheri East,Kebabs,,63,63,63,500,
Jagnath Sweets and Dry Fruits,Mumbai,Powai,"Sweets, Snacks",,58,58,58,100,
Spice Of Kerala,Mumbai,Andheri East,Kerala,4.1,54,54,54,450,18.92199412
Chopstick,Mumbai,Chembur,"Chinese, Indian, Mughlai",,57,57,57,600,
Sai Fast Food & Chinese Corner,Mumbai,Andheri East,"Chinese, Fast, Food",4.1,56,56,56,300,18.92199412
Khichdi Paradise,Mumbai,Andheri East,"Home, Food, Indian, North, Indian, Beverages",4,51,51,51,300,15.72730253
Big Biriyani Company,Mumbai,Andheri East,"Biryani, Mughlai",,54,54,54,350,
Havmour ice cream,Mumbai,Andheri East,"Ice, Cream",,48,48,48,150,
Feel Good Food (Only Veg),Mumbai,Marol Sakinaka,"Combo, North, Indian",4.5,55,55,55,350,13.70035097
Maa Ki Khichdi,Mumbai,Andheri East,"Home, Food, Indian, North, Indian",4,51,51,51,300,12.17808975
Famous Paratha Fast Food,Mumbai,Chembur,Indian,,62,62,62,300,
Rice Diaries,Mumbai,Powai,"Mughlai, Chinese, Combo",3.7,53,53,53,300,11.26473302
DELHI KING,Mumbai,Andheri East,"Fast, Food, Pizzas, Snacks",,54,54,54,355,
Gluttony,Mumbai,Andheri East,"Bakery, Desserts, Fast, Food, Beverages",4,56,56,56,500,18.46048207
THE PEPPER WOK,Mumbai,Andheri East,Chinese,,57,57,57,400,
THE CURRY STORY,Mumbai,Andheri East,"Indian, Biryani, Beverages",,63,63,63,400,
Ching Chong Asian,Mumbai,Andheri East,"Chinese, Asian",3.8,52,52,52,400,17.53745796
North Indian chef,Mumbai,Powai,"North, Indian",3.5,58,58,58,300,10.65582853
The Biryani Experiment,Mumbai,Sakivihar,"Biryani, Hyderabadi, Indian, Kebabs, North, Indian, South, Indian, Andhra, Afghani, Combo, Desserts, Beverages, Punjabi, Kerala, Sweets, Arabian, Lucknowi, Parsi, Tandoor",4.1,52,52,52,500,16.12048509
Home Plate,Mumbai,Chembur,"Home, Food, North, Indian, Healthy, Food, Thalis, Desserts, Indian, Punjabi",4.1,49,49,49,160,18.92199412
GetAWhey - Healthy Ice Creams,Mumbai,Chembur,Desserts,,53,53,53,250,
Afra Alfaham Grill Corner,Mumbai,Marol Sakinaka,"Grill, Chinese",,57,57,57,400,
That Pizza Place,Mumbai,Saki Vihar Road,"Pizzas, Italian, Fast, Food, Desserts, Continental, Mediterranean, American, Mexican, Indian, Combo, Beverages, Bakery, French, Sweets, European, Lebanese, Snacks",4.3,53,53,53,500,16.90685022
Nawabi Kitchen,Mumbai,Powai,"Indian, Tandoor, Mughlai, Seafood, North, Indian, Biryani",,57,57,57,500,
Shri Balaji snacks center,Mumbai,Matunga Wadala,"Indian, Snacks",3.9,63,63,63,100,11.87363751
Sanjeevani Foods - Real Maharastrian Food,Mumbai,Andheri East,Maharashtrian,,65,65,65,150,
Udupi Veg Fast Food,Mumbai,Marol Sakinaka,"Indian, Chinese, South, Indian",,57,57,57,300,
Lazeez Desi Tadka,Mumbai,Chembur,"Indian, North, Indian",2.9,54,54,54,500,11.40229433
Spice Affair,Mumbai,Powai,"North, Indian, Indian, Chinese, Tandoor",,52,52,52,500,
Urban Spice,Mumbai,Powai,"North, Indian, Indian, Chinese, Tandoor",,54,54,54,500,
BING BONG,Mumbai,Sion,"Chinese, Thai, Korean, Seafood",,57,57,57,300,
Slice of Italy,Mumbai,Chembur,"Fast, Food",,53,53,53,400,
Munna Bhel Puri House,Mumbai,Andheri East,Chaat,3.9,58,58,58,99,17.99897002
MAGGI HOUSE,Mumbai,Chembur,"Fast, Food",,62,62,62,150,
Bayleaf - By Good Food Co,Mumbai,Powai,"Indian, North, Indian, Mughlai, Kebabs",4.3,57,57,57,250,13.09144648
Kosho,Mumbai,Powai,"Mughlai, North, Indian, Chinese, Seafood, Italian",4.2,56,56,56,300,19.38350617
NOTO - Healthy Ice cream,Mumbai,Chembur,"Ice, Cream",4.5,44,44,44,190,20.76804233
Sai Leela,Mumbai,Andheri East,"Mughlai, North, Indian, Chinese, Seafood",4.2,63,63,63,500,12.78699424
Abhi fast food,Mumbai,Powai,"Fast, Food, Snacks, Beverages",3.6,60,60,60,150,10.96028078
Bombay Chang,Mumbai,Scruz Bandra East,Chinese,,58,58,58,300,
JKC,Mumbai,Andheri West Area,"Chinese, Biryani",,59,59,59,200,
GINA'S CAKES,Mumbai,Ghatkopar West,"Desserts, Bakery",,57,57,57,300,
Mamu ki Biryani,Mumbai,Chembur,"Indian, North, Indian, Tandoor",,53,53,53,500,
Loving Paratha and Roll,Mumbai,Chembur,"Indian, Fast, Food",,63,63,63,200,
Bakewills,Mumbai,Powai,"Continental, Bakery, Desserts",,60,60,60,300,
Dil Ki Meal,Mumbai,Marol Sakinaka,"Combo, American",4.5,53,53,53,300,17.69321535
Bhayankar Burgers,Mumbai,Andheri East,American,4,58,58,58,400,18.46048207
Shawarma house,Mumbai,Chembur,Indian,,54,54,54,600,
Welcome Restaurant,Mumbai,Andheri East,"Chinese, Indian, Mughlai, Tandoor",,54,54,54,100,
Damodar kulfiwala,Mumbai,Powai,"Desserts, Ice, Cream",,47,47,47,150,
Chasity Cheesecake,Mumbai,Marol Sakinaka,"Desserts, Bakery",,57,57,57,350,
Krowns Kitchen,Mumbai,Chembur,"North, Indian, Lebanese, Mughlai, Kebabs, Tandoor",,57,57,57,400,
Sorrentina - Italian Bakery & Kitchen,Mumbai,Powai Area,"Bakery, Pizzas, Desserts",,60,60,60,300,
Hotel Rudra,Mumbai,Kurla,Chinese,,36,36,36,250,
A1 Darbar,Mumbai,Kurla West,Indian,4.3,31,31,31,200,16.90685022
AL ZAIKA DHABA,Mumbai,Kurla,"Indian, Biryani, Chinese, Beverages, Seafood, Tandoor",,30,30,30,300,
Tibb's Frankie (Tilak Nagar),Mumbai,Kurla,"Fast, Food, Snacks, North, Indian, Mexican, Beverages",4,35,35,35,200,18.46048207
BURNT CHILLIES,Mumbai,Kurla (W),Indian,,33,33,33,200,
TUKI,Mumbai,Santacruz East,"Chinese, Asian",4.3,36,36,36,600,16.90685022
Fresh Breakfast,Mumbai,Kurla,"Indian, South, Indian, Snacks",,35,35,35,250,
King Chilli Chindian Fusion,Mumbai,Santacruz East,"Chinese, Pan-Asian, Asian, Beverages, Desserts",4.1,40,40,40,400,18.92199412
AL-NF RESTAURANT,Mumbai,Kurla,"Chinese, Fast, Food",,35,35,35,200,
Vinanjay Family restaurant &bar,Mumbai,Scruz Bandra East,"Indian, Chinese, South, Indian, Biryani, Tandoor, Snacks",,41,41,41,350,
The Bombay Chopstic,Mumbai,Saki Naka,"Indian, Chinese",,35,35,35,250,
MANORA CHINESE AND FAST FOOD,Mumbai,Kurla,Chinese,,37,37,37,250,
Natural Ice Cream,Mumbai,Santacruz East,"Ice, Cream",4.7,27,27,27,150,21.69106643
ROLLING SPICES,Mumbai,Kurla,"North, Indian, Chinese, Indian",,37,37,37,350,
Hotel Dashmesh Punjab,Mumbai,Saki Naka,"North, Indian, Chinese, Seafood",,38,38,38,500,
Subway,Mumbai,Bandra East,"Fast, Food, Salads, Snacks, Desserts, Beverages",4.3,37,37,37,350,19.84501822
Sichuan Bistro,Mumbai,Santacruz East,Chinese,,38,38,38,400,
Yadav Paan Shop,Mumbai,Kurla,"Paan, Indian",,38,38,38,100,
Spice Grill,Mumbai,Kurla,"Chinese, Tandoor, Fast, Food, Indian",,49,49,49,200,
Hotel Nityanand,Mumbai,Marol Sakinaka,"Indian, Chinese",3.7,38,38,38,800,11.26473302
AJ's Bistro,Mumbai,Kurla,"Fast, Food, Italian, Mexican, Beverages",,37,37,37,800,
Hotel Sadichha,Mumbai,Santacruz East,"North, Indian, Chinese",4.2,41,41,41,550,16.51366766
SHANE AHMEDI HOTEL,Mumbai,Kurla,"Indian, Chinese, North, Indian",,39,39,39,300,
TONIC REST-O-BAR,Mumbai,Scruz Bandra East,"Indian, Chinese",,40,40,40,400,
Taj Darbar Indian And  chinese Restaurant,Mumbai,Ghatkopar West,"Indian, North, Indian, Tandoor, Mughlai, Desserts",3.7,37,37,37,199,11.26473302
Sara India Da Mini R,Mumbai,Scruz Bandra East,"Biryani, Indian, Tandoor, Punjabi",,49,49,49,300,
New Bismillah Caterers,Mumbai,Santacruz East,"Biryani, Indian",3.6,36,36,36,300,10.96028078
Dola kitchen and bar,Mumbai,Marol Sakinaka,"Chinese, North, Indian, Seafood, Pan-Asian",,45,45,45,850,
"Mumbai	eats",Mumbai,Kurla,"Chinese, Tandoor, Biryani",,42,42,42,300,
Al Zaiqa,Mumbai,Scruz Bandra East,"Indian, Chinese, Kebabs, Fast, Food, Combo",,51,51,51,200,
Tiger Tiger,Mumbai,Chembur,"Indian, Chinese, Italian",,48,48,48,400,
AKSHA DHABA,Mumbai,Marol Sakinaka,"Mughlai, Arabian, Tandoor, Chinese, Seafood",,43,43,43,300,
China House Restaurant by Grand Hyatt Mumbai,Mumbai,Santacruz East,"Chinese, Pan-Asian, Tibetan, Oriental, Mongolian",,56,56,56,1800,
KINGS SHAWARMA,Mumbai,Marol Sakinaka,Snacks,,44,44,44,150,
DEEP PUNJAB DHABA,Mumbai,Asalpha,"North, Indian, Tandoor, Punjabi, Seafood",,43,43,43,500,
New Neelam Restaurant and Bar,Mumbai,Sion,"Chinese, Indian",,48,48,48,196,
Great Indian Meals,Mumbai,Bandra East,"Mangalorean, North, Indian, South, Indian, Malwani",4,42,42,42,300,15.72730253
Home Plate,Mumbai,Santacruz,"Home, Food, North, Indian, Healthy, Food, Thalis, Desserts, Indian, Punjabi",3.9,38,38,38,160,17.99897002
Paratha Box - 2X Filling,Mumbai,Santacruz,"North, Indian, Punjabi, Indian, Home, Food, Combo, Beverages",4.5,42,42,42,250,17.69321535
EatFit,Mumbai,Santacruz,"Healthy, Food, Pizzas, North, Indian, Thalis, Biryani",3.9,43,43,43,270,15.33411997
Baskin Robbins,Mumbai,Bandra East,"Desserts, Ice, Cream",4.5,34,34,34,350,17.69321535
Great Indian Khichdi,Mumbai,Santacruz,"Indian, Home, Food, Healthy, Food, Snacks",4.4,38,38,38,200,27.35306684
Elvics kitchen,Mumbai,Scruz Bandra East,"Chinese, Indian, Beverages",4.9,48,48,48,300,14.91815994
Canteen Central - Burgers Pastas and More,Mumbai,Santacruz,"American, Pastas, Snacks, Desserts, Beverages, North, Indian, Asian",4.2,41,41,41,300,19.38350617
Talk Tikka,Mumbai,Santacruz East,"Indian, Biryani, Tandoor",,47,47,47,300,
WINGSBOL,Mumbai,Santacruz East,"Asian, Chinese",,51,51,51,300,
Biryanishah,Mumbai,Santacruz East,"Biryani, Indian, North, Indian",3.8,43,43,43,300,17.53745796
Oh Soy,Mumbai,Santacruz East,"Chinese, Asian, Korean, Pan-Asian, Seafood, Thai, Japanese, Sushi, Burmese, Tibetan",4.1,46,46,46,300,18.92199412
CRYPTO CURRY,Mumbai,Scruz Bandra East,"Mughlai, North, Indian",,51,51,51,400,
NIC Natural Ice Creams,Mumbai,Bandra East,"Ice, Cream, Desserts",4.6,37,37,37,120,21.22955438
Mr Singhs Tandoori Hut by RPD,Mumbai,Ghatkopar East,"North, Indian, Tandoor, Biryani",,54,54,54,350,
Cibo 29,Mumbai,Ghatkopar East,"Fast, Food, Pizzas, Pastas, Beverages, Desserts",,45,45,45,500,
Sundeep Hotel,Mumbai,Ghatkopar West,"Chinese, North, Indian, Seafood",4.2,49,49,49,500,12.78699424
CREMEBORNE,Mumbai,Ghatkopar,"Ice, Cream, Beverages",4,44,44,44,300,15.72730253
Art House - The Fern Residency,Mumbai,Chembur,"Chinese, North, Indian, Continental, Pan-Asian, Italian, American, Tandoor, Fast, Food, Desserts",,48,48,48,800,
KAKORI HOUSE,Mumbai,Saki Naka   Andheri east,Indian,,47,47,47,400,
Oishi Oishi By Persian Darbar,Mumbai,Marol Sakinaka,"Chinese, Japanese, Pan-Asian, Tibetan, Asian, Beverages",,51,51,51,600,
Maxim Restaurant - Kerala Special,Mumbai,Kurla,"Chinese, Kerala",4.2,42,42,42,300,19.38350617
Annapurna Meals,Mumbai,Chembur,"North, Indian, Sindhi, Punjabi, Thalis",4.1,46,46,46,250,16.12048509
UK14 Icecream,Mumbai,Ghatkopar Vikhroli,"Ice, Cream, Beverages",,46,46,46,150,
Chocday,Mumbai,Ghatkopar East,"Desserts, Bakery",4.5,38,38,38,350,13.70035097
New Madras,Mumbai,Sion,"Mughlai, North, Indian, Chinese, South, Indian",4.3,45,45,45,650,13.09144648
Sbarro - New York Pizza,Mumbai,Sion,"Italian, Pizzas, Desserts, Beverages, Combo",3.7,46,46,46,600,23.00144257
Shloka Dining Bar,Mumbai,Ghatkopar West,"North, Indian, Malwani, Continental, South, Indian, Chinese, Asian, Mughlai",4.3,54,54,54,600,16.90685022
Nosh & Beyond,Mumbai,Andheri East,"Cafe, Italian, Pizzas, Fast, Food, Combo, Beverages, Desserts",4.7,51,51,51,1000,14.30925546
The Bigg Small Cafe,Mumbai,Andheri East,"Continental, Italian, Indian, Chinese",,52,52,52,500,
Dessert Cloud - Sion,Mumbai,Sion,"Desserts, Beverages",4.2,43,43,43,400,19.38350617
NewYork Burrito Company,Mumbai,Ghatkopar East,"Mexican, American, Snacks",4.3,41,41,41,500,19.84501822
NANDU'S FOOD SHACK,Mumbai,Chembur,"Chinese, Indian, Snacks",4.1,42,42,42,200,16.12048509
Starboy Pizza & Shakes,Mumbai,Matunga Wadala,"Pizzas, Fast, Food, Desserts",,47,47,47,400,
Wack Waffle & Brownies,Mumbai,Matunga Wadala,"Desserts, Beverages",,46,46,46,300,
New York Waffle & Dinges,Mumbai,Matunga Wadala,"Desserts, Beverages",,46,46,46,300,
Miami Waffle & Jawbreakers,Mumbai,Matunga Wadala,"Bakery, Desserts, Beverages",,45,45,45,300,
Waffleland,Mumbai,Powai,"Desserts, Snacks",,51,51,51,300,
Malhaar Family Restaurant,Mumbai,Chembur,"North, Indian, Mughlai, Chinese, Seafood",4.4,49,49,49,600,17.30003278
JJ. Waffle,Mumbai,Powai,"Desserts, Bakery, Beverages",4,47,47,47,250,12.17808975
SHUBH SAGAR (KANCHI SAGAR FOODLET),Mumbai,Marol Sakinaka,"Indian, South, Indian, Beverages",,48,48,48,151,
Francesco's Pizzeria,Mumbai,Marol Sakinaka,"Pizzas, Italian, Pastas, Salads",4.6,50,50,50,1000,18.08639791
Newlazeezcateres,Mumbai,Marol Sakinaka,Lebanese,,46,46,46,200,
Spice laundry,Mumbai,Chembur,"Chinese, Indian, Asian, Biryani, Snacks, Beverages, Desserts",,54,54,54,280,
Bench Bar,Mumbai,Marol Sakinaka,"North, Indian, Salads",,46,46,46,600,
Wow! China,Mumbai,The New Sion Co-operative Housing Society,"Tibetan, Chinese, Asian, Snacks, Continental, Desserts, Beverages",,48,48,48,400,
Mandarin Oak- The Heavenly Chinese,Mumbai,Saki Naka,"Chinese, Asian, Thai",4.2,57,57,57,350,16.51366766
BITES N GRILL,Mumbai,Chembur,"Pizzas, Pastas, Beverages, Snacks",4,49,49,49,300,15.72730253
MOMOS MAGIC,Mumbai,Ghatkopar Vikhroli,"Fast, Food, Snacks",,48,48,48,200,
Shekhar Family Restaurant,Mumbai,Santacruz East,"Chinese, North, Indian",3.8,45,45,45,350,11.56918526
Agrawals juice and fast food centre,Mumbai,Ghatkopar East,"Fast, Food",4.7,41,41,41,300,21.69106643
Surprise India - Cakes N Desserts,Mumbai,Marol Sakinaka,"Desserts, Bakery",,44,44,44,300,
RANA'S HUNGER HALT,Mumbai,Chembur,"Chinese, Indian",,47,47,47,500,
All Stir Fry - Waterstones Hotel,Mumbai,Powai Area,"Asian, Chinese, Pan-Asian, Thai, Oriental, Indonesian, Seafood, Desserts, Combo",4,60,60,60,1000,15.72730253
PARAB'S SAMPOORNA KITCHEN,Mumbai,Andheri East,"South, Indian, Indian, Chinese, Combo, Punjabi, Biryani",,48,48,48,230,
Jay ma shitala juice center,Mumbai,Ghatkopar East,"Juices, Desserts, Beverages",,49,49,49,100,
Hotel Triveni,Mumbai,Bandra East,"North, Indian, Fast, Food, Chinese, Tandoor",,49,49,49,400,
Instawich,Mumbai,Andheri East,"Fast, Food, Snacks, Beverages",4.3,49,49,49,300,19.84501822
Velvette patisserie,Mumbai,Chembur,"Indian, Continental, Snacks, Sweets",4.1,49,49,49,350,12.48254199
Green Cravings,Mumbai,Chembur,"Healthy, Food, Continental, Keto, Indian, Salads",4.2,49,49,49,250,26.10974562
7th Heaven,Mumbai,Chembur,"Bakery, Desserts",,51,51,51,400,
Sweet Bengal,Mumbai,Andheri East,"Sweets, Indian, Snacks, Desserts",4.5,42,42,42,150,20.76804233
Oh! Calcutta,Mumbai,Powai Area,Bengali,4.4,58,58,58,800,20.30653027
The Goan Feni Tales,Mumbai,Powai,"Goan, Seafood",,53,53,53,900,
24/7 Restaurant - The Lalit,Mumbai,Powai Area,"Asian, European, Italian",,63,63,63,1100,
ITC Hotels - Biryani & Pulao Collection,Mumbai,Andheri East,"Biryani, North, Indian, Desserts",4.2,59,59,59,1000,12.78699424
Sanskari Paratha,Mumbai,Marol Sakinaka,"North, Indian",,47,47,47,250,
THE HUNGER HUT,Mumbai,Marol Sakinaka,"Continental, Italian, Chinese",,53,53,53,300,
Maheshwari kitchen,Mumbai,Powai,"Indian, Chinese",,53,53,53,300,
New Cafe Marol,Mumbai,Andheri East,"North, Indian, Chinese, Mughlai, Tandoor, Desserts, Fast, Food, Beverages",3.9,50,50,50,350,17.99897002
Fuel Up,Mumbai,powai,"Healthy, Food, Salads, Continental",,50,50,50,250,
Gurukripa,Mumbai,Andheri East,"North, Indian, Chinese, Seafood",4.3,50,50,50,500,19.84501822
Sai Darshan,Mumbai,Chembur,Indian,,50,50,50,600,
Amar Juice Centre,Mumbai,Andheri East,"Street, Food, Juices, South, Indian",4.3,50,50,50,450,26.73140623
Freakin Fried,Mumbai,Scruz Bandra East,"Fast, Food, Snacks, Beverages, Combo",3.9,52,52,52,250,15.33411997
Venus Pure Veg,Mumbai,Sion Bhakti Park,Indian,4.3,48,48,48,300,13.09144648
The Manchurian Factory,Mumbai,Powai,"Chinese, Thai, Asian, Oriental",,48,48,48,250,
ITC Hotels- Nutmeg The Cake Shop,Mumbai,Andheri East,Desserts,,63,63,63,1000,
ITC Maratha - Gourmet Couch,Mumbai,Powai Area,"Japanese, Mughlai, Chinese, North, Indian, Biryani, Pan-Asian, Sushi, Seafood, Kebabs, Desserts",3.8,71,71,71,1000,11.56918526
The Tangled Noodles,Mumbai,Powai,"Chinese, Thai, Asian, Oriental",4.3,53,53,53,200,19.84501822
Fabelle Chocolates - ITC Maratha,Mumbai,Powai Area,"Bakery, Desserts, Sweets",4.5,57,57,57,600,17.69321535
La Petit Boulangerie,Mumbai,Santacruz West,"Bakery, Desserts",4.5,53,53,53,400,13.70035097
THE HEALTH LOCAL,Mumbai,Santacruz East,"Indian, Gujarati, Punjabi, Thalis",,58,58,58,200,
CHINA VILLA,Mumbai,Chembur,"Chinese, North, Indian, Fast, Food, Snacks, Beverages",4.1,55,55,55,200,18.92199412
Freshmenu,Mumbai,Chembur,"Chinese, Continental, Italian, Mediterranean, Thai, Lebanese, American, Asian, Beverages, Bakery, Biryani, Desserts, Mexican, North, Indian, Salads, Pizzas",4.1,48,48,48,250,28.3258946
Blisss,Mumbai,Chembur,"Desserts, Fast, Food, Bakery",4.3,43,43,43,300,19.84501822
The Blue Tiffin,Mumbai,Andheri East,"North, Indian",4.5,59,59,59,300,13.70035097
Fisherman's Cove - Taste on Palate,Mumbai,Powai,"Seafood, North, Indian, Chinese, Tandoor, Thai",4,56,56,56,800,18.46048207
Oh ! Dum Biryani Taste Bangal,Mumbai,Andheri East,Biryani,3.8,50,50,50,200,11.56918526
AL KAREEM RESTAURANT,Mumbai,Marol Sakinaka,Indian,,51,51,51,200,
Keventers Ice Cream,Mumbai,Chembur,"Ice, Cream, Desserts",3.9,46,46,46,300,11.87363751
99 Pancakes,Mumbai,Chembur,"Desserts, Beverages",4.1,46,46,46,300,18.92199412
THE SICHUAN DRAGON,Mumbai,Matunga Wadala,"Indian, Chinese, Ice, Cream",,54,54,54,200,
Volcano Momos,Mumbai,Chembur colony,"Chinese, Snacks, Italian",,53,53,53,400,
Arey O Sambhar,Mumbai,Andheri East,"South, Indian",3.8,52,52,52,350,11.56918526
The Unique Family Restaurant,Mumbai,Chembur,"North, Indian, Tandoor, Chinese, Seafood, Biryani",4.4,54,54,54,250,13.39589873
Chinese Pavilion,Mumbai,Powai,"Chinese, Thai",,51,51,51,400,
Double Decker,Mumbai,Powai,"Indian, Chinese, Tandoor, Seafood",,52,52,52,300,
Schezwan King,Mumbai,Powai,"Chinese, Fast, Food, North, Indian",,51,51,51,400,
Banjara Restaurant,Mumbai,Powai,"Punjabi, Tandoor, Chinese, Thai, Mughlai",,51,51,51,500,
Afra Mughlai Darbar,Mumbai,Andheri East,"Indian, Chinese, Desserts, Juices",4.5,54,54,54,450,17.69321535
Nayaab Kitchen,Mumbai,Powai,"Tandoor, Mughlai, Indian, Biryani, North, Indian",,56,56,56,500,
RED BOX CHINESE,Mumbai,Khar East,Chinese,3.6,57,57,57,400,10.96028078
Zaika Restaurant,Mumbai,Chembur,"Chinese, Biryani, Tandoor",3.5,57,57,57,200,13.76138971
ALFAHAM GRILL CORNER,Mumbai,Andheri East,"American, Chinese, Indian",,52,52,52,300,
HOP IN,Mumbai,Sion,"Chinese, Thai, Korean, Seafood",,54,54,54,300,
Mumbai Zaika,Mumbai,Chembur,"Chinese, North, Indian, Tandoor, Biryani, Beverages, Desserts",,51,51,51,500,
Pataudi Darbar,Mumbai,Kurla,"North, Indian, Biryani, Chinese, Desserts",4,52,52,52,300,15.72730253
Fat Punjabi,Mumbai,Powai,"Fast, Food, Indian, Chaat, North, Indian, Jain, Mughlai, Snacks, Desserts",,51,51,51,200,
Rhino Rolls - Mighty Big,Mumbai,Khar West,"Fast, Food, Snacks, Indian, Beverages",4,51,51,51,300,12.17808975
Frisbees,Mumbai,Andheri East,"American, Fast, Food",3.7,56,56,56,300,11.26473302
Panjabi carkhana,Mumbai,Powai,"Indian, North, Indian, Chinese, Biryani",3.4,58,58,58,400,13.36820715
FOOD GARAGE,Mumbai,Sion,"Continental, Chinese",,59,59,59,350,
Guddu daa dhaba,Mumbai,Chembur,"North, Indian",3.8,51,51,51,350,17.53745796
Meals On Fire,Mumbai,Scruz Bandra East,"Chinese, Fast, Food",,55,55,55,300,
SPICY TADKA,Mumbai,Powai,"Chinese, North, Indian, Biryani, Sweets",4.3,52,52,52,300,16.90685022
Kake Da Hotel,Mumbai,Chembur,"North, Indian, Chinese, Tandoor",4.1,49,49,49,500,12.48254199
China Magic,Mumbai,Chembur,Chinese,,52,52,52,350,
Zhufu Chinese,Mumbai,Chembur,Chinese,4.4,55,55,55,400,13.39589873
KHUSHI FOOD CENTER,Mumbai,Chembur,Chinese,,51,51,51,200,
The Barn Grill,Mumbai,Powai Area,"American, Continental",4.5,61,61,61,900,20.76804233
Spicy Bites,Mumbai,Chembur,"Mughlai, Tandoor, North, Indian",,51,51,51,400,
Montain kitchen,Mumbai,Chembur,Chinese,4.7,54,54,54,300,14.30925546
Chelaram Farsan,Mumbai,Chembur,"Snacks, Sweets",4.4,48,48,48,100,20.30653027
Bowlsome,Mumbai,Sakivihar,"Asian, North, Indian, Continental, Healthy, Food, Punjabi, Home, Food, Oriental, Desserts, Beverages, Pan-Asian, Bengali, Mangalorean, Kashmiri, Lucknowi, Chinese, Sweets, Kebabs, Combo, Rajasthani, Awadhi",4.2,47,47,47,250,16.51366766
Samaira Caterers,Mumbai,Powai,"Chinese, North, Indian, Fast, Food, Beverages",,52,52,52,300,
AFRA FALOODA DARBAR,Mumbai,Marol Sakinaka,"Beverages, Desserts",,54,54,54,250,
Chef's Hat,Mumbai,Powai,"Indian, Punjabi, North, Indian, Mughlai, Seafood",,59,59,59,500,
Artinci - Indulge Guilt Free!,Mumbai,Chembur,"Healthy, Food, Keto, Desserts, Ice, Cream, Beverages, Snacks, Bakery",4.5,47,47,47,250,13.70035097
Wakka Makka Chinese,Mumbai,Andheri East,"Chinese, Asian, Oriental, Tibetan, Desserts",3.8,51,51,51,400,23.62310318
Sitaram Restaurant,Mumbai,Powai,"Indian, Chinese, Seafood",4.4,47,47,47,450,17.30003278
Coffee Take Away,Mumbai,Chembur,"North, Indian, Beverages, Fast, Food, Snacks, Indian",4.2,57,57,57,200,19.38350617
BokChoy Bowl,Mumbai,Andheri East,"Pan-Asian, Chinese, Asian, Thai, Malaysian, Tibetan",4.5,57,57,57,400,13.70035097
BOMBAY SEEKH CORNER,Mumbai,Chembur,"Snacks, Indian",,53,53,53,200,
Tru Falafel,Mumbai,Powai,"Lebanese, Middle, Eastern, Healthy, Food, Mediterranean, Arabian",4.5,53,53,53,600,20.76804233
Keventers - Milkshakes and Desserts,Mumbai,Chembur,"Beverages, Ice, Cream, Desserts, Healthy, Food",4.3,46,46,46,300,19.84501822
A-1 chinese corner,Mumbai,Ghatkopar West,"Chinese, Continental, Fast, Food, Desserts",,55,55,55,250,
Chawlas^2,Mumbai,Marol,"North, Indian, Indian, Punjabi, Tandoor",4.2,57,57,57,400,16.51366766
Twin Pizza's,Mumbai,Powai,"Pizzas, Fast, Food, Snacks",,52,52,52,350,
Ramesh Da Dhaba,Mumbai,Sion,"North, Indian",4.2,48,48,48,200,19.38350617
Agarwal's Kulfi N Roll,Mumbai,Antop Hill,Desserts,4.4,45,45,45,250,20.30653027
Shivsu chinese restuarant,Mumbai,Mukti Nagar,Chinese,4.2,52,52,52,400,26.10974562
temptationz cakes & more,Mumbai,Powai,"Desserts, Bakery, Fast, Food",3.9,59,59,59,500,17.99897002
FLAME GAME,Mumbai,Andheri East,"Asian, Chinese, Seafood",4.4,57,57,57,500,17.30003278
Only Roti's,Mumbai,Andheri East,"Fast, Food",4.6,61,61,61,250,18.08639791
The Shawarma And Momo Factory,Mumbai,Antop Hill,"Fast, Food",3.9,51,51,51,120,15.33411997
Nita Tandoor Shawarma,Mumbai,Sion,"Fast, Food, Snacks",3.8,51,51,51,400,11.56918526
Cafe Alvi,Mumbai,Chembur,Cafe,3.6,52,52,52,500,10.96028078
Al Hamdan Restaurant,Mumbai,Andheri East,"North, Indian, Mughlai, Biryani, Beverages, Afghani, Desserts",3.6,50,50,50,400,16.61443386
Hamdan Restaurant,Mumbai,Andheri East,"North, Indian, Chinese, Biryani, Fast, Food, Desserts, Beverages",4,51,51,51,300,18.46048207
Simran punjabi food,Mumbai,Matunga Wadala,Punjabi,,56,56,56,250,
Al Zaika,Mumbai,Andheri East,"North, Indian, Chinese, Fast, Food, Desserts",3.8,52,52,52,250,14.9409374
De Goa Kitchen,Mumbai,Andheri East,"Goan, Seafood",4.2,57,57,57,700,19.38350617
Havmor Icecream,Mumbai,Andheri East,"Desserts, Bakery, Ice, Cream",4.4,46,46,46,250,13.39589873
TIFFINS by SAM,Mumbai,bldg no15 /402  Aniket Building  Shivaji Nagar,Indian,,63,63,63,200,
Suraj Chinese Corner,Mumbai,Sion,"Chinese, Beverages",4.1,51,51,51,250,18.92199412
Marol Darbar ,Mumbai,Andheri East,"North, Indian, Chinese, Mughlai, Fast, Food, Desserts, Juices",3.8,54,54,54,300,14.9409374
Al Baik.com,Mumbai,Andheri East,"Snacks, Pizzas",4.1,59,59,59,300,18.92199412
Tunga Restaurant,Mumbai,Powai Area,"Indian, Chinese, Mangalorean",,67,67,67,300,
Nayak's Restaurant,Mumbai,Andheri East,"Indian, Chinese",3.9,56,56,56,550,11.87363751
Ruchi restaurant,Mumbai,Powai,"North, Indian, Chinese, Biryani, South, Indian, Fast, Food",3.9,51,51,51,300,11.87363751
BACONFESSIONS,Mumbai,Chembur,"Italian, Continental, Snacks",4.2,59,59,59,300,12.78699424
Cafe Coffee Day,Mumbai,Andheri East,"Beverages, Snacks, Desserts",3.9,61,61,61,300,15.33411997
Leela's Kitchen,Mumbai,Powai,"Bakery, Desserts",,55,55,55,500,
Sahara Family Restaurant ,Mumbai,Andheri East,"North, Indian, Chinese, Biryani, Desserts",4,53,53,53,400,12.17808975
Santosh kitchen,Mumbai,Matunga Wadala,"Chinese, Snacks",,54,54,54,400,
230 Celsius,Mumbai,Chembur,"Italian, Continental",4.1,60,60,60,1,18.92199412
1441 Pizzeria,Mumbai,Lower Parel Area,"Italian, Pizzas, Pastas, Desserts, Beverages",3.9,58,58,58,500,17.99897002
Havmor Havfunn,Mumbai,Andheri East,"Ice, Cream, Ice, Cream, Cakes, Desserts",4.6,46,46,46,200,14.00480321
HARDEEP PUNJAB,Mumbai,Sion Koliwada,"Indian, Chinese",4.3,57,57,57,600,29.70764555
Mumbai Bites,Mumbai,Matunga,"Fast, Food",4,54,54,54,200,18.46048207
Nagpal Fish fry,Mumbai,Andheri East,"Chinese, North, Indian, Seafood",4,54,54,54,600,12.17808975
RAJ  PALACE  RESTAURANT,Mumbai,Antop Hill,Indian,,57,57,57,300,
Shubham Fast Food,Mumbai,Sion Bhakti Park,Chinese,,54,54,54,300,
Aditya,Mumbai,Chembur,"Mughlai, North, Indian, Chinese",4.2,56,56,56,850,16.51366766
Tender Fresh,Mumbai,Powai,"Ice, Cream",4.6,50,50,50,150,14.00480321
Kaswa chicken Shwarma,Mumbai,Powai,Lebanese,,50,50,50,200,
Ammu's Kitchen,Mumbai,Vikhroli West,"Chinese, Biryani, Indian, Tandoor, Desserts",,58,58,58,500,
Dil Se Dalia,Mumbai,Andheri East,"Fast, Food, North, Indian",,60,60,60,250,
Street 528,Mumbai,Antop Hill,Snacks,,55,55,55,200,
Mothers Touch Kathiyawadi,Mumbai,Marol Sakinaka,Gujarati,,63,63,63,350,
Monster Wok,Mumbai,Marol Sakinaka,Chinese,,55,55,55,200,
The mother's touch Rajasthani,Mumbai,Andheri East,"Indian, Rajasthani",3.5,62,62,62,200,10.65582853
BUNNY'S KITCHEN,Mumbai,Chembur,"American, Snacks",,56,56,56,300,
More's Family Restaurant & Bar,Mumbai,Andheri East,"North, Indian, Chinese",4,59,59,59,500,12.17808975
Ma laxmi food corner,Mumbai,Powai,Chinese,,60,60,60,200,
Mother's Touch Gujrati,Mumbai,Andheri East,Indian,3.2,58,58,58,200,9.742471801
Kung Fu Panda,Mumbai,Andheri East,"Chinese, Thai, Asian",4.3,58,58,58,600,19.84501822
Hotel om sai,Mumbai,Andheri East,"Chinese, Biryani, Indian",,55,55,55,400,
Royal Falooda and Juice Centre,Mumbai,Sion,"Continental, Beverages, Ice, Cream",3.9,53,53,53,300,11.87363751
Shawarma Street,Mumbai,Andheri East,"Fast, Food",4.2,52,52,52,200,19.38350617
Delight punjabi kulfi & cold drinks,Mumbai,Sion,Desserts,4.3,47,47,47,300,19.84501822
BANGLORE IYANGARS BAKERY AND CAKE,Mumbai,Ghatkopar Vikhroli,"Bakery, Desserts",,54,54,54,200,
Crrave N Eat,Mumbai,Andheri East,"Desserts, Pizzas",,62,62,62,300,
New Punjab Restaurant,Mumbai,Antop Hill,Indian,3.9,58,58,58,200,15.33411997
Mini Punjab,Mumbai,Antop Hill,"Chinese, North, Indian",3.9,54,54,54,300,17.99897002
PRATIK RESTAURANT,Mumbai,Powai,"Indian, Chinese, Tandoor, Punjabi",4.5,54,54,54,250,13.70035097
Mystery Box,Mumbai,Andheri East,"Chinese, Thai, Indonesian, Combo",4.2,57,57,57,400,12.78699424
Hazara Restaurant & Bar,Mumbai,Sion,"Mughlai, North, Indian, Chinese, Seafood",4,53,53,53,600,12.17808975
Just Rice,Mumbai,Andheri East,Indian,,68,68,68,200,
Raju Ki Rasoi,Mumbai,Sion,"Indian, Tandoor, Biryani",,56,56,56,300,
Royal Punjab Restaurant & Bar,Mumbai,Matunga Wadala,"North, Indian, Chinese",,57,57,57,400,
Hotel Sadguru,Mumbai,Vikhroli,"Indian, Chinese",4.5,55,55,55,300,13.70035097
FREEZO CAKES,Mumbai,Chembur,Bakery,,58,58,58,200,
Cake Walk 72,Mumbai,Andheri East,Desserts,4.1,57,57,57,300,16.12048509
Swad Desi,Mumbai,Andheri East,"Asian, Fast, Food, Chinese, Combo",,60,60,60,200,
Decent Restaurant,Mumbai,Ghatkopar West,"Chinese, North, Indian",3.8,54,54,54,400,14.9409374
CHINESE@99,Mumbai,Marol Sakinaka,Chinese,,56,56,56,200,
MERYAKI,Mumbai,Marol Sakinaka,"Chinese, Seafood",,66,66,66,200,
STAR RESTAURANT,Mumbai,Ghatkopar Vikhroli,"Chinese, North, Indian, Fast, Food, Mughlai, Indian, Seafood, Kebabs, Thalis",,65,65,65,500,
Pizzza.in,Mumbai,Bandra Area,"Pizzas, Italian",,67,67,67,800,
Traditional Chinese,Mumbai,Chembur,"Chinese, Fast, Food",3.8,61,61,61,500,14.9409374
RJ Spice,Mumbai,Andheri East,"Chinese, Thai, Fast, Food",4.1,55,55,55,450,12.48254199
Agarwal Fast Food Pure Veg,Mumbai,Sion,"Street, Food, North, Indian",4.2,52,52,52,200,19.38350617
Cairo Grill,Mumbai,Khar West,"Lebanese, Middle, Eastern",3.8,52,52,52,400,11.56918526
Havmor Havfunn Ice Cream,Mumbai,Chembur,"Ice, Cream, Ice, Cream, Cakes, Desserts",4.4,49,49,49,300,20.30653027
The Punjab Tandoor & Fish Fry,Mumbai,Antop Hill,"Tandoor, Indian",3.9,54,54,54,600,17.99897002
Night Wolf,Mumbai,Ghatkopar Vikhroli,Lebanese,,57,57,57,100,
Agarwal Parathas and Snacks,Mumbai,Sion,Snacks,3.7,56,56,56,250,11.26473302
Pot Pourri,Mumbai,Chembur,"Italian, Continental, Indian, Mexican",4.1,59,59,59,1000,12.48254199
JIMMY'S DHABA,Mumbai,Khar West,"North, Indian, Desserts",,59,59,59,500,
Benzy's Restaurant,Mumbai,Andheri East,"North, Indian, Chinese, Mughlai, Seafood",4.4,62,62,62,500,17.30003278
The Bandra Sushiholic,Mumbai,Bandra Area,Sushi,4.2,63,63,63,1400,16.51366766
Lazeez,Mumbai,Andheri East,"North, Indian, Mughlai",4.1,60,60,60,350,16.12048509
Chef Kong,Mumbai,Khar West,"Chinese, Thai",4,54,54,54,650,12.17808975
Fat Kongg,Mumbai,Khar West,"Chinese, Continental, Thai",4.2,54,54,54,500,16.51366766
U Turn at Khar West,Mumbai,Bandra West,"Chinese, Continental, Indian, Beverages",,60,60,60,200,
Bandra Grillz,Mumbai,Bandra West,"Chinese, Lebanese, Kebabs, Mughlai, Indian",,54,54,54,350,
Popular Family Restuarant,Mumbai,Ghatkopar Vikhroli,"Indian, Mughlai, Chinese, Biryani, Punjabi",,55,55,55,400,
Malvani Chaska,Mumbai,Ghatkopar,"North, Indian, Seafood",4.2,59,59,59,300,19.38350617
Uncle's Chinese Marol,Mumbai,Marol Sakinaka,Chinese,4.4,59,59,59,250,13.39589873
All Elements,Mumbai,Bandra Area,"Pizzas, Pastas, Italian, Snacks, Continental, Desserts, American, Salads",4.4,65,65,65,800,13.39589873
Hot Seekh,Mumbai,Santacruz West,"Tandoor, Arabian, Grill, Lucknowi, Chinese, Indian, Beverages, Mughlai, Awadhi, Lebanese",4.1,52,52,52,220,16.12048509
Rajasthan,Mumbai,Khar West,"Biryani, Desserts, North, Indian, Chinese, Ice, Cream, Mughlai, Fast, Food",4,52,52,52,400,24.8664244
Shiv Sagar,Mumbai,Khar West,"South, Indian, Continental, Beverages, Ice, Cream",4.4,56,56,56,250,27.35306684
Shree Krishna Chhaya,Mumbai,Khar West,"North, Indian, South, Indian, Chinese, Fast, Food",4.3,54,54,54,400,19.84501822
Mughal Khabsa,Mumbai,Vikhroli West,"Mughlai, Seafood, Beverages",,60,60,60,700,
Urban Street Cafe,Mumbai,Khar West,"Italian, Lebanese, Chinese, Indian, Mexican, Biryani, Pan-Asian, Asian, Salads, American",4.5,54,54,54,450,20.76804233
Dimsum (MOMO) Express,Mumbai,Andheri East,Asian,4.1,54,54,54,200,18.92199412
Papacream,Mumbai,Powai Area,"Ice, Cream, Desserts",4.7,63,63,63,350,14.30925546
Bachelorr's,Mumbai,Khar West,"Fast, Food, Desserts, Beverages",4.1,47,47,47,800,18.92199412
THE SERIAL GRILLER - BURGERS PLUS,Mumbai,Bandra West,American,3.9,55,55,55,450,11.87363751
Sangeeta's Kitchen,Mumbai,Andheri East,Indian,3.8,66,66,66,500,14.9409374
POLKA POP,Mumbai,Marol Sakinaka,Beverages,,57,57,57,120,
Filo Bakes,Mumbai,Andheri East,"Bakery, Desserts",,56,56,56,400,
Chai Point,Mumbai,Powai,"Bakery, Combo, Beverages, Maharashtrian, Snacks, Street, Food, South, Indian, Punjabi, Fast, Food",4.4,52,52,52,150,27.35306684
99 East,Mumbai,Andheri East,"North, Indian, Chinese, Seafood",,57,57,57,300,
Live bakers,Mumbai,Andheri East,Desserts,4.1,56,56,56,300,12.48254199
RushHrs,Mumbai,Marol Sakinaka,"American, Snacks, Beverages",,57,57,57,300,
FOOD LEE'S FAMILY RESTAURANT,Mumbai,Sion Bhakti Park,"Indian, Chinese",,56,56,56,360,
The Great Indian Appetizers,Mumbai,Powai,"Chinese, Lebanese, Pizzas",,57,57,57,300,
Bombay Kitchen,Mumbai,Andheri East,"Indian, Chinese, Pizzas, Pastas, Snacks, Biryani, Continental, Beverages, Desserts",,54,54,54,350,
Natures love momo,Mumbai,Bandra West,Chinese,,54,54,54,200,
Bombay Tandoori,Mumbai,Andheri East,"Indian, Tandoor, Chinese, Mughlai",3.7,54,54,54,250,23.00144257
Mandali Swayampak Ghar,Mumbai,Vikhroli West,Biryani,,61,61,61,500,
Aradhana Coastal Delight,Mumbai,Khar West,"Seafood, Malwani, Indian",4.4,58,58,58,750,17.30003278
Dragon House,Mumbai,Sion Bhakti Park,Chinese,,64,64,64,350,
Jaybharat Bar & Restaurant,Mumbai,Antop Hill,"North, Indian",,66,66,66,500,
The Asian Place,Mumbai,Andheri East,Indian,4.7,59,59,59,400,14.30925546
Desi Desserts,Mumbai,Andheri East,Desserts,,58,58,58,400,
The South Pavilion,Mumbai,Vikhroli West,"Beverages, Fast, Food, North, Indian, South, Indian",4.4,56,56,56,600,17.30003278
Dessert Junction,Mumbai,Andheri East,Desserts,3.7,54,54,54,200,11.26473302
Chembur Social,Mumbai,Chembur,"Indian, Chinese, Fast, Food, American, Biryani, Combo",3.7,59,59,59,600,17.07594591
Unique Chinese Point,Mumbai,Govandi East,Chinese,3.9,57,57,57,400,17.99897002
Classic Fast Food,Mumbai,Matunga,"Indian, Chinese, Continental",4.3,53,53,53,500,26.73140623
Nityam Food Court,Mumbai,Khar West,"Snacks, South, Indian, Chaat, Chinese, Indian, Tandoor",4.3,56,56,56,300,19.84501822
Cafe marol,Mumbai,Andheri East,"Indian, Chinese, Tandoor",3.8,54,54,54,200,26.25326816
The Punjabi's Kitchen,Mumbai,Powai Area,"North, Indian",4.4,65,65,65,500,27.35306684
Shahi Chulha,Mumbai,Khar West,"North, Indian, Punjabi, Street, Food, Mughlai, Biryani, Tandoor, Arabian",,61,61,61,300,
The BlueBop Cafe,Mumbai,Bandra Area,"Italian, American, Mexican, Pastas, Pizzas, Desserts, Salads, Snacks",4.6,62,62,62,1100,21.22955438
Health Juice Centre Matunga,Mumbai,Matunga,"Juices, Fast, Food",4.5,55,55,55,400,27.97472745
Desi Shawarma,Mumbai,Khar West,"Fast, Food, Street, Food, Arabian",,56,56,56,200,
The Dough Therapy,Mumbai,Matunga,"Italian, Pizzas, Pastas, Desserts, Beverages",4.3,63,63,63,600,19.84501822
Badri's,Mumbai,Govandi East,Indian,4.3,57,57,57,500,16.90685022
Ching Asia,Mumbai,Andheri East,Pan-Asian,4.5,64,64,64,600,13.70035097
Foodies Chinese Corner,Mumbai,Govandi East,Indian,4.1,57,57,57,250,16.12048509
Just Frys,Mumbai,Khar West,"Fast, Food",,58,58,58,200,
Punjabi Meal Box,Mumbai,Khar West,"North, Indian, Punjabi, Street, Food, Mughlai, Biryani, Tandoor, Arabian",3.9,59,59,59,350,11.87363751
The Punjabi Co.,Mumbai,Khar West,"North, Indian, Punjabi, Street, Food, Mughlai, Biryani, Tandoor, Arabian",3.6,62,62,62,250,10.96028078
Paa G,Mumbai,Andheri East,"North, Indian, Chinese, Italian",,62,62,62,400,
Cocoon - Dragonfly Hotel,Mumbai,Andheri East,"North, Indian, Chinese",4.4,59,59,59,400,13.39589873
New Punjab Restaurant & Bar (King circle),Mumbai,Matunga,"Mughlai, North, Indian, Chinese, Seafood",4.3,58,58,58,750,13.09144648
Koldplay Ice Creams,Mumbai,Matunga,"Ice, Cream, Desserts",4.4,52,52,52,250,17.30003278
Monica Chinese Fast Food,Mumbai,Antop Hill,Chinese,3.9,57,57,57,350,15.33411997
China Gate (Mahakali - Andheri East),Mumbai,Powai Area,Chinese,4.3,70,70,70,1200,16.90685022
Sindhful,Mumbai,Khar West,"Sindhi, North, Indian, Snacks",4.4,57,57,57,700,20.30653027
Hyderabadi Dum Biryani,Mumbai,Powai,"Biryani, Beverages",,57,57,57,500,
BOGO Biryani,Mumbai,Powai,"Biryani, Beverages",,58,58,58,500,
149@Biryani,Mumbai,Powai,"Biryani, North, Indian",,59,59,59,200,
Biryani & Free Masala Chaas,Mumbai,Powai,"Biryani, Beverages",,58,58,58,500,
99@Biryani,Mumbai,Powai,Biryani,3.5,55,55,55,200,10.65582853
Biryani House,Mumbai,Powai,"Biryani, Beverages",,57,57,57,500,
Tandoori Pizza,Mumbai,Lower Parel Worli,"Pizzas, Kebabs, North, Indian, Fast, Food, Desserts",,61,61,61,500,
Caravan Serai,Mumbai,Andheri East,"Indian, Fast, Food",,63,63,63,1000,
Irish Biryani,Mumbai,Powai,"Hyderabadi, Biryani, Beverages",,58,58,58,500,
Biryani Center,Mumbai,Powai,"Biryani, Beverages",,58,58,58,500,
Pizza Lover,Mumbai,Powai,Pizzas,,58,58,58,250,
Cafe Sahar,Mumbai,Andheri East,"North, Indian, Chinese, Mughlai, Desserts, Fast, Food",4,56,56,56,300,12.17808975
Pizza Bar,Mumbai,Powai,Pizzas,,62,62,62,500,
Noodle Bar,Mumbai,Powai,"Chinese, Continental",,58,58,58,550,
KHAVAYYA HOUSE,Mumbai,Matunga,"Indian, Chinese",,64,64,64,200,
THE LAKE FRONT RESTAURANT,Mumbai,Marol Sakinaka,"North, Indian, Chinese, Thalis, Biryani",,57,57,57,300,
Biryani Point,Mumbai,Powai,"Biryani, Beverages",,58,58,58,500,
Buy 2 get 1 Free Biryani,Mumbai,Powai,"Biryani, Beverages",,58,58,58,500,
New Khalsa Punjab,Mumbai,Chembur,"Mughlai, North, Indian, Chinese",,65,65,65,450,
Sheetal Restaurant and Bar,Mumbai,Khar West,"Indian, Seafood, Chinese, Ice, Cream",4.2,57,57,57,1200,19.38350617
Khaana Khazana,Mumbai,Antop Hill,"North, Indian, Chinese",4.1,54,54,54,400,12.48254199
Food Style,Mumbai,Powai,Indian,,61,61,61,400,
Sadak Chaap,Mumbai,Khar West,"North, Indian",4.4,58,58,58,200,20.30653027
Kebab Biryani,Mumbai,Powai,Biryani,,58,58,58,500,
Cafe Safar ( Andheri East ),Mumbai,Jogeshwari East,"Chinese, North, Indian, Biryani, Desserts",4,57,57,57,250,27.63501912
Mad Momos,Mumbai,Andheri East,"Chinese, Tibetan, Nepalese, Pizzas, Snacks, Beverages, Combo",3.8,60,60,60,250,23.62310318
Sandwich Coffee House,Mumbai,Matunga,"American, Beverages, Fast, Food",4.3,58,58,58,350,16.90685022
Poetry By Love & Cheesecake,Mumbai,Chembur,"Bakery, Continental, Salads, Pastas, European, Desserts",4.7,54,54,54,800,21.69106643
Baba Falooda,Mumbai,Mahim,"Desserts, Beverages",4.4,58,58,58,150,30.39852103
KK (khaokujao),Mumbai,Ghatkopar Vikhroli,"Indian, Snacks, Fast, Food, South, Indian, Sweets, Beverages",,60,60,60,200,
Ohh My Fudge,Mumbai,Khar West,"Desserts, Ice, Cream",,68,68,68,100,
The Asian Pavilion,Mumbai,Chembur,"Asian, Chinese",5,64,64,64,200,15.22261219
Get In My Belly,Mumbai,Chembur,Indian,5,58,58,58,500,15.22261219
Sugar Nest,Mumbai,Chembur,"Desserts, Bakery",,64,64,64,300,
Pomona Cafe,Mumbai,Matunga,"Italian-American, European, Continental",4,63,63,63,500,15.72730253
KILO PARTY,Mumbai,Chembur,Indian,,58,58,58,500,
BIRYANI BOWL,Mumbai,Powai,"Biryani, Beverages",4.2,61,61,61,500,12.78699424
Belly Darbar,Mumbai,Chembur,"North, Indian, Chinese, Biryani, Kebabs, Punjabi, Desserts, Indian, Asian, Pizzas, Thai, Jain",4.3,62,62,62,400,16.90685022
Rolls Bistro,Mumbai,Matunga,"Continental, Indian",4,60,60,60,250,15.72730253
Roti De Tokari,Mumbai,Juhu,"Punjabi, North, Indian",,57,57,57,500,
VJ Cafe,Mumbai,Matunga,"Beverages, Desserts, American, Fast, Food",4.2,56,56,56,350,12.78699424
Khao Piyo,Mumbai,Khar West,"Continental, Fast, Food, North, Indian",,55,55,55,600,
Mawali Bhai Dosa,Mumbai,Matunga,"South, Indian",4.1,53,53,53,300,16.12048509
BIRYANI WALI,Mumbai,Powai,Biryani,,59,59,59,400,
99 Pankcakes,Mumbai,Matunga,"Desserts, Beverages, Pizzas",4.1,56,56,56,300,16.12048509
Breakfast Bistro,Mumbai,Matunga,"American, European, Continental",4,58,58,58,500,18.46048207
Cafe 2.0,Mumbai,Matunga,"Fast, Food, Pastas, Pizzas",4.1,58,58,58,300,12.48254199
Eagle Boys Pizza,Mumbai,Powai,"Pizzas, Fast, Food",3.7,56,56,56,600,17.07594591
Blossoms - Hotel Suncity,Mumbai,Andheri East,"North, Indian, Chinese, Continental, Mughlai, Seafood",4.4,66,66,66,800,13.39589873
Konkan Chilly,Mumbai,Andheri East,"North, Indian, Seafood, Chinese",,62,62,62,500,
DesiKnockout,Mumbai,Chembur,"North, Indian, Biryani",,60,60,60,300,
Coffee By Di Bella,Mumbai,Matunga,"Cafe, Desserts, Chinese",4.6,57,57,57,800,21.22955438
The Ice Cream Bakery - TIB,Mumbai,Matunga Wadala,"Ice, Cream, Desserts, Bakery",,58,58,58,300,
Myfroyoland,Mumbai,Matunga East,"Desserts, Ice, Cream",4.7,53,53,53,400,14.30925546
Waffles By Di Bella,Mumbai,Matunga,"Ice, Cream",4.7,60,60,60,250,14.30925546
BIRYANI & FREE SPRITE,Mumbai,Powai,"Biryani, Beverages",,59,59,59,400,
THE MOTHER TOUCH,Mumbai,Chembur,"Chinese, Fast, Food, Pizzas, Snacks",,73,73,73,280,
PK Biryani House (Deccan),Pune,Narayan Peth,"Biryani, Maharashtrian, North, Indian, Mughlai, Hyderabadi, Indian",4.1,36,36,36,200,28.3258946
Chaitanya Paranthas,Pune,Shivajinagar,"North, Indian, Punjabi, Chinese, Thalis, Combo, Beverages, Desserts",4.2,35,35,35,200,29.01677007
Oven Story Pizza,Pune,Erandwane,Pizzas,4,46,46,46,600,18.46048207
Madinah,Pune,Bhawani Peth,"Mughlai, North, Indian, Chinese, Biryani",4,34,34,34,200,24.8664244
MH 12 Pav Bhaji,Pune,Rasta Peth,"Snacks, Pizzas, Beverages, Street, Food",4.1,27,27,27,250,25.48808501
The Good Bowl,Pune,Shaniwar Peth,"North, Indian, Punjabi, Biryani, Combo, Chinese, Beverages, Desserts, Jain, Indian, Hyderabadi, Mughlai",4.4,33,33,33,400,17.30003278
Aroma's Hyderabad House - Karve Road,Pune,Erandwane,"Biryani, Mughlai, North, Indian, Chinese",4.2,35,35,35,400,26.10974562
Ramsar Bakery,Pune,Shivajinagar,"Desserts, Fast, Food, Bakery",4.1,27,27,27,150,18.92199412
McDonald's,Pune,Shivajinagar,"American, Fast, Food",4.3,34,34,34,400,29.70764555
Jannat Restaurant,Pune,Camp,"North, Indian",4,33,33,33,200,15.72730253
Shahji's Parantha House (Laxmi Road),Pune,Raviwar Peth,"North, Indian",4.3,35,35,35,500,19.84501822
Behrouz Biryani,Pune,Erandwane,"Biryani, Mughlai, Lucknowi, Hyderabadi, Kebabs, North, Indian, Persian, Desserts",4.2,45,45,45,500,19.38350617
Bebe Di Rasoi - Punjabi,Pune,Shivajinagar,"North, Indian, Punjabi, Biryani, Kebabs, Mughlai, Desserts, Beverages",4.1,48,48,48,300,25.48808501
Aarz Restaurant,Pune,Swargate,Indian,,32,32,32,240,
Firangi Bake,Pune,Shaniwar Peth,"Italian, Mexican, Pastas",4.4,38,38,38,400,13.39589873
Pure Veg Meals by Lunchbox,Pune,Shaniwar Peth,"North, Indian, Desserts, Biryani",,34,34,34,200,
Haka,Pune,Shivajinagar,"Chinese, Asian, Seafood",4.5,52,52,52,500,20.76804233
Sweet Truth - Cake and Desserts,Pune,Shaniwar Peth,"Bakery, Desserts, Beverages",4.5,29,29,29,450,13.70035097
Faasos,Pune,Shaniwar Peth,"Combo, Snacks, Beverages, Desserts, Indian",4.3,30,30,30,200,19.84501822
Amhi Kolhapuri - Shivajinagar Canteen ,Pune,JM Road,"Maharashtrian, Indian, Biryani, Beverages",3.7,35,35,35,200,17.07594591
LunchBox,Pune,Narayan Peth,"North, Indian, Punjabi, Combo, Biryani, Healthy, Food, Jain, Thalis, Indian, Mughlai, Desserts",4.1,31,31,31,200,18.92199412
Tiranga Budhwar peth (Main Branch),Pune,Budhwar Peth,"Biryani, Maharashtrian, North, Indian",4.1,32,32,32,400,18.92199412
FISH CURRY RICE,Pune,Sadashiv Peth,"Maharashtrian, Seafood, Malwani",4.5,34,34,34,1000,20.76804233
Hotel Yatrik,Pune,Raviwar Peth,"Indian, South, Indian",4,30,30,30,500,12.17808975
Natural Ice Cream,Pune,Shivajinagar,"Ice, Cream",4.7,28,28,28,150,21.69106643
Sahare Dining Hall,Pune,Agarkar Nagar,"Gujarati, Rajasthani, Combo, Beverages",4.4,28,28,28,300,20.30653027
Poona Cafe,Pune,Rasta Peth,"North, Indian, Chinese, South, Indian",4.3,29,29,29,200,16.90685022
Annapurna Catering And Service Provider,Pune,Swargate,"Chinese, Indian",,50,50,50,300,
Havmor Ice Cream,Pune,Narayan Peth,"Ice, Cream, Desserts, Bakery",,33,33,33,200,
Kwality Walls Frozen Dessert and Ice Cream Shop,Pune,Swargate,"Ice, Cream",,37,37,37,300,
Chowpati Natural Kulfi,Pune,Kasba Peth,"Desserts, Ice, Cream",,30,30,30,100,
MADHUR PURE VEG,Pune,Appa Balwant Chowk Pune,"Chinese, South, Indian, Indian, Beverages, Ice, Cream",3.9,33,33,33,500,11.87363751
Her Paratha Factory,Pune,Camp,"North, Indian",,40,40,40,200,
Artinci - Indulge Guilt Free!,Pune,Camp,"Healthy, Food, Keto, Desserts, Ice, Cream, Snacks, Beverages, Bakery",4.7,30,30,30,250,14.30925546
Classic Pav Bhaji,Pune,Camp,"Snacks, Punjabi",,40,40,40,200,
The Sugar Free Keto Kafe - By Artinci,Pune,Camp,"Healthy, Food, Keto, Beverages, Ice, Cream, Desserts, Bakery",4.4,30,30,30,250,13.39589873
The MOMO'S Point,Pune,Shivaji Nagar,Chinese,,33,33,33,140,
Vadilal Ice Cream,Pune,Swargate,"Ice, Cream",,36,36,36,200,
Granny Ammaas Cake,Pune,Somwar Peth,"Desserts, Bakery",4.1,34,34,34,300,12.48254199
Om Sadguru Snacks Center,Pune,Shivaji Nagar,"South, Indian, Snacks",,34,34,34,120,
Modern Cafe,Pune,Shivajinagar,"South, Indian, North, Indian",4.3,36,36,36,300,13.09144648
Happy Family Restaurant,Pune,Shivaji Nagar,"North, Indian, Biryani, Thalis",,34,34,34,250,
Bamboo House,Pune,Shivajinagar,"Mughlai, North, Indian, Continental",4,39,39,39,1000,15.72730253
Deep Blue Sea,Pune,Swargate,"Fast, Food, Seafood",,47,47,47,250,
SP's Biryani House,Pune,Sadashiv Peth,"Biryani, North, Indian, Indian, Maharashtrian",4.2,37,37,37,600,26.10974562
KWALITY Family resto Bar,Pune,Shivajinagar,"North, Indian, Punjabi, Snacks",4.2,35,35,35,500,12.78699424
Amhi Kolhapuri,Pune,Magarpatta,"Maharashtrian, North, Indian, Chinese, Tandoor",3.6,38,38,38,200,14.15457228
Fountain Family Rest O Bar,Pune,Shivajinagar,"North, Indian, Chinese",4.4,37,37,37,500,13.39589873
Kekiz The Cake Shop,Pune,Shivaji Nagar,"Bakery, Desserts",,35,35,35,300,
Sukanta,Pune,Narayan Peth,Maharashtrian,4.2,35,35,35,400,19.38350617
The Momo Panda,Pune,Swargate,"Fast, Food, Tibetan",4.3,34,34,34,200,16.90685022
Vrudheshwar Pure Veg,Pune,Shivajinagar,"North, Indian",4.3,33,33,33,300,13.09144648
Havmor Ice CreamJM Road,Pune,Shivajinagar,"Ice, Cream",4.2,28,28,28,200,12.78699424
Sujata Mastani,Pune,Camp,Desserts,4.4,27,27,27,200,20.30653027
Bread Bash,Pune,Swargate,"Italian, Beverages",,38,38,38,300,
Rama Krishna,Pune,Camp,"North, Indian, South, Indian, Chinese, Fast, Food, Snacks, Beverages, Indian",4.3,32,32,32,450,29.70764555
Chilling Adda,Pune,Swargate,"North, Indian, Fast, Food, Italian, Beverages",,35,35,35,300,
Rajmandir Ice Cream,Pune,Shivaji Nagar,"Ice, Cream, Desserts, Beverages",4,27,27,27,150,12.17808975
GANESH BHEL-Swargate,Pune,Narayan Peth,"Chaat, Fast, Food",4.4,28,28,28,200,20.30653027
MAHARASHTRIAN THALI,Pune,Rasta Peth,"North, Indian, Chinese, Beverages",4.1,32,32,32,200,12.48254199
Mayas Kitchen,Pune,Camp,"Indian, Salads",4.2,47,47,47,199,12.78699424
Shree Krishna Juice Bar,Pune,Shivajinagar,"Juices, Beverages",5,39,39,39,150,15.22261219
KFC,Pune,Narayan Peth,"American, Fast, Food, Snacks",4.1,49,49,49,400,18.92199412
Pizza Hut,Pune,Shivajinagar,"Pizzas, Fast, Food",3.9,36,36,36,350,17.99897002
Sanskruti Pure Veg,Pune,Narayan Peth,"South, Indian",,32,32,32,300,
APPAS GURUDEV PIZZA SANDWICH CORNER,Pune,Swargate,"Pizzas, British, American, Snacks",,34,34,34,200,
SWARAJYA WADEWALE,Pune,Camp,"Snacks, South, Indian, Beverages",,33,33,33,200,
Rajendra Paav Bhaji,Pune,Somwar Peth,"Street, Food, Desserts",4.4,28,28,28,350,20.30653027
Deccan Express,Pune,Swargate,Chinese,,34,34,34,350,
Wadeshwar (Bajirao road),Pune,Shukrawar Peth,"South, Indian, Fast, Food, Snacks, Street, Food, Beverages",4.6,26,26,26,300,21.22955438
Gokul Chinese,Pune,Swargate,Chinese,,44,44,44,300,
Mahesh Lunch Home,Pune,Camp,"Seafood, Indian, Chinese",4.2,34,34,34,900,19.38350617
The Brooklyn Creamery - The Healthy Ice cream,Pune,Camp,"Desserts, Ice, Cream",,33,33,33,200,
agatya thali,Pune,Camp,"Biryani, Hyderabadi",,33,33,33,250,
LKD | La Kheer Deli,Pune,Shivajinagar,Desserts,4.3,34,34,34,200,13.09144648
Marrakesh,Pune,Shivajinagar,"Lebanese, North, Indian, Afghani, Mughlai, Combo, Biryani, Kebabs, Mediterranean, Arabian, Middle, Eastern, Desserts",4,46,46,46,300,18.46048207
Subway,Pune,Deccan Gymkhana,"Fast, Food, Healthy, Food, Salads, Snacks, Desserts, Beverages",4.4,35,35,35,350,20.30653027
BAPAT UPAHAR GRUHA,Pune,Shukrawar Peth,Indian,3.7,34,34,34,200,17.07594591
Sri Murlidhar Veg Thali,Pune,Narayan Peth,"Maharashtrian, Gujarati, Rajasthani",4.6,32,32,32,200,18.08639791
New Apurwai Non Veg,Pune,Narayan Peth,Indian,,35,35,35,350,
Coconut Grove,Pune,Kasba Peth,"Chettinad, North, Indian, Mangalorean, Seafood",,37,37,37,1000,
Jija Pure Veg,Pune,Sadashiv Peth,Indian,,35,35,35,150,
SWAD CASA,Pune,Camp,"Chinese, North, Indian",,34,34,34,400,
Samudra Veg,Pune,Erandwane,"North, Indian, Chinese, South, Indian, Fast, Food",4.3,35,35,35,400,29.70764555
Barbeque Nation,Pune,Narayan Peth,"North, Indian, Mughlai, Seafood, Biryani, Desserts, Kebabs",4,45,45,45,600,18.46048207
Malhar,Pune,Swargate,"Ice, Cream, Italian, South, Indian",,36,36,36,200,
The Habit,Pune,Sadashiv Peth,"Fast, Food",,52,52,52,150,
Hotel Ashirwad,Pune,Sadashiv Peth,"Maharashtrian, North, Indian",4.1,35,35,35,200,12.48254199
Hotel Aasra Biryani House,Pune,Shukrawar Peth,Indian,,45,45,45,300,
The Nourish House,Pune,Shivaji Nagar,"Salads, Italian-American, Beverages",,48,48,48,350,
Shubham Pure Veg,Pune,Shivaji Nagar,"North, Indian, South, Indian",4.7,35,35,35,250,14.30925546
Saar Chat House,Pune,Swargate,"Fast, Food",,36,36,36,200,
Khandesh Junction,Pune,Narayan Peth,"Maharashtrian, Punjabi, Beverages, Combo",3.8,36,36,36,200,11.56918526
Garden Vada Pav Centre,Pune,Camp,"Street, Food",4.4,33,33,33,100,27.35306684
Panchali Restaurant,Pune,Shivajinagar,"North, Indian",4.3,33,33,33,500,19.84501822
Mr.Idli,Pune,Shivaji Nagar,"South, Indian, Fast, Food",,37,37,37,200,
Wich Wich,Pune,Shivajinagar,"Fast, Food",,37,37,37,200,
The Golden Samosa,Pune,Shivaji Nagar,Snacks,,36,36,36,100,
Chirp Cafe,Pune,Shivajinagar,"Beverages, Chinese, Indian, Italian, Pizzas",4.4,48,48,48,400,13.39589873
Khichdi Express,Pune,Shivajinagar,"Healthy, Food, Home, Food, Desserts",4.6,40,40,40,200,14.00480321
Gulp,Pune,Shivajinagar,"Beverages, Desserts, Fast, Food",4.9,37,37,37,200,14.91815994
Shiv Sagar,Pune,Shivajinagar,"North, Indian, South, Indian, Chinese, Fast, Food",4.2,37,37,37,300,19.38350617
CRAZYSIZZLERS,Pune,Shivaji Nagar,"Pastas, Pizzas, Continental, Chinese, Thai",,38,38,38,600,
Malhar Assal Kolhapuri,Pune,Swargate,"Maharashtrian, North, Indian",,37,37,37,450,
Shri Kailash dairy,Pune,Shukrawar Peth,"Beverages, Desserts, Sweets, Snacks, Ice, Cream",4.1,33,33,33,200,16.12048509
Noodles & Co,Pune,Shivajinagar,Chinese,,37,37,37,300,
Haldiram,Pune,Deccan Gymkhana,"Indian, Biryani, Fast, Food, Snacks, Beverages, Sweets",4.3,45,45,45,300,26.73140623
Smokin' Joe's,Pune,Shivajinagar,"American, Fast, Food",4,35,35,35,400,15.72730253
House of Paratha,Pune,Shivajinagar,"North, Indian",4.1,36,36,36,250,16.12048509
Garva Biryani,Pune,Swargate,Biryani,3.6,34,34,34,300,10.96028078
Cafe Peter,Pune,Shivajinagar,Continental,3.5,38,38,38,350,10.65582853
Munchieez,Pune,Shivaji Nagar,"Fast, Food, Snacks, Beverages",,37,37,37,400,
Cinnamon by Shantai,Pune,Rasta Peth,"North, Indian, Chinese, Continental",4.4,46,46,46,600,13.39589873
Lassi Magic,Pune,Sadashiv Peth,Beverages,,45,45,45,200,
Eatsome,Pune,Shivajinagar,"North, Indian, Biryani, Street, Food, Fast, Food, Combo, Beverages",4.2,32,32,32,250,19.38350617
AADD (M) AADD(B),Pune,Sadashiv Peth,"Cafe, Beverages, Desserts",,44,44,44,300,
Kwality Family Resto Bar(Rahul Cinemas),Pune,Shivaji Nagar,"North, Indian, Punjabi, Biryani, Chinese, Desserts",,38,38,38,450,
Pandurang Bhel,Pune,Sadashiv Peth,"Fast, Food",4.6,36,36,36,150,21.22955438
Oum Kailash Dairy,Pune,Ganesh Peth,Desserts,,38,38,38,150,
HAIDRABADI BIRYANI HOUSE,Pune,Swargate,"Hyderabadi, Biryani",,37,37,37,300,
The Deccan Bid Capital,Pune,Shivajinagar,"North, Indian, Continental",,39,39,39,1200,
Anand Veg,Pune,Erandwane,"North, Indian, Fast, Food, Chinese",4.4,36,36,36,400,27.35306684
NIC Natural Ice Creams,Pune,Modi Colony,"Ice, Cream, Desserts",4.6,31,31,31,120,21.22955438
Amrapali,Pune,Deccan Gymkhana,"North, Indian, Chinese",4.5,40,40,40,600,20.76804233
Absolute China,Pune,Erandwane,Chinese,3.9,34,34,34,200,24.24476379
Venky's Xprs (Shivaji Nagar),Pune,Deccan Gymkhana,"Fast, Food",4.5,36,36,36,300,17.69321535
Hotel Malwani Solkadi,Pune,Sadashiv Peth,Maharashtrian,,44,44,44,500,
PGI Restaurant,Pune,Camp,Seafood,,44,44,44,400,
Krishna Chaya,Pune,sadashiv peth,"Snacks, South, Indian, Chinese",,38,38,38,150,
Masemari - The Fishing,Pune,Sadashiv Peth,"Maharashtrian, Malwani, Mangalorean, Goan, Konkan",,39,39,39,1000,
Prakash Snack Center,Pune,Shivaji Nagar,"Fast, Food, Snacks",,37,37,37,100,
The Cake & Cream Factory,Pune,Sadashiv Peth,"Desserts, Bakery",4.2,38,38,38,200,12.78699424
AKKAGS T.R SHARMA SHEGOAN KACHORI CENTER,Pune,Narayan Peth,"Street, Food",,37,37,37,100,
Mh 12 Biryani House,Pune,Swargate,"Biryani, Indian, Seafood",,37,37,37,450,
CAD (M) CAD (B),Pune,Sadashiv Peth,"Beverages, Desserts, Fast, Food",4,34,34,34,200,18.46048207
HOT KATHI ROLLS,Pune,Shivaji Nagar,"Snacks, Indian",,45,45,45,200,
UFO Fries & Corn,Pune,Shivaji Nagar,"Fast, Food",,40,40,40,300,
Crazy Cheesy,Pune,Swargate,"Pizzas, Pastas, American, Italian",4.3,37,37,37,400,13.09144648
Rolls Mania,Pune,Sadashiv Peth,"Fast, Food",4.3,34,34,34,200,19.84501822
Abhishek Veg Restaurant,Pune,Erandwane,"North, Indian, Chinese, Fast, Food",4.3,47,47,47,400,29.70764555
Atharva Eggs Corner,Pune,Sadashiv Peth,Maharashtrian,,39,39,39,300,
Niranjan Veg Restaurant,Pune,Shivajinagar,"North, Indian, Chinese, South, Indian, Fast, Food",4.3,34,34,34,500,19.84501822
The Cake Studio & Cafe,Pune,Sadashiv Peth,"Fast, Food",4.7,32,32,32,350,21.69106643
UBQ by Barbeque Nation,Pune,Narayan Peth,"North, Indian, Mughlai, Seafood, Biryani, Desserts, Kebabs",4,39,39,39,300,18.46048207
Yolkshire,Pune,Shivajinagar,"Healthy, Food, European, Salads, Italian, Desserts, Beverages",4.3,35,35,35,300,19.84501822
Green Signal.,Pune,Shivajinagar,"Chinese, Continental, Indian, North, Indian",4.4,44,44,44,500,13.39589873
The Vegetable - FC Road,Pune,Narayan Peth,"North, Indian, Continental, European, Italian",,49,49,49,350,
Mahabaleshwar Berry Bash,Pune,Shivajinagar,"Ice, Cream, Desserts",,39,39,39,250,
Malvan ch kalvan,Pune,Swargate,"Thalis, Biryani",,37,37,37,240,
Shree Savji Biryani,Pune,Swargate,"North, Indian, Biryani, Thalis",,40,40,40,200,
Kok Pa Chinese,Pune,Deccan Gymkhana,"Chinese, Asian",3.9,34,34,34,250,17.99897002
Banjos The Food Chain,Pune,Shivaji Nagar,"Fast, Food, Chinese, Beverages",,36,36,36,300,
Hotel Shreyas,Pune,Shivajinagar,Maharashtrian,4.4,35,35,35,400,20.30653027
Amalgam - Fusion Food,Pune,Camp,"Continental, Italian, Bakery, Pan-Asian, Oriental",,47,47,47,500,
Galaxy - Orbett Hotel,Pune,Shivajinagar,"North, Indian, Asian, Continental",,37,37,37,1000,
Starbucks Coffee,Pune,Shivajinagar,"Beverages, Ice, Cream",4.3,44,44,44,400,19.84501822
CAKE  TOWN,Pune,Sadashiv Peth,Bakery,,38,38,38,200,
Breaking Bread Pune - Mehta Foods,Pune,Swargate,Indian,,48,48,48,200,
Frozen Bottle,Pune,Shivajinagar,"Beverages, Ice, Cream, Desserts",4.7,29,29,29,250,18.47958047
COFFEE NATION,Pune,Shivajinagar,"Indian, Cafe",,37,37,37,300,
Milan Pure Veg Restaurant,Pune,Ganj Peth,Indian,4.4,34,34,34,220,17.30003278
The Sea Secret,Pune,Narayan Peth,"Indian, Chinese",,50,50,50,1000,
Treat Studio,Pune,Deccan Gymkhana,"Fast, Food, Pastas",,44,44,44,300,
Chow Chow Chinese,Pune,Erandwane,Chinese,3.9,34,34,34,200,26.94414364
Cafe Goodluck,Pune,Deccan Gymkhana,"North, Indian, Fast, Food, Biryani, Cafe, Snacks, Beverages, Bakery",4.4,35,35,35,200,20.30653027
Shraavan Restaurant,Pune,Shivajinagar,"North, Indian, Chinese, Continental, Indian, Beverages",4.4,36,36,36,400,20.30653027
ZAZA 22 Spice Biryani,Pune,Shivaji Nagar,"North, Indian, Biryani, Combo, Snacks",3.6,37,37,37,250,14.15457228
George Restaurant,Pune,Camp,"North, Indian, Chinese, Biryani, Mughlai, Parsi, Fast, Food",4.3,33,33,33,600,29.70764555
NEW NEETA VEG AND NONVEG,Pune,Shivaji Nagar,"Indian, Biryani",,37,37,37,300,
Chitale Ice Cream,Pune,Swargate,"Ice, Cream",4.7,33,33,33,250,14.30925546
Culture Express,Pune,Shivajinagar,"Continental, North, Indian, Italian, European, Biryani, Indian, Chinese",,38,38,38,800,
KOD - King of Desserts And Waffles,Pune,Narayan Peth,"Desserts, Beverages",,37,37,37,200,
NH1 Bowls - Highway To North,Pune,Shivaji Nagar,"North, Indian, Biryani, Combo, Snacks",3.8,37,37,37,250,11.56918526
LeanCrust Pizza - ThinCrust Experts,Pune,Shivaji Nagar,"Pizzas, Italian, Healthy, Food",4,44,44,44,350,12.17808975
Mealful Rolls - Meals in a Roll,Pune,Shivaji Nagar,"North, Indian, Biryani, Combo, Snacks",,38,38,38,250,
Itminaan Biryani - Dum Pukht,Pune,Shivaji Nagar,"North, Indian, Biryani, Combo, Snacks",4.1,40,40,40,250,12.48254199
BOX8 - Desi Meals,Pune,Shivaji Nagar,"North, Indian, Biryani, Combo, Snacks",3.9,37,37,37,250,17.99897002
The Quick Wok,Pune,Shivajinagar,"Chinese, Fast, Food, Thai",4,38,38,38,300,18.46048207
TERRASINNE FOOD CORP.LLP,Pune,Shivaji Nagar,Indian,,51,51,51,600,
Caramellas Cake Shop Navi Peth,Pune,Sinhgad Road,Bakery,,33,33,33,100,
Abhis Corner By Samarth Foods,Pune,Sadashiv Peth,"Fast, Food, Italian, Chinese",,38,38,38,150,
Sharvaree Restaurant,Pune,Shivajinagar,"Maharashtrian, North, Indian, Chinese",4.3,38,38,38,700,16.90685022
Cafe Durga,Pune,Sadashiv Peth,"Fast, Food",4.2,47,47,47,100,12.78699424
Burger 69 & More,Pune,Shivajinagar,"Fast, Food",4.1,52,52,52,350,12.48254199
The Burger Barn Cafe,Pune,FC Road,"American, Fast, Food",4.1,46,46,46,300,18.92199412
CAKESHAHI,Pune,Shivajinagar,Bakery,,37,37,37,200,
Red Hot Chinese Center,Pune,Sadar Bazaar,Indian,4.3,31,31,31,250,16.90685022
Dragon,Pune,Shivajinagar,"North, Indian, Chinese",,38,38,38,450,
The Deccan Spice Restaurant,Pune,Shivaji Nagar,"North, Indian, Malwani, Desserts, Chinese",,37,37,37,500,
hotel vishwa,Pune,Swargate,"North, Indian, Chinese, Tandoor, Jain",,37,37,37,200,
Soaham Dining Hall and Food Zone,Pune,Shivajinagar,Combo,3.8,45,45,45,300,11.56918526
Falahaar,Pune,Shivajinagar,"Fast, Food, Beverages, American, Pizzas",4.3,35,35,35,250,19.84501822
Surve's Pure Non-Veg,Pune,Shivajinagar,Maharashtrian,4,38,38,38,550,18.46048207
Relax Pure Veg,Pune,Deccan Gymkhana,"North, Indian, Snacks, Fast, Food, Desserts, Beverages",3.9,34,34,34,200,17.99897002
Blue Nile,Pune,Agarkar Nagar,"Biryani, Mughlai, Tandoor, Chinese, Desserts, Ice, Cream, Beverages",4.2,31,31,31,1000,29.01677007
Domino's Pizza,Pune,Somwarpeth,Pizzas,,30,30,30,400,
Ishan Pure Veg,Pune,Shivajinagar,"North, Indian, Chinese, South, Indian, Beverages",4.4,38,38,38,400,27.35306684
Momo Nation Cafe,Pune,Deccan Gymkhana,"Indian, Chinese",,35,35,35,300,
McDonald's Gourmet Burger Collection,Pune,Shivaji Nagar,"American, Continental, Fast, Food, Desserts, Beverages",3.9,36,36,36,600,15.33411997
McCafe by McDonald's,Pune,Shivajinagar,"Beverages, Desserts",,38,38,38,250,
PALLAVI PURE VEG,Pune,Shivaji Nagar,"North, Indian, South, Indian, Chinese, Beverages, Desserts",,35,35,35,300,
Shree Krishna Palace,Pune,Agarkar Nagar,"North, Indian, Fast, Food, South, Indian",,33,33,33,400,
Cafe Kathaa,Pune,Deccan Gymkhana,"Continental, Healthy, Food, Beverages",,47,47,47,550,
KIRTI,Pune,Shivaji Nagar,"Indian, Beverages",4.6,37,37,37,400,14.00480321
Greedy Momos,Pune,Deccan Gymkhana,"Chinese, Fast, Food, Snacks, Beverages",4,36,36,36,100,12.17808975
Sainath Khanawal,Pune,Shivaji Nagar,"Maharashtrian, Thalis",,44,44,44,300,
Housefull Paratha,Pune,Shivajinagar,"North, Indian, Punjabi",,45,45,45,700,
CAFE SKY,Pune,Aundh,"Chinese, Juices",,36,36,36,420,
Sambar Pure Veg,Pune,Swargate,"South, Indian, Chinese, Beverages, Indian",,39,39,39,150,
Chinese Room,Pune,Swargate,Chinese,,44,44,44,400,
Madhav Veg Non Veg,Pune,Agarkar Nagar,"North, Indian, Chinese",4.2,37,37,37,350,12.78699424
Cafe Chokolade,Pune,Modi Colony,"Desserts, Ice, Cream",4.7,30,30,30,120,14.30925546
Cafe Durga,Pune,Shivaji Nagar,"South, Indian, Fast, Food, Beverages",,38,38,38,300,
NOTO - Healthy Ice Cream,Pune,Shivaji Nagar,"Ice, Cream",,44,44,44,250,
THE BROTHERS SHAWARMA CAFE,Pune,Deccan Gymkhana,"Fast, Food",3.4,37,37,37,200,10.35137629
Malhar family Restaurant and bar,Pune,Swargate,"North, Indian, Chinese, Snacks",,48,48,48,300,
Jayashree Pavbhaji and Juice Bar,Pune,Swargate,"Street, Food, Beverages",,45,45,45,200,
Roopali Restaurant - FC Road,Pune,Shivaji Nagar,"South, Indian, Fast, Food, North, Indian, Beverages",4.5,37,37,37,400,20.76804233
Smoke House Deli,Pune,Shivajinagar,"European, Italian, American, Pastas, Salads, Juices, Desserts, Combo",4,49,49,49,800,15.72730253
Icekraft,Pune,Shivaji Nagar,Desserts,,38,38,38,400,
Supriya Restaurant,Pune,Modi Colony,"North, Indian, Chinese, South, Indian, Fast, Food, Beverages, Snacks",4.4,29,29,29,400,30.39852103
Jayashree Garden,Pune,Shukrawar Peth,"North, Indian, Chinese, Continental, Fast, Food",4.1,36,36,36,500,16.12048509
IBACO,Pune,Camp,"Ice, Cream, Desserts",,35,35,35,800,
Preeti Pavbhaji & Juicebar,Pune,Shukrawar Peth,"Fast, Food, Pizzas, Beverages",3.8,38,38,38,200,11.56918526
Uncle Kitchen,Pune,Agarkar Nagar,"Fast, Food, North, Indian, Chinese",,40,40,40,250,
BOSS Burger,Pune,Shivajinagar,"American, Continental, Fast, Food, Combo",4,45,45,45,500,15.72730253
Flavours Street,Pune,Deccan Gymkhana,"Fast, Food, Beverages",4.2,34,34,34,150,19.38350617
Monginis,Pune,Deccan Gymkhana,"Fast, Food",,33,33,33,150,
Ronak Pav Bhaji And Juice Bar,Pune,Shivaji Nagar,"Street, Food, Indian, Beverages, Fast, Food, Ice, Cream, Pizzas",,51,51,51,200,
FC Road Social,Pune,Shivajinagar,"Indian, Chinese, South, Indian, American, Fast, Food, Kebabs, Mughlai, Biryani, Combo",3.9,40,40,40,600,17.99897002
Zhatkan Patkan Rasoi,Pune,Swargate,Indian,,38,38,38,350,
Hotel Subhadraa ,Pune,Shivajinagar,"North, Indian",4.5,38,38,38,500,13.70035097
Marzorin,Pune,Camp,"Fast, Food, Bakery, Beverages, Snacks, Desserts",4.4,33,33,33,200,30.39852103
PK Biryani House Main Branch (Mhatre Bridge),Pune,Erandwane,"Biryani, Maharashtrian, North, Indian, Seafood",4,40,40,40,400,24.8664244
Niwara cafe and snacks,Pune,Swargate,"Fast, Food, Pizzas, Pastas",,47,47,47,518,
Yumma Swami,Pune,Camp,"South, Indian",4.2,36,36,36,200,16.51366766
Theobroma,Pune,Shivaji Nagar,"Desserts, Bakery, Beverages",4.6,32,32,32,500,21.22955438
The Chocolate Room,Pune,Deccan Gymkhana,"Desserts, Continental, Fast, Food",,39,39,39,450,
Sagar,Pune,Agarkar Nagar,"North, Indian, South, Indian, Chinese",4.6,31,31,31,550,14.00480321
Wadeshwar(FC Road),Pune,FC Road,"South, Indian, Street, Food, Fast, Food, Snacks, Beverages, Healthy, Food, Indian",4.4,35,35,35,300,27.35306684
WAGH BAKRI TEA LOUNGE,Pune,Deccan Gymkhana,"Fast, Food",,34,34,34,500,
Wok n Roll,Pune,Swargate,"Chinese, Snacks",,39,39,39,1,
KANNU KI CHAI,Pune,Shivaji Nagar,"Beverages, Snacks, Maharashtrian",,36,36,36,250,
Cafe 52,Pune,Camp,"Fast, Food",,36,36,36,200,
Cafe Madeline,Pune,Shivajinagar,European,,44,44,44,300,
Coffee House,Pune,Camp,"North, Indian, Chinese, South, Indian, Fast, Food",4.4,32,32,32,250,20.30653027
Raje Chinese,Pune,Camp,Chinese,4.1,38,38,38,400,12.48254199
Mathura Pure Veg,Pune,Shivajinagar,"Maharashtrian, Street, Food, Fast, Food",4.1,46,46,46,400,28.3258946
Spring Onion,Pune,Deccan Gymkhana,"Chinese, Thai, Pan-Asian, Seafood",4.3,39,39,39,500,19.84501822
Hotel Maharashtra,Pune,Bhawani Peth,"North, Indian",4.1,45,45,45,300,12.48254199
Satwik Dining Hall,Pune,Deccan Gymkhana,Maharashtrian,,46,46,46,200,
Cafe Taiba,Pune,Modi Colony,"Indian, Mughlai, Chinese, Biryani",3.9,31,31,31,250,24.24476379
Top In Town,Pune,Deccan Gymkhana,"Bengali, Indian, Chinese",4.6,36,36,36,400,21.22955438
Cake Cart,Pune,Camp,"Desserts, Bakery",,36,36,36,300,
Sukh Sagar,Pune,Camp,"North, Indian, Chinese",4.4,36,36,36,400,13.39589873
Le Plaisir,Pune,Deccan Gymkhana,"Italian, Continental, European, Desserts",4.5,40,40,40,1000,27.97472745
Malabar Restaurant,Pune,Camp,Indian,,36,36,36,300,
Hotel Buff Special,Pune,Bhawani Peth,"North, Indian",4.5,39,39,39,300,13.70035097
Hotel Zamzam,Pune,Bhawani Peth,"North, Indian, Chinese",4.1,38,38,38,300,12.48254199
Hotel Shamiaana,Pune,Bhawani Peth,"North, Indian",,36,36,36,300,
Hotel Bismillah,Pune,Bhawani Peth,"North, Indian",4.2,36,36,36,300,16.51366766
Hotel New Star,Pune,Bhawani Peth,"North, Indian",,36,36,36,300,
Nanumal Bhojraj Sweets,Pune,Swargate,Sweets,,39,39,39,350,
Chocolate Biclate,Pune,Shivaji Nagar,"Bakery, Desserts, Beverages",4.3,46,46,46,250,16.90685022
Saffron Vegetarian,Pune,Sadashiv Peth,"North, Indian, Chinese, South, Indian, Fast, Food",4.3,40,40,40,500,19.84501822
Chinese Kitchen,Pune,Modi Colony,"North, Indian, Chinese",,39,39,39,300,
Kerala House,Pune,Camp,"Indian, Chinese",4.2,38,38,38,300,12.78699424
Subhanallah Biryani House,Pune,Katad Khana,"Biryani, Chinese, North, Indian, Mughlai, Fast, Food, Beverages",3.8,40,40,40,200,11.56918526
Irani Cafe,Pune,Camp,"Bakery, Snacks, Desserts, Beverages",4.3,32,32,32,200,19.84501822
De Kettle Cafe,Pune,Camp,"Fast, Food, Beverages, Combo, Snacks",4.6,44,44,44,300,14.00480321
,,,,,,,,,
,,,,,,,,,
Chatori Dilli,Pune,Camp,"Fast, Food",,41,41,41,250,
Cheesiano Pizza(Law College),Pune,LAW COLLEGE ROAD,"North, Indian, Pizzas, Pastas",3.9,48,48,48,300,15.33411997
Asia Kitchen By Mainland China,Pune,Shivajinagar,"Asian, Chinese, Oriental",4.5,55,55,55,850,20.76804233
Mankar Dosa,Pune,Satara road Bibvewadi,"South, Indian, Fast, Food",4,47,47,47,200,18.46048207
Abhishek Non Veg Restaurant,Pune,Erandwane,"North, Indian, Chinese, Seafood",4.3,40,40,40,800,19.84501822
Merwans Cake Stop,Pune,Camp,"Bakery, Desserts",4.1,40,40,40,400,16.12048509
Gourmet Ice Cream Cakes by Baskin Robbins,Pune,Camp,"Desserts, Ice, Cream, Bakery",,36,36,36,250,
Fit Food Company,Pune,Camp,"Healthy, Food, Salads, Continental, Juices, Seafood, Beverages",4.2,45,45,45,500,19.38350617
Food pride,Pune,Koregaon Park,"Fast, Food, Snacks, Bakery",,48,48,48,40,
The Betel Leaf - Paan and Desserts,Pune,Erandwane,"Paan, Desserts",4.8,45,45,45,300,14.6137077
Shaukeen - The Complete Paan Shop,Pune,Erandwane,Desserts,4.7,34,34,34,150,21.69106643
Anna Idli,Pune,Sangamvadi,"South, Indian",4,37,37,37,300,18.46048207
Taste Of Hyderabad,Pune,Sangamvadi,"Biryani, Hyderabadi, North, Indian, Chinese, Beverages",3.8,37,37,37,350,17.53745796
Kapila Kathi Kebab,Pune,Sangamvadi,"Fast, Food",4.4,35,35,35,250,20.30653027
Cafe Rudra,Pune,Shivajinagar,"Fast, Food",,47,47,47,200,
Fantasy Juice Bar & Snacks,Pune,Koregaon Park,Juices,,47,47,47,250,
Supreme Snacks,Pune,Erandwane,"Fast, Food",4.2,47,47,47,400,16.51366766
Nisarg,Pune,Erandwane,"North, Indian, Seafood, Malwani",4.4,48,48,48,1200,20.30653027
Aufside @ Hotfut,Pune,Guru Nanak Nagar,"North, Indian, Continental, American, Fast, Food, Chinese, Pizzas, Desserts",4.4,53,53,53,400,13.39589873
The Veg Culture,Pune,Guru Nanak Nagar,"North, Indian, Continental, Italian, Mexican, Lebanese",,52,52,52,400,
Hotel Annapurna Tarangan,Pune,Parvati,Maharashtrian,4.2,52,52,52,150,19.38350617
Tales & Spirits,Pune,Gokhalenagar,"Italian, Continental",4.1,49,49,49,600,12.48254199
Spice kitchen  JW Marriott Pune,Pune,Shivajinagar,"Indian, Continental",4.3,56,56,56,1000,13.09144648
Mad Over Donuts,Pune,Erandwane,"Desserts, Sweets, Bakery",4.1,38,38,38,200,18.92199412
Big Bowl Company,Pune,Swargate,"North, Indian, Chinese, Biryani, Fast, Food",3.7,49,49,49,300,11.26473302
Pizza hut Express,Pune,Shivaji Nagar,Pizzas,,47,47,47,300,
Krishna Dining,Pune,Erandwane,Maharashtrian,4.4,38,38,38,600,20.30653027
Jose & Isabella's Italian Pizza,Pune,Erandwane,Italian,,50,50,50,300,
Swagat Veg Non Veg,Pune,Shivaji Nagar,"North, Indian, Biryani, Tandoor, Kebabs",,49,49,49,200,
The Momo Co.,Pune,Swargate,"Tibetan, Asian, Chinese, Fast, Food, Desserts, Snacks",,51,51,51,250,
Mainland China,Pune,Shivajinagar,"Chinese, Oriental, Thai, Pan-Asian, Seafood, Asian, Desserts",4.4,53,53,53,850,20.30653027
Chaat Bazaar,Pune,Guru Nanak Nagar,"Fast, Food",,52,52,52,200,
Gelato Italiano,Pune,Guru Nanak Nagar,Desserts,,48,48,48,150,
HYDERABAD VIBES,Pune,Sangamvadi,"Biryani, Snacks",,47,47,47,400,
THE PIZZA BOX,Pune,Shivaji Nagar,Italian,,44,44,44,299,
SLAY Coffee,Pune,Erandwane,"Beverages, Desserts",4.3,40,40,40,200,19.84501822
Mandarin Oak- The Heavenly Chinese,Pune,Erandwane,"Chinese, Asian, Thai",3.8,47,47,47,350,11.56918526
Crazy Cheesy ( Law Collage Road ),Pune,Kothrud,"Continental, Pastas, Pizzas",,49,49,49,500,
Friendship Corner,Pune,Shivaji Nagar,"Pizzas, British, Snacks, Beverages",,46,46,46,150,
PRACHI CHINESE,Pune,Sinhgad Road,Chinese,,49,49,49,350,
Nandu's Paratha & TND Fastfood,Pune,Sangamvadi,"North, Indian, Fast, Food",4.2,39,39,39,200,19.38350617
Jagaat Bhaari Kolhapuri,Pune,Parvati Paytha,Maharashtrian,4.2,44,44,44,200,16.51366766
MAINLAND CHINESE,Pune,Erandwane,Chinese,3.2,46,46,46,250,14.76838565
PIZZA POINT,Pune,Swargate,"Pizzas, American, Snacks",,46,46,46,300,
Vishwakamal,Pune,Maharshi Nagar,"North, Indian, Chinese",,53,53,53,500,
Pop Tate's,Pune,Shivaji Nagar,"North, Indian, Chinese, Continental, Italian, Desserts",,47,47,47,500,
Kollage Food Court,Pune,Erandwane,"North, Indian, Punjabi, Indian, Continental",4.4,50,50,50,300,13.39589873
Neo's Chinese,Pune,Kothrud,"North, Indian, Punjabi",,47,47,47,200,
Top N Town,Pune,Swargate,"Ice, Cream, Desserts",,44,44,44,100,
King of chinese,Pune,Swargate,Chinese,,48,48,48,200,
Oakleaf,Pune,Koregaon Park,"North, Indian, Italian",,54,54,54,1000,
Aasing's Kitchen,Pune,Shivaji Nagar,Continental,,45,45,45,150,
MALJIS SAIBA FARSAN BHELPURI CENTER,Pune,Sinhgad Road,"Fast, Food, Snacks",,47,47,47,200,
Chimichurri - All Day Asian Diner,Pune,Aundh,"Pan-Asian, Beverages, Chinese",,50,50,50,1000,
Kaka Halwai,Pune,Parvati,"Street, Food",4.2,39,39,39,150,16.51366766
Atithi Restaurant,Pune,Maharshi Nagar,"North, Indian, Punjabi",,53,53,53,500,
Shawarma Spot,Pune,Bibwewadi,"Lebanese, Fast, Food",3.5,47,47,47,200,13.76138971
Sai Chinese,Pune,Erandwane,Chinese,3.2,47,47,47,250,14.76838565
Turkish Delight,Pune,Shivajinagar,"Arabian, Turkish",4.3,44,44,44,350,13.09144648
CONRAD PUNE,Pune,Sangamvadi,"Continental, Italian",4.4,53,53,53,2000,13.39589873
Sweet Bengal,Pune,Dhole Patil Road,"Sweets, Indian, Snacks, Desserts",4.5,39,39,39,150,17.69321535
Let's Hangout@001,Pune,Koregaon Park,"Chinese, Pizzas, Pastas",,46,46,46,1000,
Rambo's Biryani House,Pune,Kothrud,"Indian, Kebabs",,45,45,45,350,
Poona Guest House,Pune,Shivajinagar,"Snacks, Beverages, Maharashtrian",,57,57,57,400,
Keventers Ice Creamery,Pune,Shivajinagar,"Ice, Cream, Desserts",,48,48,48,300,
Miana's Croissanterie,Pune,Erandwane,Snacks,4.5,40,40,40,200,17.69321535
Ganpat sweets,Pune,Gokhalenagar,"Indian, Snacks",4.6,45,45,45,100,14.00480321
Banglore Iyanger Bakery,Pune,Gokhalenagar,"Bakery, Desserts",,49,49,49,200,
La Cheezy,Pune,Sangamvadi,Pizzas,,55,55,55,300,
The Flame Burger,Pune,Gokhalenagar,Snacks,,47,47,47,300,
FALL IN LOVE,Pune,Shivaji Nagar,"Chinese, Fast, Food, Italian, Ice, Cream, Street, Food, Beverages",,48,48,48,250,
BOL BABY BOWL,Pune,Shivaji Nagar,"Continental, Indian",,46,46,46,300,
Al mizan Biryani house,Pune,Shivaji Nagar,"Biryani, North, Indian",,47,47,47,250,
MIKE IN 24 KITCHEN,Pune,Gokhalenagar,"Indian, Pizzas",,53,53,53,200,
Millie's Cookies ,Pune,Shivajinagar,"Cafe, Bakery",,52,52,52,200,
Madina Hotel,Pune,Shivaji Nagar,"North, Indian, Biryani",,47,47,47,300,
Kalpana Bhel,Pune,Parvati Paytha,"Fast, Food",4.1,46,46,46,100,12.48254199
High Garden,Pune,Shivaji Nagar,"Italian, Indian, Oriental",,55,55,55,400,
MRIGAYA - PUKHT BIRYANI AND MANDI,Pune,Shivaji Nagar,"South, Indian",,48,48,48,300,
TGI Fridays,Pune,Shivajinagar,"American, Mexican",,59,59,59,1000,
Keventers - Milkshakes and Desserts,Pune,Shivajinagar,"Beverages, Ice, Cream, Desserts, Healthy, Food",4.1,51,51,51,300,16.12048509
Maharaja Bhog,Pune,Shivajinagar,"North, Indian, Rajasthani, Gujarati",,58,58,58,800,
CakeZone,Pune,Shivajinagar,"Desserts, Bakery, Sweets, Ice, Cream, Beverages, Juices, Bengali",4.4,45,45,45,200,20.30653027
Vaibhav's- Biryani House,Pune,Gokhalenagar,"North, Indian, Biryani",,50,50,50,400,
Roll Club,Pune,Erandwane,"Fast, Food",,49,49,49,200,
Food Junction,Pune,Erandwane,Indian,,46,46,46,300,
Nitrobuzz,Pune,Erandwane,"Cafe, Desserts, Ice, Cream, Beverages, Pastas, Salads",,52,52,52,400,
SEA SPICES,Pune,Erandwane,Indian,,52,52,52,400,
Kalinga Veg Gourmet Kitchen,Pune,Erandwane,"North, Indian, European, Continental, Fast, Food, Mangalorean",4.3,49,49,49,400,19.84501822
Cafe spice wave,Pune,Shivaji Nagar,"American, Italian",,52,52,52,200,
Siily Chilly,Pune,Kothrud,Chinese,3.3,52,52,52,250,10.04692404
Baba's Veg Non Veg,Pune,Erandwane,"North, Indian, Chinese",4.1,45,45,45,250,12.48254199
Level 5 Bistro & Bar,Pune,Erandwane,"Continental, Pan-Asian, Italian, North, Indian, Beverages",4.4,49,49,49,600,17.30003278
Hot Momo's And Burger,Pune,Shivaji Nagar,"Fast, Food, Chinese",4.2,45,45,45,250,19.38350617
Navratna Veg,Pune,Parvati Paytha,"North, Indian, Chinese, South, Indian, Fast, Food",4.2,45,45,45,400,29.01677007
Nimantran Restaurant & Bar,Pune,Bibwewadi,"North, Indian, Chinese, Seafood, Fast, Food",4.5,49,49,49,1000,20.76804233
Best Belgian waffle,Pune,Erandwane,"Desserts, Bakery, Beverages",4.2,47,47,47,250,19.38350617
Shakes +,Pune,Erandwane,"Beverages, Desserts",3.7,46,46,46,300,11.26473302
RAPID FIRE,Pune,Swargate,Chinese,,48,48,48,150,
The BrrGrr Kitchen - By Cafe Bistro,Pune,Bibwewadi,"Snacks, Beverages",,50,50,50,300,
ShakeZone,Pune,Erandwane,"Beverages, Desserts",,52,52,52,250,
Skoop Ice Cream Parlour,Pune,Ashok Nagar,Desserts,,45,45,45,200,
Feast India Co.,Pune,Kothrud,"Indian, Oriental",,53,53,53,1000,
Cafe Bistro,Pune,Maharshi Nagar,Continental,4.5,49,49,49,250,13.70035097
Manali Cool Club,Pune,Maharshi Nagar,Beverages,,45,45,45,300,
The Waffle Jar,Pune,Erandwane,"Bakery, Desserts, Ice, Cream",3.8,49,49,49,200,17.53745796
Roll Bites,Pune,Bibwewadi,"Fast, Food, Beverages",,51,51,51,200,
Abhi's Kitchen,Pune,Parvati Paytha,"Chinese, Beverages",4,50,50,50,250,12.17808975
RETOX,Pune,Erandwane,"Chinese, Pizzas, European, Asian, Tandoor, Desserts",,53,53,53,450,
Hotel Utsav Deluxe,Pune,Maharshi Nagar,"North, Indian, South, Indian, Thai",,49,49,49,1000,
The Dessert Heaven,Pune,Shivaji Nagar,"Bakery, Desserts",4.6,50,50,50,200,14.00480321
Symphony,Pune,Ashok Nagar,"Indian, Chinese, Continental",4.6,49,49,49,300,21.22955438
Vaibhav Restaurant,Pune,Gokhalenagar,"North, Indian, Chinese",3.3,45,45,45,200,15.22989771
harvest club,Pune,Erandwane,"Indian, Chinese, Continental",,53,53,53,700,
Multi Spice,Pune,Erandwane,"North, Indian, Chinese, Continental, Mexican, South, Indian",4.4,49,49,49,500,20.30653027
Pan Biryani,Pune,Bibwewadi,"Biryani, Snacks, Fast, Food, Lebanese, Combo",,51,51,51,200,
Dakhkhan Delicacies,Pune,Parvati Paytha,Indian,,53,53,53,500,
WS Bakers,Pune,Gokhalenagar,Bakery,,48,48,48,150,
Maurya Multi Cuisine Family Restaurant and Bar,Pune,Sinhgad Road,"North, Indian, Chinese, Mexican, Continental, Mughlai, Thai",,52,52,52,1000,
Kolhapuri Katta,Pune,Maharshi Nagar,"Maharashtrian, Thalis, North, Indian",4.1,49,49,49,400,18.92199412
Chopsticks and Pastas,Pune,Erandwane,"Chinese, Fast, Food, Italian, Asian, Thai, Pizzas, Street, Food",4.3,48,48,48,200,19.84501822
Poona Food Truck,Pune,Shivajinagar,"Continental, Fast, Food, Italian",4.4,49,49,49,300,17.30003278
Nagpur Saoji,Pune,Sheela Vihar Colony,Maharashtrian,,48,48,48,300,
Pathan Laziz Biryani House,Pune,Erandwane,"Biryani, North, Indian",,52,52,52,300,
Krishna Pure Veg,Pune,Bibwewadi,"Maharashtrian, Punjabi, Chinese, South, Indian",,51,51,51,300,
Sheetal Restaurant,Pune,Kothrud,"North, Indian, South, Indian, Chinese",4.4,47,47,47,400,30.39852103
1441 Pizzeria,Pune,Koregaon Park,"Italian, Pizzas, Pastas, Desserts, Beverages",3.9,48,48,48,400,17.99897002
Ganesh Bhavan Sweets and Snacks,Pune,Ghorpadi,"Fast, Food, Sweets, Snacks",4.4,49,49,49,100,20.30653027
Pimlico Kothrud,Pune,Kothrud,"Continental, Indian",4.5,57,57,57,800,20.76804233
Cafe Central Perk,Pune,Erandwane,"Cafe, Italian, American",,53,53,53,300,
Kimaya Veg Restaurant,Pune,Kothrud,"Chinese, South, Indian, Indian",4.3,45,45,45,300,19.84501822
Biryani Kebabs & Co,Pune,Bibwewadi,"Biryani, Lebanese, Kebabs",,52,52,52,250,
Karlos Pasta pizza & grills.,Pune,Erandwane,"Indian, Italian, Chinese, Pastas, Fast, Food",,50,50,50,300,
Hotel Shree Ganesh Krupa,Pune,Kothrud,"Chinese, Street, Food",,49,49,49,200,
Shri Chaturshringi mata Snacks center,Pune,Erandwane,Indian,4.2,40,40,40,200,26.10974562
RushHrs,Pune,Kothrud,"Salads, Healthy, Food",4.3,46,46,46,250,19.84501822
Cloud khichdi,Pune,Karve Nagar,"North, Indian, Punjabi, Maharashtrian, Gujarati",4.1,51,51,51,250,18.92199412
Malgudi Tiffin,Pune,Kothrud,"South, Indian, North, Indian, Chinese",4.2,51,51,51,250,19.38350617
Origins,Pune,Kothrud,"Thai, Indonesian, Japanese, Burmese",4.5,66,66,66,1600,13.70035097
Pizza Express,Pune,Kothrud,"Fast, Food",,50,50,50,250,
Burger King,Pune,Shivajinagar,"American, Fast, Food",4.2,54,54,54,350,29.01677007
Reddy's Fast Food,Pune,Sangamvadi,"North, Indian, Chinese",3.7,53,53,53,400,17.07594591
Cafe Peter Veg,Pune,Gultekdi,"Italian, Continental",,54,54,54,500,
Good Luck,Pune,koregoan Park,"North, Indian, Chinese, Mughlai",,57,57,57,300,
Chaat Cafe,Pune,Sinhgad Road,"Fast, Food, Italian, Beverages, Juices",,53,53,53,150,
Kouzina Kafe - The Food Court,Pune,Kothrud,"American, Bakery, Beverages, Fast, Food, Ice, Cream, Desserts",,51,51,51,200,
Darjeeling Hot Momos,Pune,Parvati Paytha,Chinese,,54,54,54,150,
bhukkad ka nukkad,Pune,Parvati Paytha,"Indian, Chinese, Snacks",3.7,49,49,49,350,11.26473302
FOODIE NATOR,Pune,Kothrud,"Indian, Beverages",,50,50,50,200,
Sundae Everyday Ice Creams,Pune,Erandwane,"Ice, Cream, Desserts",4.2,48,48,48,200,12.78699424
Blue Box Biryani,Pune,Shivajinagar,"Biryani, North, Indian, Beverages, Desserts",,50,50,50,300,
The Dessert Zone,Pune,Erandwane,"Bakery, Desserts, Ice, Cream, Beverages",4.2,50,50,50,300,16.51366766
Slurpy Shakes,Pune,Erandwane,"Beverages, Ice, Cream, Desserts",4.4,47,47,47,200,20.30653027
Cupcake Bliss Cake & Desserts,Pune,Erandwane,"Bakery, Desserts, Ice, Cream, American, British, Combo, Snacks",4.1,51,51,51,150,18.92199412
WarmOven Cake & Desserts,Pune,Erandwane,"Bakery, Desserts, Ice, Cream",4.3,51,51,51,200,19.84501822
Indiana Burgers,Pune,Erandwane,"American, Fast, Food, Beverages, Healthy, Food",4.2,53,53,53,200,16.51366766
Kaati Zone Rolls & Wraps,Pune,Erandwane,"Fast, Food, Beverages, Bengali, Biryani, Indian, North, Indian, Snacks, Street, Food",3.8,54,54,54,150,11.56918526
Burger It Up,Pune,Erandwane,"American, Continental, Beverages, Desserts, Fast, Food",4.3,52,52,52,400,16.90685022
Meal in box,Pune,Shivajinagar,"Beverages, Biryani, Chinese, Combo, Desserts, Mughlai, Indian",,50,50,50,250,
Healthy affairs,Pune,Maharshi Nagar,"Fast, Food, Continental, Desserts",4.6,52,52,52,300,18.08639791
Cheesiano Pizza,Pune,KARVE NAGAR,"Italian, Pizzas, Fast, Food",3.9,52,52,52,500,17.99897002
Mehfil Restaurant & Bar,Pune,Parvati Paytha,"Chinese, North, Indian",4.4,57,57,57,300,17.30003278
A1 Pizza Sandwich and Burger,Pune,Parvati Paytha,"Fast, Food",,57,57,57,200,
Shri Gajanan Shegaon Kachori,Pune,Erandwane,"Fast, Food",4.3,47,47,47,100,19.84501822
The Doner Company,Pune,Kothrud,"Fast, Food, Middle, Eastern, Lebanese",4,48,48,48,350,24.8664244
Baasuri,Pune,Parvati Paytha,"North, Indian, Chinese, Desserts, Beverages",4,50,50,50,400,24.8664244
Wraps Rolls & Bowls,Pune,Kothrud,"North, Indian, Chinese, Fast, Food, Desserts",3.8,51,51,51,250,14.9409374
Jayesh A1 Sandwiches,Pune,Kothrud,"Fast, Food",4.2,51,51,51,200,26.10974562
Santosh Bhel And Panipuri,Pune,Kothrud,Chinese,,54,54,54,150,
Wow! China,Pune,Kothrud,"Tibetan, Fast, Food, Chinese, Asian, Snacks, Continental, Desserts, Beverages",3.9,51,51,51,300,17.99897002
Cafe Chow Meow,Pune,Kothrud,"Street, Food, Snacks, Pizzas, South, Indian",,54,54,54,400,
BIGGIES BURGER,Pune,Kothrud,"Beverages, French, Indian",4.3,50,50,50,400,19.84501822
Kaveri,Pune,Gultekdi,"Maharashtrian, Punjabi, Seafood",4.2,52,52,52,500,19.38350617
Ganesh Bhel,Pune,Erandwane,"Fast, Food",4.6,48,48,48,100,21.22955438
Zatka misal,Pune,Kothrud,"South, Indian, Beverages",,51,51,51,300,
The Momo House,Pune,Kothrud,"Tibetan, Beverages",4.1,49,49,49,250,16.12048509
Malaka Spice,Pune,Kothrud,"Asian, Japanese, Korean, Malaysian, Thai, Vietnamese",4.5,63,63,63,1300,13.70035097
Mithas,Pune,Kothrud,"Sweets, Desserts, Snacks",4.5,40,40,40,400,27.97472745
susha's cafe,Pune,Karve Nagar,"Fast, Food, Pizzas, Beverages",,56,56,56,400,
R.K. CHINESE ,Pune,Vishrantwadi,Chinese,,63,63,63,200,
DineWise,Pune,Kothrud,Indian,4.5,54,54,54,200,20.76804233
Samarth Pav Bhaji Juice Centre,Pune,Kothrud,"Street, Food, Pizzas",,52,52,52,200,
Abhiman Pure Veg,Pune,Baner,"North, Indian, Chinese",4.4,50,50,50,450,13.39589873
Aditri Veg Restaurant,Pune,Kothrud,"Indian, South, Indian, Chinese, Juices, Beverages, Tandoor, Maharashtrian",3.9,53,53,53,200,11.87363751
SUKHKARTA PURE VEG DINING HALL,Pune,Kothrud,"North, Indian",4.2,54,54,54,640,12.78699424
Purnabramha,Pune,Maharshi Nagar,Maharashtrian,4,59,59,59,600,15.72730253
Cafe Tom And Jerry,Pune,Kothrud,"Fast, Food, Italian, Continental, Beverages",,56,56,56,300,
Hotel Sai Shivneri,Pune,Kalyani Nagar,"North, Indian, Chinese, Biryani, Beverages",,50,50,50,250,
7th Heaven Cake Shop,Pune,Kothrud,"Bakery, Desserts",4.5,51,51,51,400,20.76804233
Hari Om Juice Bar,Pune,Kothrud,"Fast, Food, Beverages",,48,48,48,200,
The Oyster,Pune,Kothrud,"Continental, Chinese, North, Indian",,59,59,59,900,
Cafe Ocean 11,Pune,Kothrud,"Fast, Food, Continental, Italian, Beverages",,55,55,55,250,
Charmi family restaurant,Pune,Magarpatta,"Chinese, Indian, Mughlai",,60,60,60,350,
Mayur Pavbhaji & Juice Bar,Pune,Karve Nagar,"Chaat, North, Indian, Chinese, Maharashtrian, Fast, Food",4.4,49,49,49,400,20.30653027
Red Chinese & Momos,Pune,Karve Nagar,Chinese,3.8,56,56,56,200,14.9409374
Thakur Food Products,Pune,Bibwewadi,"Bakery, Desserts",,54,54,54,300,
Squisito Cafe Italiano,Pune,Gultekdi,"Beverages, Desserts, Pastas",4.3,55,55,55,250,13.09144648
Meeraki Chinese,Pune,Kothrud,Chinese,,60,60,60,250,
Waari Book Cafe,Pune,Kothrud,Desserts,3.9,52,52,52,200,17.99897002
Moonlight Real Chinese,Pune,Kothrud,"North, Indian, Chinese",,58,58,58,500,
Singham,Pune,Koregaon park,"North, Indian",,52,52,52,300,
Pavlovs,Pune,Koregaon Park,"Indian, Fast, Food, Beverages",,54,54,54,400,
Tawakkal,Pune,Koregaon park,"North, Indian, Fast, Food, Chinese, Mughlai",,51,51,51,300,
Shah restaurant,Pune,Koregaon park,"North, Indian, Fast, Food, Chinese, Mughlai",,51,51,51,300,
Nawabi Tadka,Pune,Koregaon park,"North, Indian, Fast, Food, Chinese, Mughlai",,52,52,52,300,
Foods point,Pune,Koregaon park,"North, Indian, Chinese, Fast, Food, Mughlai",,52,52,52,300,
Mannat,Pune,Koregaon park,"North, Indian, Fast, Food, Chinese, Mughlai",,55,55,55,300,
Try Luck,Pune,Koregaon park,"North, Indian, Mughlai, Fast, Food, Chinese",,52,52,52,300,
Aaina,Pune,Koregaon park,"North, Indian, Chinese, Fast, Food, Mughlai",,52,52,52,300,
Mughal Tadka,Pune,Koregaon park,"North, Indian, Fast, Food, Chinese, Mughlai",,52,52,52,300,
Al Barkat,Pune,Koregaon park,"North, Indian, Fast, Food, Chinese, Mughlai",,52,52,52,300,
Happy Singh,Pune,Koregaon park,"North, Indian, Fast, Food, Chinese, Mughlai",,51,51,51,300,
Rewar park,Pune,Koregaon park,"North, Indian, Fast, Food, Chinese, Mughlai",,52,52,52,300,
CAKE & MORE,Pune,Koregaon Park,Bakery,,52,52,52,600,
The Cheesecake Pops,Pune,Koregaon Park,"Desserts, Bakery",4.5,46,46,46,300,17.69321535
Iddos,Pune,Kothrud,"South, Indian",3.8,55,55,55,300,17.53745796
Krazy Cafe,Pune,Kothrud,"Fast, Food",,55,55,55,150,
Cafe Dreamland,Pune,Kothrud,"Desserts, Fast, Food",3.8,48,48,48,400,14.9409374
Prem's,Pune,Koregaon Park,"North, Indian, Chinese, Continental, Asian, Desserts, Beverages",4.2,53,53,53,1200,19.38350617
New Aswad Gomantak,Pune,Kothrud,"Indian, Seafood, Biryani, Thalis",,55,55,55,200,
Sim Sim,Pune,Koregaon park,"North, Indian, Fast, Food, Chinese, Mughlai",,52,52,52,300,
Punjabi Kitchen,Pune,Kothrud,"North, Indian, Indian",,56,56,56,250,
Maskawala & Co.,Pune,Kothrud,"Snacks, Biryani, Bakery",4.4,49,49,49,400,27.35306684
PAPACREAM,Pune,Kothrud,"Ice, Cream",5,52,52,52,350,15.22261219
A1 Restaurant,Pune,Koregaon park,"North, Indian",,52,52,52,300,
Modern Khichdi,Pune,Kothrud,"North, Indian",,52,52,52,400,
Crazy Momos,Pune,Kothrud,"Chinese, Continental",4.5,49,49,49,200,20.76804233
Meal Bowl,Pune,Kothrud,"North, Indian, Chinese",,52,52,52,400,
Buddha Paradise,Pune,Koregaon Park,"South, Indian, Fast, Food, Chinese",4.6,49,49,49,250,18.08639791
COFFEE BOOTH,Pune,Karve Nagar,Beverages,4.4,48,48,48,200,13.39589873
Grab Popcorn,Pune,Bibwewadi,"Fast, Food, Chaat, Snacks",,54,54,54,200,
Hotel New Zaika,Pune,Koregaon park,"North, Indian",,47,47,47,300,
Yenna Dosa,Pune,Bibwewadi,"South, Indian",4.5,55,55,55,300,27.97472745
Billion Burger,Pune,Kothrud,"Fast, Food, American",4.3,55,55,55,200,13.09144648
POTBHAR BIRYANI HOUSE,Pune,Kothrud,"Indian, Combo",,56,56,56,380,
Loafmaster,Pune,Kothrud,"Snacks, Beverages",,62,62,62,300,
UMIYA KUTCHI DABELI,Pune,Kothrud,"Snacks, Continental",,51,51,51,100,
BOX.72,Pune,Kothrud,"Fast, Food, Chinese, Indian",,49,49,49,200,
Zillionth Bistro,Pune,Kothrud,"Chinese, Snacks, Asian, Fast, Food",4.3,52,52,52,300,19.84501822
ROCKET MOMOS,Pune,Koregaon Park,"Chinese, Beverages",4.5,44,44,44,300,20.76804233
La Gustosa,Pune,Kothrud,"Italian, Fast, Food, Desserts, Pastas",4.2,54,54,54,500,19.38350617
Zest Cafe Bar,Pune,Kothrud,"Chinese, Fast, Food",4.2,57,57,57,250,12.78699424
Nagpur Saoji Black Curry,Pune,Koregaon Park,Indian,,53,53,53,600,
Rap N Roll,Pune,Kothrud,"Combo, Fast, Food, Asian, Snacks",,58,58,58,300,
VEG SUTRA,Pune,Kothrud,"North, Indian, Chinese",,52,52,52,400,
WON CHINA,Pune,Kothrud,Chinese,,64,64,64,400,
Hotel Shabnam,Pune,Koregaon Park,Indian,3.8,61,61,61,300,11.56918526
Zaika restaurant,Pune,Koregaon park,"North, Indian",,52,52,52,300,
Barometer,Pune,Kothrud,"Continental, Asian, Italian, North, Indian",4.6,57,57,57,1100,28.59638806
Hotel Durga,Pune,Kothrud,"Fast, Food",4.5,45,45,45,300,27.97472745
Palavi,Pune,Kothrud,"Mughlai, North, Indian, Chinese, Fast, Food",4.2,53,53,53,400,26.10974562
Lassi Wassi,Pune,Kothrud,Beverages,4.6,58,58,58,150,21.22955438
FRIED CHICKEN DESTINATION,Pune,Kothrud,"Fast, Food, American, Snacks",4.2,58,58,58,200,26.10974562
SINGH SAAB,Pune,Kothrud,"Indian, Snacks, Punjabi, Street, Food, Desserts, Beverages",4,52,52,52,200,24.8664244
Relax Corner Pure Veg,Pune,Bibwewadi,"Maharashtrian, Punjabi, Fast, Food",3.9,54,54,54,300,24.24476379
Green Food,Pune,Kothrud,"North, Indian, South, Indian, Chinese",4.3,50,50,50,300,29.70764555
Khushboo,Pune,Bibwewadi,"North, Indian, Chinese, Fast, Food",4.3,56,56,56,500,16.90685022
Heaven Pizza And Cafe,Pune,Kothrud,Pizzas,,56,56,56,300,
S Kumar Wadewale  Satara Road,Pune,Bibwewadi,"Snacks, Chaat",,65,65,65,100,
Caramella's,Pune,Kothrud,"Desserts, Bakery",,53,53,53,400,
Cafe Eastwood,Pune,Kothrud,"North, Indian, Continental",4.4,58,58,58,700,17.30003278
Mitran Da junction,Pune,Kothrud,"North, Indian, Chinese",4.2,52,52,52,300,19.38350617
Rassaa - Jasa Hava Tassaa,Pune,Karve Nagar,"North, Indian, Indian",,61,61,61,500,
khandeshi tadka,Pune,Kothrud,Maharashtrian,3.5,61,61,61,250,10.65582853
Cafe Arabia,Pune,Kothrud,"Lebanese, Middle, Eastern, Mediterranean",4.4,54,54,54,300,20.30653027
PUNE ADDA,Pune,Bibwewadi,"North, Indian, Chinese, Biryani, Desserts, Punjabi, Mangalorean, Seafood, Mughlai, Thai, Indian",4.6,62,62,62,200,14.00480321
SOM FOODS AND HOSPITALITY PRIVATE  LIMITED,Pune,Kalyani Nagar,"North, Indian, Biryani, Indian, Salads",,52,52,52,500,
A1 OLYMPIA,Pune,Kothrud,"Fast, Food, Snacks",,55,55,55,260,
Butter Brews - Koregaon Park,Pune,Koregaon Park,"European, Continental",,56,56,56,600,
The French Window Patisserie,Pune,Kalyani Nagar,"Desserts, Bakery",,57,57,57,500,
Tvum,Pune,Koregaon Park,"North, Indian",,58,58,58,1000,
Mumma's Kitchen(Paud Road),Pune,Kothrud,"Maharashtrian, North, Indian",4,53,53,53,200,18.46048207
Huber & Holly,Pune,Koregaon Park,"Desserts, Ice, Cream, Snacks, Pizzas, Pastas",4.6,45,45,45,500,21.22955438
Shreenath Sandwich,Pune,Koregaon Park,"Fast, Food",,57,57,57,150,
The Mousse Coupe,Pune,Koregaon Park,Desserts,,54,54,54,250,
Jay ganesh caterering service,Pune,Ganga Dham,"Chaat, Use, code, XPRESS121, to, avail.",3.9,57,57,57,150,15.33411997
Grandmama's Cafe,Pune,Koregaon Park,"American, Italian, Continental, Indian",3.7,58,58,58,900,11.26473302
Squisito,Pune,Koregaon Park,"Italian, Mexican",4.4,56,56,56,1100,20.30653027
Foodiedoo,Pune,Koregaon Park,Punjabi,,59,59,59,500,
YUMMY CHINESE CAFE,Pune,Koregaon Park,Chinese,,53,53,53,280,
Palace of Theme Cakes,Pune,Vishrantwadi,Bakery,,55,55,55,400,
Community Cafe,Pune,Kothrud,Cafe,3.8,59,59,59,300,11.56918526
LONDON DAIRY,Pune,Kalyani Nagar,"Ice, Cream",,51,51,51,280,
Kokan Fresh Fish,Pune,Kothrud,"Maharashtrian, Seafood",,55,55,55,350,
Mamta Dining Hall,Pune,Kothrud,Indian,,49,49,49,260,
Ghone's Pure Non-Veg,Pune,Bibwewadi,"North, Indian",,58,58,58,200,
Shreeji Pure Veg,Pune,Gultekdi,"North, Indian, South, Indian, Chinese",4.1,60,60,60,300,16.12048509
Radha Krushna,Pune,Bibvewadi,"North, Indian, Chinese, South, Indian, Fast, Food",4.2,58,58,58,300,16.51366766
Uncle's Chinese,Pune,Koregaon Park,"Chinese, Thai, Malaysian",4.1,55,55,55,350,28.3258946
Potoba,Pune,Karve Nagar,"Maharashtrian, North, Indian, Chinese",4.4,55,55,55,300,27.35306684
Toscano,Pune,Koregaon Park,"Italian, Pizzas, Pastas, Continental, Salads, Desserts, Beverages, Combo, Healthy, Food",4.4,59,59,59,1200,20.30653027
Spice Stories,Pune,Gultekdi,"Maharashtrian, North, Indian",3.9,58,58,58,500,11.87363751
Om Pure Veg,Pune,Ganga Dham,"North, Indian, Snacks",,62,62,62,300,
Yash pavbhaji and paratha house,Pune,Kothrud,"Street, Food, Snacks, Indian",,55,55,55,200,
Tandoor restaurant & Bar,Pune,Camp,"North, Indian, Chinese, Seafood, Beverages, Biryani, Maharashtrian",,51,51,51,400,
The Nutri Pro Kitchen,Pune,Kothrud,"Healthy, Food, Salads, Juices, Continental, Indian",4.1,56,56,56,500,16.12048509
Joshi Wadewale,Pune,Visharant Wadi,"Street, Food, South, Indian",4.3,58,58,58,100,19.84501822
New Poona Bakery And Cafe,Pune,Kothrud,Bakery,4.1,58,58,58,300,16.12048509
Big Mishra Pedha,Pune,Kothrud,"Sweets, Chaat, Juices",,58,58,58,120,
Fish Land,Pune,Karve Nagar,Seafood,3.9,58,58,58,500,17.99897002
Kerala cafe,Pune,Kalyani Nagar,"South, Indian, Kerala",4,58,58,58,800,18.46048207
Shahi Durbar,Pune,Kothrud,"Ice, Cream, Desserts",4.3,58,58,58,200,13.09144648
NIPR Bar,Pune,Kothrud,"Continental, Italian, North, Indian",4.6,58,58,58,600,18.08639791
Hotel Sangam Khandesh Katta,Pune,Old Sangvi,Maharashtrian,4.3,58,58,58,400,19.84501822
Hungrezy,Pune,Koregaon Park,"Asian, Continental, Fast, Food, Snacks, Combo, Desserts, Chinese, Indian, North, Indian",4.3,58,58,58,400,16.90685022
Swara Juice Bar,Pune,Kothrud,Juices,4.3,58,58,58,200,13.09144648
Kinara's Maratha Darbar,Pune,Kothrud,"Biryani, South, Indian, North, Indian",4.1,58,58,58,350,28.3258946
Chafa Cafe and Studio,Pune,Koregaon Park,"Italian-American, Fast, Food, Continental",4.6,58,58,58,900,21.22955438
YASH CHINESE CENTER,Pune,Vishrantwadi,Chinese,,58,58,58,250,
The Calicut Biryani,Pune,Kalyani Nagar,"South, Indian, Biryani",3.1,58,58,58,500,9.438019557
Dhaba shaba veg bistro,Pune,Koregaon Park,"North, Indian, Biryani, Chinese, Combo, Thalis, Snacks, Desserts",4.4,56,56,56,550,20.30653027
Manisha Bhel And Panipuri,Pune,Kothrud,Snacks,,59,59,59,150,
AUGUST 1 FIVE,Pune,Kothrud,"Chinese, Continental, Pizzas, Pastas, Beverages",,60,60,60,200,
Arthur's Theme,Pune,Koregaon Park,"Italian, European",4.3,56,56,56,800,19.84501822
DevUncle Kitchen,Pune,Ganga Dham,"North, Indian, Chinese, Beverages",4.2,60,60,60,600,16.51366766
Trattoria by Toscano,Pune,Koregaon Park,"Italian, Pizzas, Pastas, Continental, Salads, Desserts, Beverages, Combo, Healthy, Food",,59,59,59,1200,
Rj's sandwich,Pune,Ganga Dham,"Beverages, Fast, Food, Pizzas",,67,67,67,100,
SHAWARMA CULTURE,Pune,Kothrud,Indian,,62,62,62,200,
Greecania (Greek Food & Desserts),Pune,Kothrud,"Ice, Cream, Snacks, Beverages",,56,56,56,200,
Donatella,Pune,Kalyani Nagar,"Pizzas, Italian, Mexican",4.4,59,59,59,400,13.39589873
Kareem's,Pune,Koregaon Park,"North, Indian, Mughlai, Maharashtrian, Biryani, Kebabs, Tandoor, Beverages",4.1,54,54,54,300,18.92199412
Nothing but Chicken,Pune,Kalyani Nagar,"Salads, Raw, meats",,52,52,52,400,
CHICKEN XPERIENCE BY VENKY'S,Pune,Wanowrie,"Continental, Beverages, Snacks",,60,60,60,300,
Yummy Momos,Pune,Koregaon Park,Chinese,,53,53,53,200,
Modern Cakes,Pune,Koregaon Park,Bakery,4.7,49,49,49,300,18.47958047
DRUNKEN MONKEY,Pune,Koregaon Park,"Continental, Healthy, Food, Beverages",4.5,52,52,52,400,17.69321535
Punjabi Darbaar,Pune,Ghorpadi,"North, Indian, Chinese",4.1,59,59,59,550,18.92199412
The Cheesy Crust,Pune,Koregaon Park,"Combo, Pizzas, Pastas",,56,56,56,500,
Shri Swami Samartha Pure Veg,Pune,Kothrud,"North, Indian, Chinese, Biryani, Desserts",3.7,54,54,54,450,25.56239268
Mocha,Pune,Koregaon Park,"Continental, Asian",4.4,59,59,59,800,13.39589873
Saathee Restaurant & Bar,Pune,Bopodi,"North, Indian, Chinese",4,56,56,56,200,12.17808975
Kerala Express,Pune,Wanowrie,"North, Indian, Indian",,70,70,70,300,
Sassy Teaspoon,Pune,Koregaon Park,"Ice, Cream, Desserts, Bakery",4.6,47,47,47,800,21.22955438
New Vishal Restaurant,Pune,Wanowrie,"North, Indian",3.9,71,71,71,300,11.87363751
MM Restaurant,Pune,Bopodi,"Indian, Chinese",4.2,55,55,55,200,19.38350617
PIZZATTO'S,Pune,Wanowrie,Pizzas,,66,66,66,300,
The Sassy Spoon,Pune,Koregaon Park,"European, Continental, American, Fast, Food, Asian, Desserts",4.3,62,62,62,1200,16.90685022
Boteco - Restaurante Brasileiro,Pune,Koregaon Park,"South, American, Fast, Food",4.3,63,63,63,800,16.90685022
Akshay Court,Pune,Mangawadi,"North, Indian, Chinese, Seafood, Biryani",,60,60,60,550,
Sugardough,Pune,Kothrud,"Continental, American, Desserts, Fast, Food, Bakery",,60,60,60,300,
Mummyjis,Pune,Kothrud,"Indian, Fast, Food",,60,60,60,200,
Noble Bake House,Pune,Wanwadi,Bakery,4.4,53,53,53,200,20.30653027
Murphies,Pune,Koregaon Park,"European, Italian, Continental, Healthy, Food, Salads, Pizzas, Beverages",3.9,62,62,62,1100,11.87363751
Bhujbal Bandhu-Hotel Apulki,Pune,Karve Nagar,Maharashtrian,4.1,61,61,61,400,18.92199412
Gypsy Caterers,Pune,Kothrud,Indian,,60,60,60,500,
Signature,Pune,Lullanagar,"North, Indian, Mughlai, Seafood, Chinese, Tandoor",4.4,61,61,61,600,20.30653027
Rosso Bianco,Pune,BOPODI,"Italian, Pizzas",4.8,57,57,57,500,14.6137077
Seven - Shawarma and Burgers,Pune,Koregaon Park,"Lebanese, Fast, Food, Snacks, Arabian",3.9,51,51,51,250,17.99897002
The Chefs Table,Pune,Koregoan Park,"Indian, Biryani",,64,64,64,500,
Moshi Moshi,Pune,Koregaon Park,"Asian, Chinese, Sushi, Thai, Japanese",4.1,63,63,63,1255,16.12048509
MOMOS JUNCTION,Pune,Fathima Nagar,Chinese,,53,53,53,200,
WITCHER'S DEN,Pune,Koregaon Park,Indian,,65,65,65,200,
PROPER PAKODA,Pune,Wanowrie,Snacks,,62,62,62,100,
LUCKNOW SPICE,Pune,Kothrud,"North, Indian",3.4,59,59,59,300,13.36820715
Cafe Rolls Inn,Pune,Koregaon Park,"Fast, Food",4.3,54,54,54,200,19.84501822
WE DESI,Pune,Koregaon Park,"North, Indian",,65,65,65,200,
VENKY'S CHICKEN XPERIENCE,Pune,Camp,"Chinese, Mughlai, Fast, Food, Beverages",,68,68,68,400,
Squashed - Cold Press Juices,Pune,Koregaon Park,"Juices, Healthy, Food, Fast, Food",4.3,60,60,60,300,13.09144648
Crazy Noodles,Pune,Koregaon Park,"Chinese, Thai",3.8,55,55,55,500,11.56918526
Vishal Restaurant,Pune,Wanowrie,"North, Indian, Indian, Punjabi, Tandoor, Chinese, Biryani, Kerala, Snacks, Beverages",4.2,59,59,59,200,19.38350617
Yonies pizza,Pune,Koregaon Park,"Pizzas, Italian",4.6,65,65,65,550,14.00480321
Kuai Kitchen,Pune,Koregaon Park,"Chinese, Japanese, Sushi, Asian, Thai",4.2,60,60,60,1000,12.78699424
WOW - World of Wings,Pune,Koregaon Park,Barbecue,,70,70,70,300,
Super Burgers,Pune,Koregaon Park,"Fast, Food",3.8,64,64,64,450,11.56918526
The Burger House,Pune,Koregaon Park,"American, Fast, Food",4,56,56,56,300,18.46048207
China Park,Pune,Koregaon Park,Chinese,4,64,64,64,250,15.72730253
Krushna Pure Veg,Pune,Wanwadi,"South, Indian, Indian, Chinese",4.3,60,60,60,400,29.70764555
Madurai Idly Shop,Pune,Kothrud,"South, Indian, Chinese",4.2,57,57,57,150,29.01677007
Pizza & Soup,Pune,Anand Nagar,"Italian, Pizzas, Fast, Food",,65,65,65,500,
PUNJABI DHABA,Pune,Wanowrie,"North, Indian",,65,65,65,400,
De Bakers Lounge,Pune,Kothrud,Desserts,,59,59,59,400,
Shawarma & Wraps,Pune,Wanowrie,"Chinese, Indian",,66,66,66,300,
PARATHA PIND DA,Pune,Wanowrie,Maharashtrian,,65,65,65,300,
SUGREN HOMEMADE NON VEG,Pune,Wanowrie,Indian,4.1,72,72,72,500,12.48254199
Shee Chinese,Pune,Kondhwa,"Chinese, Asian, Thai",4.3,59,59,59,400,19.84501822
BREATATO . CO,Pune,Karve Nagar,"Snacks, Combo",4,63,63,63,200,18.46048207
EXECUTIVE MEALS,Pune,Wanowrie,"Maharashtrian, Mughlai",,65,65,65,300,
Nawabs Biryani & Kababs,Pune,Wanowrie,"Maharashtrian, Mughlai",,65,65,65,300,
Dum Biryani,Pune,Wanowrie,Maharashtrian,,65,65,65,300,
PESHAVARI TADKA,Pune,Wanowrie,"Indian, Thalis, Chinese",,65,65,65,400,
Khandesh To Pune,Pune,Karvenagar,Indian,,64,64,64,300,
LONDON DAIRY,Pune,Karve Nagar,"Desserts, Ice, Cream",,54,54,54,280,
Lahori Tadka,Pune,Wanowrie,Indian,,65,65,65,400,
BANARASIYA,Pune,Wanowrie,Tandoor,,65,65,65,400,
Solanki Ice Creams,Pune,Karve Nagar,"Ice, Cream",,67,67,67,120,
Swadist Bite - Healthy Bakery,Pune,Sinhgad Road,Bakery,,67,67,67,250,
Shisha Jazz Cafe,Pune,Mundhwa,"North, Indian, Persian",,61,61,61,600,
NIZAMS BIRYANI,Pune,Wanowrie,Indian,,65,65,65,400,
The Chinese Monk,Pune,Dhankawadi,"Chinese, Combo, Tibetan, Healthy, Food, Pan-Asian",3.9,60,60,60,200,26.94414364
Sarjaa Restaurant & Bar,Pune,Aundh,"Mughlai, North, Indian, Chinese, Seafood",4.3,65,65,65,1100,19.84501822
Starboy Pizza & Shakes,Pune,Bibwewadi,"Pizzas, Fast, Food, Desserts, Beverages",,68,68,68,400,
Sapna Pav Bhaji,Pune,Lullanagar,"Maharashtrian, Street, Food, Chinese, Beverages, Desserts",4,59,59,59,300,18.46048207
Mirch Masala Resto Bar,Pune,Kothrud,"North, Indian, Chinese",4.5,63,63,63,800,20.76804233
Cafe Good Day,Pune,Wanwadi,"Fast, Food, Beverages",,66,66,66,250,
Deewan-E-Biryani - Kothrud,Pune,Kothrud,Biryani,,59,59,59,250,
The Feelia Cafe,Pune,Kothrud,Beverages,,60,60,60,300,
TFT Creams and Snacks,Pune,Dhankawadi,"Fast, Food",,66,66,66,200,
SHIVTIRTH VADAPAV,Pune,Kothrud,"Indian, Snacks",3.7,60,60,60,200,11.26473302
SIKANDARS SHAHI BIRYANI,Pune,Karve Nagar,"Biryani, Chinese, North, Indian",,69,69,69,500,
New Kalyan Bhel,Pune,Kothrud,"Chaat, Snacks, South, Indian, Beverages",4.4,60,60,60,150,20.30653027
Sudit Su's Chinese,Pune,Kothrud,Chinese,4,59,59,59,350,18.46048207
Nation 52,Pune,Karve Nagar,"North, Indian, Chinese",4.3,61,61,61,300,19.84501822
Saffron Exotic Family Restaurant,Pune,Ghorpadi,"North, Indian, Biryani, Chinese, Tandoor, Seafood, Snacks, Kebabs",4.3,64,64,64,500,19.84501822
Paramhans Pure Veg,Pune,Karve Nagar,"Rajasthani, Indian, Chinese",4,56,56,56,300,18.46048207
King's Chinese & Restaurant,Pune,Karve Nagar,Indian,,64,64,64,150,
Kolhapuri tadka Misal & snacks Center,Pune,Karve Nagar,"Snacks, South, Indian, Beverages",,63,63,63,100,
Nawabi Zaika,Pune,Karve Nagar,"Fast, Food, Street, Food",3.8,57,57,57,200,11.56918526
Hyderabadi Spice,Pune,Aundh,"Biryani, Mughlai, North, Indian, Chinese",4.2,58,58,58,400,29.01677007
Punjabi Chef,Pune,Mundhwa,"North, Indian, Thalis, Beverages, Desserts",,60,60,60,300,
GetAWhey- Healthy Ice Cream,Pune,Kalyani Nagar,"Ice, Cream",,51,51,51,300,
The Chef's Way Cafe,Pune,Range Hills,"Mexican, Italian, American, French",,59,59,59,500,
Dal Baati & Co.,Pune,koregoan park ,"Thalis, North, Indian, Indian",,68,68,68,500,
Hotel Shraddha Veg And Nonveg,Pune,Kothrud,"North, Indian, Biryani",,60,60,60,300,
Exotica,Pune,Yerawada,"North, Indian, Chinese, Mediterranean, Continental",4.1,64,64,64,1100,12.48254199
Brahma Garden,Pune,Anand Nagar,"North, Indian, South, Indian, Chinese, Fast, Food, Juices, Biryani, Punjabi",4.3,63,63,63,500,29.70764555
The Meal House,Pune,Aundh,"Thalis, North, Indian, Punjabi, Combo",4.1,60,60,60,200,25.48808501
Cafe Zam Zam,Pune,Kondhwa,"Mughlai, North, Indian, Chinese, Fast, Food, Biryani",4.1,64,64,64,250,28.3258946
Bhairavee Pure Veg. Restaurant,Pune,Aundh,"North, Indian, Chinese, Thai, Continental",4.3,66,66,66,1000,19.84501822
Chow Chow Chinese,Pune,Kothrud,Chinese,,68,68,68,200,
NutriHunger,Pune,Salunkhe Vihar road,"Healthy, Food",,67,67,67,350,
S.P. Crazy Cafe And Fast Food,Pune,Sinhgad Road,"Beverages, Pizzas",,59,59,59,200,
Sapkal Foods,Pune,Kothrud,"Indian, Fast, Food, Snacks",,62,62,62,100,
Bhayankar Burgers,Pune,Bibwewadi,"Fast, Food, American, Desserts",,64,64,64,250,
Arkie's Born Bakers,Pune,Lullanagar,"Fast, Food, Bakery",4.4,62,62,62,300,20.30653027
Pramit Veg Non Veg,Pune,Karve Nagar,"North, Indian, Fast, Food",,59,59,59,300,
Wassup Pizza,Pune,Kothrud,"Pizzas, Beverages",,65,65,65,199,
Paul's,Pune,Lullanagar,"North, Indian, Chinese",,65,65,65,300,
Swad Punjab Da,Pune,Wanwadi,"North, Indian, Chinese",4.1,65,65,65,350,12.48254199
Kolhapuri Mirchi,Pune,Kondhwa,"Maharashtrian, Thalis, Indian, Beverages",4.3,60,60,60,300,13.09144648
Jyoti Restaurant,Pune,Kondhwa,"North, Indian, South, Indian, Beverages, Ice, Cream, Chinese, Snacks",4.1,62,62,62,200,28.3258946
Jagdamba Veg - Nonveg,Pune,Bibwewadi,"Maharashtrian, Seafood, North, Indian, Fast, Food, Punjabi",4.2,65,65,65,250,16.51366766
Golden Dragon,Pune,Kothrud,Chinese,4.1,59,59,59,400,25.48808501
OUT OF THE OVEN,Pune,Kothrud,Bakery,,66,66,66,200,
Shree Maharaja,Pune,Wanowrie,"South, Indian",4.2,65,65,65,100,12.78699424
BETWEEN THE BUNS,Pune,Kothrud,"Fast, Food",,67,67,67,300,
Parth Veg Nonveg,Pune,Kothrud,"Indian, Chinese",,65,65,65,300,
The Choco World,Pune,Kothrud,Beverages,,60,60,60,200,
Jashn,Pune,Kondhwa,"Indian, Chinese, Italian, American",4,66,66,66,500,18.46048207
Hotel Sindhusagar,Pune,Yerawada,"North, Indian",4.4,63,63,63,300,13.39589873
Havmor Havfunn,Pune,Wanwadi,"Ice, Cream, Ice, Cream, Cakes, Desserts",4.5,60,60,60,200,13.70035097
Bowls Of China (B.O.C),Pune,Dhankawadi,"Chinese, Beverages, Combo, Street, Food, Pan-Asian, Tibetan, North, Indian, Biryani, Punjabi",3.9,61,61,61,200,17.99897002
Biryani King,Pune,Karve Nagar,"Chinese, North, Indian",,64,64,64,300,
Royal Chaina,Pune,Kothrud,"Chinese, Indian",,66,66,66,200,
Malabar,Pune,Karve Nagar,"North, Indian, Chinese",3.9,56,56,56,400,17.99897002
A1 Chinese,Pune,Karve Nagar,"Chinese, North, Indian",3.6,64,64,64,400,10.96028078
Crunchy Chicken Chunks .C3,Pune,Kothrud,"Fast, Food, Kebabs, Grill, Tandoor",4.2,68,68,68,300,12.78699424
H Dragon Chinese Center,Pune,Kothrud,"Asian, Chinese",,66,66,66,200,
G-1 Juice Center,Pune,Yerawada,Beverages,,55,55,55,150,
sp chinese fast food,Pune,Yerawada,"Chinese, Fast, Food, Indian",3.9,55,55,55,300,15.33411997
Kraks N Bruns,Pune,Dhankawadi,"Continental, Desserts, Bakery",3.8,65,65,65,350,14.9409374
South Kitchen,Pune,Kothrud,"South, Indian",,65,65,65,150,
The Green Roof,Pune,Anand Nagar,"North, Indian, Chinese, South, Indian, Mexican, Italian",4.1,68,68,68,700,18.92199412
99 Pancakes,Pune,Aundh,"Beverages, Desserts",,62,62,62,300,
Fish N Rolls,Pune,Range Hills,Seafood,4.2,59,59,59,250,12.78699424
Nine Square,Pune,Yerawada,"Chinese, North, Indian, Continental, Desserts",,63,63,63,300,
Cafe Old Skool,Pune,Aundh,"Desserts, Cafe",4.7,61,61,61,300,21.69106643
Wicked China,Pune,Koregaon Park,"Chinese, Oriental, Asian, Pan-Asian, Thai, Seafood, Fast, Food",4.2,66,66,66,400,12.78699424
Baraza Bars & Bites,Pune,Yerawada,"North, Indian, Kebabs, Biryani, Chinese, Continental, Fast, Food, Mughlai",,68,68,68,700,
ROOPALI PURE VEG,Pune,Bibwewadi,"North, Indian, Chinese, Punjabi, Italian, Continental, South, Indian",,70,70,70,500,
Kebstha,Pune,Salunkhe Vihar road,Indian,,65,65,65,350,
United Tastes,Pune,Kondhwa,"Snacks, Indian",,68,68,68,200,
Arun Ice Creams,Pune,Mangawadi,"Ice, Cream, Desserts",4.8,64,64,64,100,14.6137077
Big Ms,Pune,Aundh,"American, Cafe, Fast, Food, Beverages, Italian, Mexican",,67,67,67,400,
Shraddha Restaurant,Pune,Karve Nagar,"South, Indian, Chinese, Fast, Food",,64,64,64,300,
Degchi's Biryani Cafe,Pune,Kondhwa,"North, Indian, Mughlai, Biryani, Desserts",3.7,63,63,63,300,17.07594591
Aaoji Khhaoji,Pune,Range Hills,"North, Indian",4,60,60,60,500,15.72730253
Hotel Green Park,Pune,Pashan,"North, Indian, Chinese, Continental, Thai, Mexican, Seafood",4.4,63,63,63,1200,27.35306684
Juice Destination,Pune,Aundh,"Thalis, North, Indian, Punjabi, Beverages",4.2,60,60,60,200,26.10974562
Haldiram,Pune,Kondhwa,"Indian, North, Indian, Sweets",4.2,65,65,65,300,26.10974562
BIKKGANE BIRYANI,Pune,Kothrud,"Hyderabadi, South, Indian, North, Indian, Biryani, Andhra, Mughlai",4.1,60,60,60,350,18.92199412
Oasis The Royal Biryani,Pune,Kothrud,"Biryani, North, Indian, Beverages, Combo, Desserts",3.6,60,60,60,500,10.96028078
Yumme Tumme,Pune,Kondhwa,"Fast, Food",,69,69,69,200,
CAFESTARBOY,Pune,Aundh,"Chinese, Indian",4,68,68,68,300,12.17808975
Sardarji's Paratha & Chaap House,Pune,Kondhwa,"North, Indian, Beverages",4.1,72,72,72,250,18.92199412
55 Biryanis,Pune,Bibwewadi,Biryani,,71,71,71,300,
Crazy Cheesy (Aundh),Pune,Aundh,"American, Beverages, Italian",4.2,65,65,65,500,12.78699424
Italian Hut,Pune,Sinhgad Road,"Continental, Italian",4.4,65,65,65,199,13.39589873
Lean Life Bistro,Pune,Kothrud,"Fast, Food",4.7,64,64,64,300,14.30925546
Lucky Chinese,Pune,Kothrud,Chinese,,71,71,71,300,
GARRISON KITCHEN,Pune,Kondhwa,"Chinese, Beverages",,73,73,73,400,
Cafe Doraemon,Pune,Kothrud,"Pizzas, Chinese",,64,64,64,200,
Spice Garden Family Resto & Bar,Pune,Bibwewadi,"North, Indian, Chinese, Mughlai",4.3,70,70,70,500,19.84501822
Ratna Veg Cuisine,Pune,Warje,"North, Indian, South, Indian",4.2,60,60,60,400,19.38350617
RK Pure Veg,Pune,Visharant Wadi,"Mughlai, North, Indian, Chinese",3.8,62,62,62,300,23.62310318
Ashapuri Dining Hall,Pune,Aundh,"North, Indian, Chinese, Rajasthani",4,59,59,59,250,27.63501912
RocoMamas,Pune,Kalyani Nagar,"American, Fast, Food",4.2,59,59,59,1000,16.51366766
Salad Grills,Pune,Kalyani Nagar,"Healthy, Food, Salads, Fast, Food, Continental, North, Indian, Chinese",4.3,63,63,63,300,19.84501822
Koffee Villa,Pune,Bibwewadi,"Pizzas, Italian, Pastas",,72,72,72,200,
Riva Gourmet Under The Sky,Pune,Anand Nagar,"Indian, Oriental, Continental",4.4,65,65,65,600,13.39589873
Cake Creation The Cake Shop and Cafe,Pune,Bibwewadi,Bakery,,68,68,68,300,
Steakhouse,Pune,Kalyani Nagar,Continental,4.6,63,63,63,300,21.22955438
THE PIZZA HUB,Pune,Dhankawadi,"Italian, Fast, Food, Beverages",,74,74,74,400,
Taaareef,Pune,Aundh,"Mughlai, North, Indian, Seafood, Biryani",4.4,67,67,67,1100,20.30653027
Shudha Amruttulya,Pune,Kondhwa,"North, Indian, Maharashtrian, Beverages",4.1,80,80,80,200,12.48254199
Mineority By Saby,Pune,Kalyani Nagar,"North, Indian, Continental, Indian, Tandoor, Oriental, Chinese, Pastas, Pizzas",,63,63,63,600,
Indian Chinese,Pune,Kothrud,"Chinese, North, Indian, Beverages",,63,63,63,200,
Radhika Veg Restaurant,Pune,Aundh,"North, Indian, South, Indian, Chinese, Fast, Food",4.2,66,66,66,500,16.51366766
Belly Tales,Pune,Kalyani Nagar,"North, Indian, Chinese, Combo, Pizzas, Beverages",3.9,59,59,59,400,15.33411997
Billy's BrewStirs,Pune,Aundh,"Indian, American, Continental",,72,72,72,1000,
BOMBAY CHINESE MH 02,Pune,Aundh,Chinese,,67,67,67,200,
Krishna Bikaner and dry fruits,Pune,Sinhgad Road,Sweets,,68,68,68,250,
Moonlight Kitchen,Pune,Kothrud,"Chinese, North, Indian, Maharashtrian, Beverages",,67,67,67,200,
Pind Punjab.,Pune,Baner,"North, Indian, Indian, Punjabi, Chinese, Biryani, Thalis, Combo, Mughlai, Beverages, Desserts, Snacks",4.2,63,63,63,400,29.01677007
Cakes N Cakes,Pune,Kothrud,"Bakery, Desserts",3.8,58,58,58,200,17.53745796
RK Biryani House,Pune,Dhankawadi,"North, Indian, Biryani, Thalis, Kebabs, Maharashtrian, Malwani",4,71,71,71,500,18.46048207
Pergola Kitchen And Bar,Pune,Kalyani Nagar,"Continental, North, Indian",,63,63,63,1000,
The Fat and the Sexy Chef,Pune,Wanowrie,"American, Mexican",3.9,78,78,78,500,11.87363751
Hite Bar,Pune,Wanowrie,"Fast, Food",4.3,64,64,64,200,19.84501822
Andhra Biryani,Pune,Yerawada,"Biryani, Chinese, North, Indian",,63,63,63,300,
Baba Biryani,Pune,Vishrantwadi,"Biryani, Indian, Chinese",3.5,59,59,59,250,13.76138971
Step-In,Pune,Wanowrie,"Chinese, North, Indian",,81,81,81,500,
DILLI CHAT BHANDAR,Pune,Vishrantwadi,"North, Indian",,63,63,63,250,
Golden Dragon Chinese & Momo,Pune,Kothrud,Chinese,2,68,68,68,300,6.089044875
Amritsari Kulcha And Delhi's Chaap,Pune,Kalyani Nagar,"Indian, Afghani, Fast, Food, Thalis",4.1,58,58,58,500,16.12048509
Misal And More,Pune,Kondhwa,"North, Indian, Fast, Food",,77,77,77,200,
One Way Paratha,Pune,Anand Nagar,"North, Indian, Fast, Food",4.3,73,73,73,250,19.84501822
One Way Paratha,Pune,Anand Nagar,"North, Indian, Fast, Food",4.3,73,73,73,250,19.84501822
THE LITTLE PUNJAB,Pune,Anand Nagar,"North, Indian, Chinese, Biryani, Tandoor, Kebabs, Snacks, Desserts, Beverages",3.9,71,71,71,400,17.99897002
Cream stone,Pune,Aundh,"Ice, Cream, Desserts, Beverages",4.1,65,65,65,200,16.12048509
Ottoman Eats,Pune,Wanowrie,"Lebanese, Kebabs, Fast, Food, Beverages",4.1,70,70,70,300,18.92199412
Sonu Shakewala,Pune,Kalyani Nagar,Beverages,,60,60,60,300,
Uncle Da Dhaba,Pune,Kalyani Nagar,"North, Indian",,64,64,64,500,
Lavaza Restaurant,Pune,Kondhwa,"Fast, Food, Indian, Beverages",,73,73,73,225,
Jazz Pizza,Pune,Kondhwa,"Italian, Pizzas, Fast, Food",3.9,72,72,72,300,11.87363751
Royal Baking Co,Pune,Kalyani Nagar,"Bakery, Desserts, Continental, Fast, Food, Combo, Italian, Biryani, Beverages",3.9,66,66,66,350,11.87363751
Kirti Restaurant & Bar,Pune,Visharant Wadi,"Chinese, North, Indian, Desserts, Fast, Food, Beverages, Seafood",3.8,64,64,64,400,11.56918526
SRI KRISHNA AANAND BHAVAN,Pune,Kothrud,"Indian, Snacks, Beverages",4.4,64,64,64,200,20.30653027
Fat Panda,Pune,Kondhwa,"Fast, Food, Pizzas",3.2,71,71,71,250,9.742471801
Noble Bake Food,Pune,Wanowrie,Bakery,4,64,64,64,100,12.17808975
Ruhe Organic Cafe,Pune,Kalyani Nagar,"Continental, Indian, Italian, Mexican, Asian",,63,63,63,500,
Pizza Cafe (ABC Farms),Pune,Kondhwa,"Pizzas, Italian",4.1,71,71,71,400,12.48254199
Hapaa - Asian Stir,Pune,Kalyani Nagar,"Asian, Chinese, Japanese",,64,64,64,1500,
Elephant & Co.,Pune,Kalyani Nagar,"Continental, Pizzas, American, Italian",4,72,72,72,1100,12.17808975
Tahari House,Pune,Kondhwa,"North, Indian",4.4,62,62,62,200,20.30653027
 Hotel Rangda,Pune,Karve Nagar,Indian,,63,63,63,200,
Carnival Restaurant & Bar,Pune,Mundhwa,"North, Indian, Chinese, Seafood, Continental",4.2,64,64,64,1000,19.38350617
A1 PAAN SHOP,Pune,Vishrantwadi,Paan,,66,66,66,100,
The Garage Grill,Pune,Wanowrie,"Mughlai, Street, Food",4.3,67,67,67,400,19.84501822
Bread Story,Pune,Kalyani Nagar,Bakery,4.3,52,52,52,200,16.90685022
Foodies 365,Pune,Kondhwa,"Fast, Food",,71,71,71,200,
Hot's chaines & momos,Pune,Kothrud,"Chinese, Beverages",,68,68,68,200,
TEASHOTS,Pune,Kondhwa,"Pizzas, Fast, Food, Snacks, Beverages",,74,74,74,200,
Bring it on Cafe,Pune,Kondhwa,"American, Bakery, Italian",,73,73,73,300,
Blue dragon chinese katta,Pune,Aundh,Chinese,4,64,64,64,200,15.72730253
Mughal Sarai,Pune,Kalyani Nagar,Indian,,67,67,67,200,
Cake Paradise,Pune,Kothrud,"Desserts, Bakery",3.5,60,60,60,450,10.65582853
Dum Laga Ke Biryani,Pune,Kalyani Nagar,Indian,,68,68,68,200,
Cafe Bun Maska,Pune,Kondhwa,"Snacks, Beverages, Chinese",4,66,66,66,250,18.46048207
Cafe Samosa Corner,Pune,Kondhwa,"Indian, Fast, Food, Biryani, Tandoor, Sweets, Beverages, Street, Food",4.4,65,65,65,100,20.30653027
CAFE AL MUHSI,Pune,Kondhwa,"Snacks, Pizzas, Beverages",,74,74,74,600,
Bon Bon Candy Cake Shop,Pune,Kothrud,Bakery,,66,66,66,150,
Fabcafe By Fabindia,Pune,Aundh,"North, Indian, Healthy, Food, Biryani, Beverages",4.4,70,70,70,1000,20.30653027
Taco Bell,Pune,Aundh,Mexican,3.9,79,79,79,300,17.99897002
Jalebi Experiment,Pune,Kothrud,"Sweets, Snacks, Indian, Rajasthani",3.6,65,65,65,500,10.96028078
Burger Craft,Pune,Aundh,"Fast, Food, American, Beverages, Desserts",4.5,66,66,66,1000,20.76804233
CIRCLE OF CRUST,Pune,Mohammed Wadi,"Pizzas, Beverages, Combo, Snacks",4.2,69,69,69,200,26.10974562
Southin Cafe,Pune,Kalyani Nagar,"Fast, Food, Snacks, Thalis, Beverages",,63,63,63,200,
Raju Uncle's Chole Bhature,Pune,Dhankawadi,Punjabi,4.1,65,65,65,150,18.92199412
Khichdi Experiment,Pune,Baner,"Home, Food, Indian, Healthy, Food, North, Indian, Snacks, Maharashtrian, Sweets, South, Indian, Combo, Desserts, Beverages, Kebabs",4.5,60,60,60,250,20.76804233
SOUK by Cafe Arabia,Pune,Salunkhe Vihar,"Lebanese, Middle, Eastern, Mediterranean, Fast, Food",4.3,66,66,66,300,26.73140623
Hyderabadi Biryani House,Pune,KAUSAR BAUGH NIBM ROAD,"Biryani, Thalis, Indian, Desserts",2.2,77,77,77,150,6.697949363
Pind Da Swad,Pune,Kothrud,"Punjabi, North, Indian, Thalis, Combo",4.2,70,70,70,300,16.51366766
Basilio,Pune,Aundh,Italian,,85,85,85,500,
Kwality Family Resto,Pune,Kalyani Nagar,"North, Indian, Seafood, Chinese, Continental, Biryani",3.9,60,60,60,500,17.99897002
Sub Culture,Pune,Aundh,"Fast, Food, Snacks, Ice, Cream, Juices",,71,71,71,400,
LOST HEAVEN,Pune,Aundh,"Chinese, Kebabs",,73,73,73,300,
Kareem's,Pune,Wanowrie,"Mughlai, North, Indian, Maharashtrian, Biryani, Kebabs, Tandoor, Beverages",3.8,59,59,59,250,17.53745796
Mumma's Food,Pune,Kothrud,"Indian, Sweets",,70,70,70,300,
Paper Lantern,Pune,Aundh,Asian,4.3,73,73,73,400,13.09144648
Hotel mawalaj,Pune,Bibwewadi,"Indian, Thalis",,76,76,76,550,
Hotel Chandralok,Pune,Dhankawadi,"Chinese, Snacks",,67,67,67,200,
The Bounty Sizzlers,Pune,Kalyani Nagar,Continental,3.9,60,60,60,600,11.87363751
Ganga Chinese centre,Pune,Bopodi,Chinese,,63,63,63,150,
Darshini,Pune,Aundh,"South, Indian",4.1,67,67,67,200,12.48254199
Cafe PeterDonuts,Pune,Aundh,"Continental, Desserts",4.1,71,71,71,400,16.12048509
Sukhi De Parathe,Pune,Kothrud,"North, Indian, Chinese, Combo",,73,73,73,150,
Hungry punjabi,Pune,Wanowrie,"Indian, Chinese",,86,86,86,500,
Crazy momos,Pune,Aundh,"Fast, Food, Beverages",4.2,63,63,63,200,16.51366766
S & B the cake factory,Pune,Kothrud,"Desserts, Bakery",,62,62,62,450,
Ori Story - Chinese & Oriental,Pune,Kalyani Nagar,"Chinese, Oriental, Fast, Food, Combo",,70,70,70,300,
Let's Order Chinese,Pune,Kothrud,"Chinese, Pan-Asian, Nepalese, Fast, Food, Combo, Tibetan",,67,67,67,250,
HOW'S THE BOWL,Pune,Kothrud,"North, Indian, Punjabi, Chinese, Biryani, Seafood, Combo, Desserts, Beverages",3.6,67,67,67,150,10.96028078
Ya Habibi Fatayer,Pune,Kondhwa,Arabian,,74,74,74,400,
The Juicy Hub,Pune,Anand Nagar,"Beverages, Fast, Food",,70,70,70,250,
Keventers Ice Cream,Pune,Baner,"Beverages, Ice, Cream, Desserts",3.9,62,62,62,300,11.87363751
Biryani Express 100% Home Made ,Pune,Kothrud,Biryani,3.9,76,76,76,200,15.33411997
KALANDINI CHINESE,Pune,Sinhgad Road,Chinese,,70,70,70,220,
Healthycious,Pune,Sinhgad Road,"Fast, Food, Salads, Beverages",,71,71,71,200,
BANJARA,Pune,Aundh,"Indian, Biryani",,72,72,72,400,
Largo Pizzeria,Pune,Mohammed Wadi,"Pizzas, Beverages",3.6,72,72,72,600,14.15457228
YUMMY CHINA,Pune,Aundh,"Chinese, Indian",,69,69,69,300,
SAFFRONI,Pune,Aundh,"North, Indian",,69,69,69,300,
SAGAR  RATAN,Pune,Aundh,Indian,,69,69,69,300,
CHINESE WHINESE,Pune,Aundh,"Chinese, Indian",,76,76,76,300,
Danka,Pune,Sinhgad Road,"Street, Food, Chaat",,73,73,73,150,
Chai - The Way You Like It,Pune,Mohammed Wadi,"Fast, Food",4,73,73,73,250,15.72730253
Gausiya Restaurant,Pune,Kondhwa,"Indian, Biryani",,74,74,74,200,
La Kheer Deli,Pune,Mohammed Wadi,Desserts,,67,67,67,150,
Taco Mania,Pune,Wanowrie,Mexican,3.9,77,77,77,300,15.33411997
Lazzetti,Pune,Anand Nagar,"Arabian, Tandoor, Chinese, American",3.8,72,72,72,250,14.9409374
Tea Trails,Pune,Aundh,Continental,,74,74,74,350,
Frieswalla,Pune,Kondhwa,"Fast, Food",4,76,76,76,200,12.17808975
KNIGHT RIDERS,Pune,Magarpatta,"Chinese, Continental, Indian, Biryani, Italian, Desserts",,74,74,74,300,
Nimrah Biryani,Pune,Sangvi,"North, Indian, Biryani, Chinese",,72,72,72,250,
Sudama's Misal House,Pune,Anand Nagar,"Fast, Food, Maharashtrian",4.3,63,63,63,250,19.84501822
WAHH CHINA,Pune,Aundh,Indian,,69,69,69,250,
Polka Dots,Pune,Aundh,"North, Indian, Mexican, Continental, Italian, Mediterranean, European",4.3,77,77,77,1100,16.90685022
Grill Royale,Pune,Aundh,"North, Indian",,69,69,69,450,
Srushti Garden (Pure Veg),Pune,Visharant Wadi,Indian,3.8,64,64,64,300,14.9409374
MAGIC MIKES  BURGER THERAPY,Pune,Wanowrie,"Snacks, Fast, Food",4.4,70,70,70,500,20.30653027
Gurukrupa Paratha's- Since 1985,Pune,Kondhwa,"North, Indian, Biryani",,72,72,72,200,
Lf 91 cafe and restaurant,Pune,Dapodi,Indian,,74,74,74,250,
Chill Out,Pune,Katraj,"Fast, Food, Street, Food, Beverages",4,67,67,67,300,12.17808975
China House,Pune,Anand Nagar,Chinese,,70,70,70,200,
AFC American Fried Chicken,Pune,Visharant Wadi,"Fast, Food",4,65,65,65,300,18.46048207
Between Your Buns,Pune,Mohammed Wadi,"Fast, Food, Continental, Italian, Combo, Beverages",4.4,71,71,71,400,20.30653027
House of Chole Bhature And Parathas,Pune,Anand Nagar,Combo,3.7,70,70,70,200,11.26473302
Churro Mania,Pune,Wanowrie,Desserts,4.6,71,71,71,300,21.22955438
ARs AREBIAN SHAWARMA,Pune,Sinhgad Road,"Arabian, Fast, Food, Beverages",,71,71,71,200,
Big Daddy's,Pune,Mohammed Wadi,"Fast, Food, American, Italian, Beverages",4.1,70,70,70,250,28.3258946
SNEHAS KITCHEN,Pune,Anand Nagar,"Fast, Food, Pizzas, Italian",,70,70,70,200,
KATHI ROLL INC,Pune,Kondhwa,"Fast, Food, Snacks, Combo, Beverages",4.3,69,69,69,200,16.90685022
Shanti Swayampakghar,Pune,Anand Nagar,"North, Indian",4.2,68,68,68,250,16.51366766
Aangan Veg Restaurant,Pune,Dhankawadi,"North, Indian, Chinese, South, Indian, Fast, Food",4.2,70,70,70,500,19.38350617
CHINA WALE,Pune,Baner,Chinese,,75,75,75,200,
MEAL BOX,Pune,Baner,"Combo, Thalis, Indian",,74,74,74,200,
Mothers Canteen,Pune,Baner,Combo,,72,72,72,200,
WOK HONG,Pune,Warje,Chinese,,64,64,64,300,
Mummy Ki Roti,Pune,Baner,"Chinese, North, Indian, Thalis",,79,79,79,200,
BHOOKH LAGI,Pune,Baner,Combo,,77,77,77,200,
Double Tea Cafe,Pune,Kondhwa,"Chinese, Fast, Food",4.1,70,70,70,200,12.48254199
Deccan Darbar,Pune,Kondhwa,Indian,,75,75,75,400,
Hotel Mahabaleshwar,Pune,Baner,"North, Indian",4.5,67,67,67,500,20.76804233
Khushboo The Family Restaurant,Pune,Balaji Nagar,"North, Indian, Chinese, South, Indian, Fast, Food",4.3,66,66,66,500,16.90685022
The Burger Project,Pune,kothrud,"American, Beverages, Desserts, Snacks",3,70,70,70,350,11.7954769
GetAWhey- Healthy Ice Cream,Pune,Dhanakawadi,"Ice, Cream",,76,76,76,300,
THIKANA,Pune,Baner,"North, Indian, Chinese, Italian, Combo",,67,67,67,1500,
Bowls@69,Pune,Baner,Combo,,72,72,72,200,
Surprise India - Cakes & Desserts,Pune,Bibwewadi,Bakery,4.1,77,77,77,300,12.48254199
GRAND ALHAMDULILLAH HOTEL,Pune,Kondhwa,"Mughlai, Biryani, Tandoor, Chinese, Indian",3.1,71,71,71,300,9.438019557
Samruddhi,Pune,Visharant Wadi,"Mughlai, North, Indian, Chinese",4.1,62,62,62,300,18.92199412
NEW PARATHA CENTER,Pune,Aundh,Indian,,69,69,69,200,
Spice Culture,Pune,Kondhwa,"Chinese, North, Indian, Biryani, Continental, Thai, Pizzas, Pastas",4.1,68,68,68,500,16.12048509
Anda 420,Pune,Salunkhe Vihar,"Fast, Food",,75,75,75,200,
THE CHINESE WINDOW,Pune,Dhankawadi,Chinese,,77,77,77,300,
The Biryani Experiment,Pune,Baner,"Biryani, Hyderabadi, Indian, Kebabs, North, Indian, South, Indian, Andhra, Afghani, Combo, Desserts, Beverages, Punjabi, Kerala, Sweets, Arabian, Lucknowi, Parsi, Tandoor",4.3,68,68,68,500,16.90685022
Magic bites,Pune,Vishrantwadi,"Indian, Snacks, Fast, Food, Chinese, Continental",,65,65,65,300,
Paratha Envy,Pune,Baner,"North, Indian",4.1,72,72,72,280,12.48254199
Mad About Chinese,Pune,Kothrud,Chinese,3.2,62,62,62,300,9.742471801
PRAWN HUB,Pune,Baner,"Seafood, Biryani",3.8,70,70,70,800,11.56918526
Mother's tawa,Pune,Katraj,"North, Indian",,83,83,83,400,
Hotel Al Zaika,Pune,kondhwa,"North, Indian, Fast, Food, Chinese, Mughlai",3.6,71,71,71,300,14.15457228
Cafe Momos,Pune,Dhankawadi,"Fast, Food, Beverages",4.3,66,66,66,200,19.84501822
Mukul's Eastern Spice,Pune,Old Sangvi,"North, Indian, Chinese",4,63,63,63,300,24.8664244
Hotel Dattaprasad,Pune,Dhankawadi,Indian,3.9,71,71,71,200,11.87363751
Delhi Kitchen,Pune,Aundh,"Tandoor, North, Indian, Biryani, Beverages, Desserts",4,69,69,69,300,18.46048207
Lazeez fast food,Pune,Kondhwa,Chinese,,70,70,70,450,
Filli Bites,Pune,Kondhwa,"Arabian, Snacks, Fast, Food",4.3,66,66,66,200,26.73140623
Oye Kiddan,Pune,Kothrud,"Punjabi, North, Indian, Desserts, Thalis, Combo",4.1,65,65,65,200,28.3258946
TGC: The Gargis Cafe,Pune,Old Sangvi,"Fast, Food, Mexican, Beverages, Desserts",,74,74,74,300,
The Bombay Paratha Company,Pune,Kothrud,"North, Indian, Indian, Punjabi, Desserts, Beverages, Combo",4.1,67,67,67,200,16.12048509
Cafe India,Pune,Kondhwa,"Snacks, Fast, Food, Street, Food, Beverages",4.3,70,70,70,200,19.84501822
Biryani Bowl,Pune,Kondhwa,"Biryani, North, Indian",3.1,73,73,73,400,9.438019557
Homely Meals @69 ,Pune,Kondhwa,"Home, Food",4,69,69,69,150,18.46048207
DHABA CURRY,Pune,Kondhwa,"North, Indian, Chinese, Biryani",3.2,70,70,70,300,9.742471801
DESI HANDI,Pune,Kondhwa,"North, Indian, Chinese, Biryani",,78,78,78,300,
SUPERMAN MOMOS,Pune,kothrud,"Chinese, Tibetan, Nepalese, Tandoor, Pizzas, Snacks, Beverages",3.9,67,67,67,150,11.87363751
Deepa's Mess,Pune,Hadapsar,Indian,4.4,73,73,73,200,20.30653027
Arabian Grills,Pune,Kondhwa,Indian,3.7,80,80,80,300,11.26473302
Dessertto,Pune,Mohammed Wadi,"Bakery, Ice, Cream, Beverages",4,72,72,72,200,18.46048207
BHOLES ROCK & ROLLS,Pune,Dhankawadi,Indian,3.8,68,68,68,200,11.56918526
New Arabian Grills,Pune,Dhankawadi,"Arabian, Biryani, Indian",4,69,69,69,500,18.46048207
Tea Time Paratha House,Pune,Bibwewadi,"Indian, Punjabi",,74,74,74,250,
Ufo fries and corn,Pune,Dhankawadi,"Fast, Food, Beverages",3.6,71,71,71,300,10.96028078
Hotel Surya Biryani,Pune,Kothrud,"Punjabi, Chinese, Maharashtrian",,75,75,75,200,
Shree Bedi's Paratha House,Pune,Dhankawadi,"Chinese, North, Indian",3.6,71,71,71,250,10.96028078
Dawat Restaurant,Pune,Kondhwa,"North, Indian, Chinese",3,81,81,81,300,9.133567313
Punjabi Non Veg,Pune,kondhwa,"North, Indian, Fast, Food, Chinese, Mughlai",,75,75,75,300,
shakes+,Pune,Kondhwa,"Beverages, Desserts",,72,72,72,300,
Rasoi Punjab,Pune,Kondhwa,"North, Indian, Seafood",3.5,70,70,70,400,10.65582853
Delhi Zaika,Pune,kondhwa,"North, Indian, Fast, Food, Chinese, Mughlai",,74,74,74,300,
Hotel Malabar,Pune,Kondhwa,"Chinese, North, Indian",3.3,80,80,80,400,10.04692404
Karim's Cafe,Pune,Kondhwa,"Chinese, Fast, Food, Beverages",4.3,72,72,72,250,16.90685022
Hotel AL Madeena,Pune,Kondhwa,"North, Indian",3.3,73,73,73,300,10.04692404
CHINESE \rSTATION,Pune,Kondhwa,Chinese,,75,75,75,250,
Master Chef,Pune,kondhwa,"North, Indian, Fast, Food",,78,78,78,300,
Tandoor Point,Pune,Kondhwa,"Mughlai, North, Indian, Chinese",3.1,75,75,75,300,9.438019557
Sitara Hotel,Pune,Kothrud,Indian,,66,66,66,200,
Lucky Chinese and Snacks Centre,Pune,Kondhwa,Chinese,,82,82,82,300,
Chotu Tapriwala,Pune,Baner,"Fast, Food, Beverages",,67,67,67,300,
Zhangg,Pune,Bibwewadi,Chinese,,73,73,73,200,
Hotel Dawat,Pune,kondhwa,"North, Indian, Fast, Food, Chinese, Mughlai",,76,76,76,300,
Zaffraan Indian Kitchen,Pune,Aundh,"Indian, Mughlai",,76,76,76,450,
The Chinese Box,Pune,Aundh,"Chinese, Indian",,73,73,73,450,
Roll Point,Pune,Dhankawadi,Chinese,3.6,70,70,70,200,14.15457228
Royal Darbar,Pune,kondhwa,"Chinese, North, Indian, Mughlai",,80,80,80,300,
LAVISH BIRYANI,Pune,Kondhwa Budruk,Biryani,,78,78,78,300,
Tea Villa Cafe,Pune,Pashan,"Continental, Mediterranean, Italian, Desserts, Beverages",4.3,65,65,65,800,13.09144648
Desi Flavours,Pune,Aundh,"Fast, Food, Desserts, Ice, Cream, Beverages",,71,71,71,200,
Cafe Pune,Pune,Kondhwa,Desserts,,76,76,76,150,
BIRYANIBAD,Pune,Kondhwa,"North, Indian, Indian, Biryani",,77,77,77,500,
REVELRY CAKE & DECORATION HOUSE,Pune,Kondhwa Budruk,"Bakery, Desserts",,77,77,77,500,
Burger.com,Pune,Dhankawadi,"Fast, Food",,81,81,81,200,
Combos@69,Pune,Sangvi,Combo,,65,65,65,200,
The Biryani House,Pune,Dhankawadi,"Indian, Biryani",3.2,72,72,72,200,9.742471801
IN Between,Pune,Aundh,"Fast, Food, Snacks",,74,74,74,200,
Woods Only Chinese,Pune,Warje,Chinese,3.2,65,65,65,150,9.742471801
Uncle's Kitchen.,Pune,Tingre Nagar,"Chinese, North, Indian, Italian",3.9,71,71,71,400,17.99897002
Pranav Chinese,Pune,Warje,"Chinese, Fast, Food",,68,68,68,200,
The House of Momos,Pune,Sangvi,Chinese,,65,65,65,200,
Malabar Food Centre,Pune,Magarpatta,"North, Indian, Indian",,82,82,82,300,
Diamond Restaurant,Pune,Magarpatta,"North, Indian",,78,78,78,300,
MH 12 PavBhaji,Pune,Aundh,"Fast, Food, Street, Food, Snacks, Beverages, Indian",4,64,64,64,200,18.46048207
Fabio Food Court,Pune,Mohammed Wadi,"Indian, Chinese, North, Indian, Tandoor",4.1,73,73,73,350,25.48808501
CULTURE BIRYANI AND GRILL,Pune,Sinhgad Road,"Indian, Continental",4.6,82,82,82,280,14.00480321
Thanco's Natural Ice Cream,Pune,Kondhwa,"Ice, Cream, Desserts",,70,70,70,200,
L'Apicio,Pune,Aundh,"European, Mediterranean, Continental, Desserts",4.2,76,76,76,800,16.51366766
nutrimonk.life,Pune,Mohammed Wadi,"Healthy, Food, Fast, Food, Biryani, Continental, Salads",3.9,80,80,80,200,11.87363751
QUEENS MAGGIE FRIES,Pune,Kondhwa Budruk,"North, Indian",,72,72,72,250,
DRUNKEN SHAKE,Pune,Kondhwa Budruk,Beverages,,74,74,74,100,
Pokket Pizza,Pune,Dhankawadi,"Pizzas, Fast, Food",3.7,78,78,78,250,14.54775484
Swarnaa Vegetarian,Pune,Warje,"North, Indian, South, Indian, Chinese, Continental, Punjabi",4.1,62,62,62,300,28.3258946
Kolkata Kitchen,Pune,NIBM post office Road,"North, Indian, Tandoor, Fast, Food",,73,73,73,400,
Mountain Mikes Pizza,Pune,Dhankawadi,"Italian, Pizzas, Bakery",,81,81,81,200,
Foodie point,Pune,Vishrantwadi,"Chinese, North, Indian",,69,69,69,200,
Cheese and Crust,Pune,Kothrud,"Pizzas, Fast, Food, Beverages",,69,69,69,300,
Annapurna Pure Veg,Pune,Kothrud,"North, Indian, Fast, Food",4,63,63,63,250,18.46048207
Cafe Pizza Bites,Pune,Dhankawadi,"Fast, Food",3.5,79,79,79,300,13.76138971
Burger N More,Pune,Dhankawadi,Indian,3.2,74,74,74,200,9.742471801
Gavkari,Pune,Kothrud,Maharashtrian,4.1,67,67,67,400,18.92199412
Biryanikar,Pune,Kothrud,"Biryani, Beverages, Ice, Cream, Sweets",,84,84,84,300,
SAM's Cafe & Cake shop,Pune,Kalas,"Continental, Fast, Food, Cafe, Bakery",,68,68,68,250,
KarolBaug- Dawat-e-Mehfil,Pune,Aundh,"North, Indian",4.3,74,74,74,600,13.09144648
Gulbarga Tahari And Biryani,Pune,Kondhwa,Biryani,4.3,69,69,69,250,16.90685022
Ankur Biryanis,Pune,WADGAON BUDRUK Tilak Road,"Biryani, Indian",,75,75,75,300,
Cafe Coffee Hutt,Pune,Baner,"Fast, Food, Pizzas",4.5,69,69,69,250,17.69321535
Atithi family Restaurant and bar,Pune,Kothrud,"Indian, Chinese, Desserts",,73,73,73,200,
Wok 'ur' World,Pune,Baner,"Asian, Chinese, Seafood, Continental",,77,77,77,900,
ASHAYS FUSION MOMO,Pune,Warje,"Chinese, Nepalese",4.7,70,70,70,200,14.30925546
CAFFE RITAZZA,Pune,Mohammed Wadi,Italian,,81,81,81,1000,
Madhuraj Kitchen,Pune,Kothrud,"North, Indian, Street, Food, Biryani",,71,71,71,400,
Roll Xpress,Pune,Ambegaon,"Chinese, Snacks, Fast, Food, Beverages",4,72,72,72,100,18.46048207
Karolbaug,Pune,Baner,"Mughlai, North, Indian, Chinese, Biryani",4.1,72,72,72,750,16.12048509
Cafe U n Me,Pune,Tingre Nagar,"Desserts, Fast, Food, Beverages",,75,75,75,400,
CnP House - Chicken and Paratha,Pune,Pashan,"North, Indian, Tandoor, Biryani, Punjabi, Kebabs, Beverages",3.9,75,75,75,350,11.87363751
BREATATO CO,Pune,Bibwewadi,"Street, Food, Continental, Combo",,78,78,78,300,
Madras Cafe,Pune,Aundh,"South, Indian, Thalis, Chinese, North, Indian",4.2,71,71,71,200,19.38350617
Saffron Multicuisine,Pune,Pashan,"Mughlai, North, Indian, Chinese, Seafood, Tandoor",4.5,68,68,68,400,13.70035097
Food China - Momos and Noodles,Pune,Pashan,"Chinese, Tibetan, Fast, Food, Snacks, Beverages",,81,81,81,200,
Hotel Shivanjali,Pune,Pashan,"North, Indian, Chinese, Seafood",4.4,69,69,69,500,20.30653027
Biryani By Kilo,Pune,Baner,"Biryani, Mughlai, Kebabs, North, Indian, Hyderabadi, Lucknowi, Andhra, South, Indian, Bengali",4.2,83,83,83,700,19.38350617
Urban Sandwich Co,Pune,Baner,"Fast, Food",,76,76,76,400,
P R ROLLS HOUSE,Pune,Vadgaon Budruk,"Indian, Fast, Food, Beverages",,76,76,76,200,
Hotel Ronita Paratha,Pune,Pashan,"North, Indian, Chinese",,77,77,77,200,
Nawabi Kebabs By Fml,Pune,Mohammed Wadi,"Kebabs, North, Indian, Chinese, Mughlai, Beverages, Combo",3.7,79,79,79,300,11.26473302
IZLETES PIZZA,Pune,Sangvi,"Pizzas, Fast, Food, Italian-American, Italian",,70,70,70,250,
PIE - Pan India Eatery,Pune,Pashan,"North, Indian, Chinese",,79,79,79,500,
Burgerella,Pune,Kondhwa,Indian,,87,87,87,800,
Ikk Punjab,Pune,Viman Nagar,"North, Indian, Chinese, Desserts",,67,67,67,500,
Chizzlers,Pune,Pashan,Chinese,,75,75,75,700,
Grub Jars,Pune,Kondhwa,"Fast, Food",4,78,78,78,700,15.72730253
JUS'T BURGERS,Pune,Kondhwa,"Fast, Food, Indian",,81,81,81,300,
Pizzarella,Pune,Kondhwa,"Italian, Pizzas",4,78,78,78,800,15.72730253
MEENAKSHI GARDEN VEG AND NON-VEG RESTAURANT,Pune,Vadgaon Budruk,"North, Indian, South, Indian, Chinese",3.8,77,77,77,300,11.56918526
Rang De Basanti,Pune,Aundh,Indian,,76,76,76,600,
The Greedy Man Pizzeria,Pune,Baner,"Italian, Desserts, Italian-American",4.1,71,71,71,1000,18.92199412
Yashda Restaurant,Pune,Kalas,"North, Indian, Chinese",4.2,72,72,72,600,19.38350617
Immuneaty,Pune,Mohammed Wadi,"Fast, Food",,89,89,89,200,
Ganga pure veg,Pune,Narhe,Indian,,74,74,74,600,
Origin Bistro,Pune,Baner,"Continental, Italian, European",4.4,73,73,73,400,20.30653027
CAFE WTH pune,Pune,Bavdhan,"Beverages, Snacks",,71,71,71,200,
Nashta AM PM,Pune,Baner,"Chinese, Fast, Food",,72,72,72,250,
Gozo Homemade Ice-creams,Pune,Pashan,"Ice, Cream, Desserts",4.5,65,65,65,200,13.70035097
Sizzling Wok,Pune,Viman Nagar,"Chinese, Desserts",,67,67,67,300,
SUPER NAAN,Pune,Baner,"North, Indian",3.7,78,78,78,500,11.26473302
Chinese Culture,Pune,Vishrantwadi,"Chinese, Fast, Food, Malaysian, Asian, Indian, Beverages, Snacks, Desserts, Combo",3.8,71,71,71,300,17.53745796
DAWAT FAMILY RESTAURANT,Pune,Vadgaon Budruk,"Chinese, Biryani, Desserts",,83,83,83,200,
Shriniwas Veg,Pune,Viman Nagar,"North, Indian, South, Indian, Chinese, Combo, Pizzas, Snacks, Beverages, Desserts",3.2,69,69,69,250,9.742471801
Hotel Radha Krishna World Of Veg,Pune,PCMC,"North, Indian, South, Indian, Desserts, Street, Food, Beverages",,68,68,68,350,
Masala Mantra,Pune,Narhe,"Maharashtrian, North, Indian",4.3,73,73,73,500,13.09144648
Mad Pav Bhaji,Pune,Tingre Nagar,"Street, Food",,75,75,75,400,
Mothers Meal,Pune,Pashan,"Chinese, Maharashtrian, North, Indian",3.8,75,75,75,300,11.56918526
Ice Cream Factory and shahi durbar,Pune,Wadgaon Sheri,"Ice, Cream, Desserts, Beverages",,66,66,66,300,
Dawat Biryani,Pune,Hadapsar,"North, Indian, Fast, Food",3.9,78,78,78,250,11.87363751
The Choupatiwala Cafe,Pune,Wadgaon Sheri,"Fast, Food",,79,79,79,300,
SAM MANKAR DOSA,Pune,Sinhgad Road,"South, Indian, Desserts, Beverages",,77,77,77,300,
Punjabi Darbar Rasoi King,Pune,Hadapsar,"North, Indian, Chinese",3.9,76,76,76,350,15.33411997
Biryani Trip,Pune,Viman Nagar,Biryani,,70,70,70,350,
Paaji's Paratha House,Pune,Mundhwa,"North, Indian, Chinese",4,84,84,84,200,12.17808975
PK Dum Biryani House,Pune,Vadgaon Budruk,"Biryani, North, Indian, Maharashtrian",4.1,77,77,77,350,25.48808501
SUDAMA BHEL,Pune,Viman Nagar,"Fast, Food, Chaat",,74,74,74,200,
The Shawarma Bar and Grills,Pune,Sinhgad Road,Arabian,,77,77,77,250,
Pune Food Factory,Pune,Kalyani Nagar,"Chinese, Indian, Maharashtrian, Punjabi",4.2,72,72,72,300,12.78699424
Breakfast Bee,Pune,Viman Nagar,"Chinese, Biryani, Tibetan, Punjabi, American, Desserts, Fast, Food, Mexican, Seafood",,81,81,81,199,
Shazys Food Services,Pune,Viman Nagar,"Indian, Chinese, Fast, Food",,75,75,75,299,
House of Wadapav,Pune,Viman Nagar,"Indian, Snacks",,80,80,80,199,
Shivsagar Pure Veg,Pune,Vadgaon Budruk,"North, Indian, Fast, Food, Punjabi, Tandoor, Desserts, Ice, Cream",,81,81,81,300,
Krushnakala Khanawal,Pune,Viman Nagar,Indian,,71,71,71,200,
Deep Roll & Bhurji Centre,Pune,Vadgaon Budruk,"North, Indian, South, Indian, Snacks, Fast, Food, Beverages",,80,80,80,200,
Hotel Lazeez,Pune,Vadgaon Budruk,Seafood,3.9,81,81,81,500,15.33411997
WARJE VADAPAV CENTER,Pune,Warje,"North, Indian, Fast, Food, Maharashtrian",,66,66,66,100,
New Naaz Caterers Biryani House,Pune,Wadgaon Sheri,"Biryani, Indian",3.8,65,65,65,300,11.56918526
The Land Of Chenab,Pune,Warje,"Indian, Kebabs",,71,71,71,600,
Master Chef,Pune,Vadgaon Budruk,"Chinese, North, Indian",4,78,78,78,300,12.17808975
Hotel Al Madeena,Pune,Vadgaon Budruk,"Chinese, North, Indian",,83,83,83,300,
Food Signal,Pune,Sinhgad Road,"Indian, Chinese",,82,82,82,350,
THE BURGER STORY,Pune,Viman Nagar,"Snacks, Fast, Food, Beverages",,77,77,77,200,
Pizza Loca,Pune,Viman Nagar,"Pizzas, Pastas, Fast, Food, Beverages",,73,73,73,350,
FATSOME BURGERS,Pune,Viman Nagar,"American, Beverages, Pastas, Pizzas",,78,78,78,300,
Tulja Bhavani Chinese Corner,Pune,Wadgaon Sheri,Chinese,4.2,68,68,68,150,12.78699424
Burger 11,Pune,Wadgaon Sheri,"American, Fast, Food, Keto, Beverages",4.5,72,72,72,500,20.76804233
The Bohemian Kitchen,Pune,Wadgaon Sheri,"American, Italian, Fast, Food",4.5,73,73,73,300,20.76804233
inD ANNAMM,Pune,Narhe,"Indian, Fast, Food, Snacks, Beverages",,89,89,89,100,
Philly Fried Chicken,Pune,Wadgaon Sheri,"Continental, American",4.5,73,73,73,500,20.76804233
BKC Desi Hut,Pune,Warje,"Biryani, North, Indian, Chinese, Beverages",,76,76,76,400,
Indian Tadka - Taste Punjab Da,Pune,Hadapsar,"North, Indian, Indian, Biryani, Chinese, Punjabi",3.9,76,76,76,300,24.24476379
Griddle by SOS,Pune,Viman Nagar,"American, Fast, Food",,79,79,79,250,
Chicken Xperience By Venky's (Warje),Pune,Warje,"Fast, Food, Beverages, Desserts, Biryani",4.5,64,64,64,200,20.76804233
BABA G'S MOMOS,Pune,Warje,"Fast, Food, Indian",,77,77,77,400,
SATTAR BUKSH BIRYANI AND MORE,Pune,Warje,"Indian, Fast, Food",,80,80,80,400,
UNCLE CHIN'S,Pune,Warje,"Fast, Food, Indian",,73,73,73,400,
OM SAI WADEWALE,Pune,Wadgaon Sheri,Snacks,,78,78,78,200,
LIVE FRESH CAKES DESSERTS & BAKES,Pune,Warje,Bakery,,71,71,71,800,
Ministry of Eggs,Surat,Piplod,"Fast, Food, Chinese, Indian, Desserts, Punjabi, Asian",3.8,60,60,60,300,17.53745796
Sarvottam Restaurant,Surat,Udhna,"Beverages, Chinese, Punjabi",3.9,22,22,22,300,17.99897002
Jalaram Restaurant -Udhna,Surat,Khatodra Wadi,"Gujarati, Punjabi, Chinese",3.9,26,26,26,350,17.99897002
Go China - Vesu,Surat,Vesu,"Chinese, Thai, Pan-Asian, Combo",4.3,51,51,51,300,19.84501822
La Pino'z Pizza,Surat,Nanpura,"Pizzas, Italian, Snacks, Desserts, Beverages",4.2,32,32,32,300,29.01677007
Bhandari Vishwas Tiffin Corner,Surat,Athwa,"Thalis, North, Indian",3.8,30,30,30,200,11.56918526
Petite Point,Surat,Athwa,"North, Indian, Punjabi, Rajasthani, Gujarati, Thalis, Chinese, Home, Food, Desserts, Sweets, Snacks, Indian, Beverages",3.9,28,28,28,250,17.99897002
New Egg Zone,Surat,Athwa,"Fast, Food, Indian",,30,30,30,100,
SHREE RADHEY FASTFOOD,Surat,Athwa,"Chinese, Combo, Snacks",,30,30,30,100,
New Taj Mahal Restaurant,Surat,Varachha,"Punjabi, Chinese",3.7,41,41,41,180,17.07594591
Punjabi masi da dhaba,Surat,Athwa,"Punjabi, North, Indian",,32,32,32,100,
NV Fastfood,Surat,Udhna,"Fast, Food, North, Indian, Chinese, South, Indian, Snacks, Pizzas",4,26,26,26,150,18.46048207
1441 Pizzeria,Surat,Vesu,"Italian, Pizzas, Pastas, Fast, Food, Desserts, Beverages",3.7,63,63,63,800,11.26473302
ZORKO-BRAND OF FOOD LOVERS,Surat,Athwa,"Fast, Food",,33,33,33,150,
Kwality Walls Frozen Dessert & Ice Cream Shop,Surat,Bharthana,"Desserts, Ice, Cream",4.6,47,47,47,100,21.22955438
Bake Master,Surat,Mitul Square Piplod,"Pizzas, American, Italian, Fast, Food, Snacks",3.8,60,60,60,200,17.53745796
Taste Of Eggs,Surat,Udhna,"North, Indian",,44,44,44,200,
Pizza 2000,Surat,Athwa,"Pizzas, Combo",3.8,36,36,36,250,11.56918526
Grover's Tandoori Shala,Surat,Vesu,"North, Indian, Mughlai, Punjabi, Chinese, Fast, Food, Snacks",3.8,57,57,57,300,17.53745796
McDonald's,Surat,Khatodra Wadi,"American, Fast, Food",4.3,33,33,33,400,26.73140623
Sugar N Spice - Non Veg,Surat,Sagrampura,"Indian, Punjabi, Chinese, Mughlai, Biryani, Tandoor, Pizzas, Thalis",4.1,34,34,34,350,18.92199412
Hotel kesar,Surat,Magob,Indian,,59,59,59,200,
Center Point -Gandhi smruti,Surat,Nanpura,"Chinese, Pizzas, Continental, Indian, Street, Food, Thalis",4.1,28,28,28,200,28.3258946
Jalaram Khichdi,Surat,Majura Gate,"Punjabi, Thalis, Combo, North, Indian, Mughlai, Gujarati, Biryani",4.3,24,24,24,250,29.70764555
Crave In,Surat,Bharthana,"Fast, Food, Chinese, Indian, Desserts, Punjabi, Asian",3.8,63,63,63,200,11.56918526
La Casa Gelato,Surat,Athwa,Paan,,35,35,35,200,
Waffle House,Surat,Athwa,Desserts,,38,38,38,300,
Go China,Surat,Athwa,"Chinese, Thai, Pan-Asian, Combo",4.1,38,38,38,300,18.92199412
Jay Jalaram Thali,Surat,Gopipura,"Thalis, Punjabi, Gujarati, Combo, Chinese, North, Indian, Mughlai, Biryani",3.5,34,34,34,130,24.18064173
Mummy dosa and fast food,Surat,Athwa,"South, Indian",,35,35,35,100,
Creamy Heaven,Surat,Begampura,"Desserts, Beverages, Ice, Cream",4.2,29,29,29,150,19.38350617
Shree Sai Restaurant Fancy Dhosa - Salabatpura,Surat,Salabatpura,"South, Indian, Chinese, Fast, Food, Beverages, Combo, Punjabi",4.2,29,29,29,200,19.38350617
Sardarji Ka Dhaba,Surat,Athwa,Punjabi,3.2,28,28,28,250,9.742471801
AMAR BHANDARI TIFFIN HOUSE,Surat,Athwa,"Indian, Seafood",,38,38,38,200,
Bismillah,Surat,Moonlight Cream Sagrampura,"Desserts, Ice, Cream, Beverages, Juices",4.3,26,26,26,200,26.73140623
Mukesh Egg Center,Surat,Sagrampura,"Fast, Food",,33,33,33,300,
Alpha Restaurant,Surat,Athwa,"Punjabi, Chinese",4.4,26,26,26,300,20.30653027
Radhe Dhokla,Surat,Athwa,"Punjabi, Gujarati, Thalis, North, Indian, Snacks, Fast, Food, Chinese, Biryani, Combo",4.4,29,29,29,200,27.35306684
Tipsy Topsy,Surat,Nanpura,"Thalis, North, Indian, Chaat, Fast, Food, Street, Food",4.3,32,32,32,250,26.73140623
Radhakrishna Restaurant,Surat,Majura Gate,"North, Indian",4.2,29,29,29,200,16.51366766
Kansar Gujarati Thali,Surat,Nanpura,"Gujarati, Thalis",3.7,32,32,32,250,17.07594591
Subway,Surat,Athwa,"Fast, Food, Healthy, Food, Salads, Snacks, Desserts, Beverages",4.2,30,30,30,350,19.38350617
Laziz Pizza,Surat,SagrampuraAthwa,"Pizzas, Fast, Food, Pastas",,35,35,35,300,
Raj Food Corner,Surat,Rustampura,"Beverages, Fast, Food",3.4,32,32,32,200,10.35137629
McDonald's Gourmet Burger Collection,Surat,Athwa,"American, Continental, Fast, Food, Desserts, Beverages",4.2,34,34,34,500,16.51366766
Maharaja,Surat,Athwa,"Fast, Food, Beverages",,30,30,30,150,
Cream 'N' Crust,Surat,Athwa,"Desserts, Ice, Cream",,33,33,33,150,
McCafe by McDonald's,Surat,Khatodra Wadi,"Beverages, Desserts",,34,34,34,250,
DILIP DABELI,Surat,Athwa,"Snacks, Chaat, Fast, Food",4.2,35,35,35,250,12.78699424
NIC Natural Ice Creams,Surat,Nanpura,"Ice, Cream, Desserts",4.7,28,28,28,120,29.21804868
New Famous Chinese,Surat,Navsari Bazaar,Chinese,4.5,30,30,30,200,13.70035097
Atul Bakery,Surat,Athwa,"Snacks, Desserts",3.7,28,28,28,250,11.26473302
SHREE BHAKTI DHOKLA & SPICES,Surat,Athwa,"Chinese, North, Indian, Thalis, Punjabi",4.3,29,29,29,200,13.09144648
New Shree Sainath Food Parlour,Surat,Gopipura,"Indian, Thalis, Punjabi",3.5,37,37,37,200,21.75812135
Monginis,Surat,Athwa,Desserts,,46,46,46,0,
Hira Mistan & Restaurant,Surat,Salabatpura,"Punjabi, Chinese, Fast, Food, Sweets, North, Indian, Combo",3.9,29,29,29,300,11.87363751
Thali Junction,Surat,Surat,"Thalis, Chinese, North, Indian, Punjabi, Combo",3.6,37,37,37,150,16.61443386
Mealwale,Surat,Ghod Dod Road,"North, Indian",4.1,32,32,32,250,18.92199412
KAKA'S CAFE,Surat,Athwa,"Fast, Food, Continental, Italian, Beverages",,40,40,40,200,
Sasumaa's,Surat,Majura Gate,"Gujarati, Chinese",4,30,30,30,360,15.72730253
Biryani junction,Surat,Navsari Bazaar,Indian,3,32,32,32,155,13.84536155
Badshahi Biryani,Surat,Navsari Bazaar,Biryani,3.1,34,34,34,200,9.438019557
Siddhi Icecream & Thick Shake,Surat,Nanpura,"Ice, Cream, Juices, Desserts, Beverages",4.2,30,30,30,200,12.78699424
Royal Fastfood,Surat,Athwa,"Chinese, Mughlai, Punjabi",3.5,32,32,32,220,10.65582853
Grameen Kulfi,Surat,Nanpura,"Ice, Cream, Desserts",4.6,28,28,28,120,21.22955438
Mahesh Pav Bhaji,Surat,Athwa,"Fast, Food, Street, Food, Chinese, South, Indian, Pizzas, Snacks, Desserts, Beverages",4,34,34,34,300,24.8664244
Punjabi Di Hatti,Surat,Bhatar Athwa,"Punjabi, Chinese, North, Indian, Biryani, Thalis, Combo, Mughlai",4.1,34,34,34,300,18.92199412
A One Coco,Surat,Gopipura,"Ice, Cream",4.1,34,34,34,150,18.92199412
Beijing Chicken Lollipop,Surat,Athwa,"Chinese, Combo, Indian, Fast, Food, Beverages",,37,37,37,300,
Biryani Hazir Ho,Surat,Athwa,"Biryani, Indian",,38,38,38,350,
KOOLFILICIOUS & MOR,Surat,Ghod dod road Sarelawadi,"Sweets, Bakery, Snacks",,39,39,39,300,
Bakers Bunch,Surat,Athwa,"Bakery, Fast, Food, Snacks",,38,38,38,400,
Tulsi Restaurant,Surat,Udhna,"Punjabi, Chinese",4,32,32,32,180,18.46048207
Sabir Chicken,Surat,Chowk Bazar,"Mughlai, North, Indian, Punjabi, Barbecue, Combo",4.1,39,39,39,300,25.48808501
Jayjalaram Dana Chana,Surat,Nanpura,Snacks,,38,38,38,150,
A R CHINESE,Surat,Athwa,Indian,,40,40,40,200,
Chinese Point,Surat,Gopipura,Chinese,3.4,40,40,40,200,10.35137629
Punjabi Dhaba -The Taste Of Punjab,Surat,Althan,"Punjabi, North, Indian, Chinese, Biryani, Desserts",3.4,40,40,40,250,21.13646074
Nasiri Chilli 'N' Spice,Surat,Begampura,"Chinese, North, Indian",3.7,45,45,45,300,14.54775484
Bada Baksa,Surat,Nanpura,"North, Indian, Chinese, Tandoor, Jain, Biryani, Desserts, Beverages",,44,44,44,500,
Taste of Bhagwati,Surat,Begampura,"North, Indian, Chinese, Oriental, Continental, Desserts",4,45,45,45,330,18.46048207
G Dada 'm Hungry,Surat,Nanpura,"Mexican, Italian, Thalis",4.3,34,34,34,250,13.09144648
Shahi Biryani & Khichda,Surat,Athwa,Biryani,,38,38,38,300,
The Sky 369 Fast Food,Surat,Athwa,"Fast, Food",,40,40,40,200,
SHYAM FRESH JUICE CENTER,Surat,Athwa,Juices,,38,38,38,200,
Zam zam nan chap,Surat,Athwa,Indian,,38,38,38,150,
Chhaswala,Surat,Nanpura,"Beverages, Desserts",4.3,30,30,30,100,13.09144648
Super Seekh Paratha and Chinese,Surat,Sayedpura,"Fast, Food",4.1,38,38,38,400,25.48808501
Nareshbhai V Bhelwala,Surat,Begampura,"Chaat, Chinese, Punjabi, North, Indian, Fast, Food, Street, Food, Mexican, Pizzas",4.2,37,37,37,200,29.01677007
Classic Chicken Mamna (Tandoori & Paratha),Surat,Begampura,"North, Indian, Biryani, Kebabs, Tandoor, Combo, Mughlai, Afghani, Seafood",3.7,35,35,35,350,25.56239268
A One Cold Drinks Center,Surat,Gopipura,Beverages,3.9,39,39,39,100,11.87363751
Huseni Restaurant,Surat,Begampura,Indian,,38,38,38,200,
RD Sharma Dosa & Chinese,Surat,Athwa,"North, Indian, Chinese, Chaat, Sweets",,50,50,50,200,
Kekiz The Cake Shop,Surat,Gopipura,"Bakery, Desserts",,38,38,38,400,
Sagar Restaurant,Surat,Gopipura,"Tandoor, North, Indian",3.4,38,38,38,400,13.36820715
Pizza & Plus,Surat,Begampura,"Chinese, Pizzas, Combo, North, Indian",,44,44,44,250,
K.G.N.BIRYANI CENTRE,Surat,Athwa,"North, Indian",,38,38,38,978,
Royal Crush Pizzas & Burger,Surat,Shahpore,"Fast, Food, Italian",3.7,44,44,44,300,14.54775484
Vegji's,Surat,Athwa,"Continental, Fast, Food, Lebanese, North, Indian, Chinese",4,34,34,34,200,18.46048207
Shri Krishna Soup Juice Salad And  Amrutpan Kendra,Surat,Athwa,"Indian, Beverages, Salads",,44,44,44,200,
Taste of kolkata rolls,Surat,Begampura,"Fast, Food",4.3,35,35,35,400,19.84501822
Raj Fast Food,Surat,Begampura,Indian,,45,45,45,250,
Rooster(The Sunshine Foods),Surat,Sagrampura,"Indian, Pastas, Pizzas, Continental, Beverages",3.9,45,45,45,200,17.99897002
Cinera Hotel,Surat,Begampura,"Chinese, North, Indian, Biryani, Seafood",4.1,35,35,35,300,16.12048509
MP Partha and Omlette,Surat,Begampura,"North, Indian",4.1,35,35,35,200,28.3258946
Chandan Bhojnalay,Surat,Gopipura,"Thalis, Gujarati, Indian, Punjabi",4.2,35,35,35,150,19.38350617
51 Rainbow Ice Cream,Surat,Athwa,"Ice, Cream, Fast, Food, Beverages",4.4,31,31,31,200,17.30003278
Mr. Waffle and  Momos,Surat,Athwa,"Chinese, Desserts",3.4,46,46,46,200,10.35137629
Panditjis Dilliwale Chhole Bhature & Dilli Chat,Surat,Athwa,"North, Indian, Chaat, Snacks",,44,44,44,250,
Pizza Pie,Surat,Nanpura,Pizzas,,50,50,50,300,
Tawakal Biryani Center,Surat,Surat,"Fast, Food",3.8,34,34,34,300,17.53745796
Kasmiri Restaurant,Surat,Gopipura,"Chinese, Tandoor, Beverages",3.6,36,36,36,400,14.15457228
Supreme Restaurant & Fastfood,Surat,Athwa,"Punjabi, Indian",,38,38,38,220,
Jai Shankar Lassi,Surat,Gopipura,Beverages,4.3,31,31,31,100,13.09144648
Delhi Dastarkhwan Restaurant,Surat,Gopipura,Mughlai,4,34,34,34,200,18.46048207
Rangila Vadapav and Fast Food,Surat,Athwa,"Fast, Food, Pizzas, Pastas, Snacks",3.9,40,40,40,150,11.87363751
Pizza Hut,Surat,Athwa,"Pizzas, Fast, Food",3.7,40,40,40,350,17.07594591
Chhote Miyan,Surat,Begampura,"North, Indian",4.2,39,39,39,300,16.51366766
RD Sharma Pavbhaji And Chaat,Surat,Chowpati  Athwa,"North, Indian, Fast, Food",4,34,34,34,150,18.46048207
Albela Cold Drink & Juice Center,Surat,Haripura,"Ice, Cream, Beverages",4.4,34,34,34,200,13.39589873
Ahmedi Hotel,Surat,Begampura,"Mughlai, Desserts",4,40,40,40,200,18.46048207
Dadi Maa Nu Khichu,Surat,Athwa,Gujarati,,39,39,39,100,
Bismillah,Surat,Athwa Station Road,"Desserts, Beverages, Ice, Cream, Juices",4.4,31,31,31,200,27.35306684
La Pino'z Pizza,Surat,Bhagal,"Pizzas, Fast, Food",4.1,46,46,46,500,18.92199412
Shree Kheteswar Mithaiwala,Surat,Begampura,Sweets,4.2,33,33,33,200,12.78699424
M.P CHICKEN & OMLET,Surat,Athwa,"Chinese, Snacks",3.2,37,37,37,200,9.742471801
M.P. Tandoori Chicken 65,Surat,Athwa,"Tandoor, Indian, Mughlai",,44,44,44,200,
La Pino'z Pizza,Surat,Parvat Patiya,"Pizzas, Pastas, Beverages",4.2,40,40,40,300,19.38350617
Klassic Restaurant,Surat,Athwa,"North, Indian, Chinese, Punjabi",4.4,34,34,34,450,20.30653027
P. Hotel Bhagat Tarachand,Surat,New Textile Market,"North, Indian, Chinese, Punjabi",4.1,39,39,39,400,18.92199412
Cafe Coffee Day,Surat,Umarwada,"Beverages, Snacks, Desserts",4.6,39,39,39,300,18.08639791
Urban king,Surat,Athwa,"Gujarati, Chinese, North, Indian",,40,40,40,200,
SAI FAST FOOD,Surat,Athwa,"Italian, Fast, Food, Beverages",,45,45,45,200,
Baskin Robbins,Surat,Piplod,"Desserts, Ice, Cream",,39,39,39,200,
Santushti Shakes & More,Surat,Athwa,"Beverages, Desserts, Ice, Cream",4.3,36,36,36,150,16.90685022
Hotel Sainath,Surat,Athwa,"Rajasthani, Gujarati, Indian, Punjabi, Snacks, Beverages",,46,46,46,200,
Shivam,Surat,Athwa,"Gujarati, Chinese, North, Indian",,46,46,46,200,
Favourite Pizza and Grill,Surat,Shahpore,"Pizzas, Fast, Food, Street, Food, Indian, Mughlai",4.3,38,38,38,200,19.84501822
Hotel Maruti,Surat,Parvat Patiya,"Punjabi, Chinese, Fast, Food, Rajasthani, Gujarati, Juices, Home, Food, Sweets, Snacks, Indian, North, Indian, Beverages",4.2,40,40,40,200,29.01677007
Om Sai Fast Food,Surat,Athwa,"Fast, Food, Beverages",3.8,39,39,39,250,11.56918526
Taj Mahal Restaurant,Surat,Varachha,"Punjabi, Chinese, North, Indian, Thalis, Tandoor",3.5,42,42,42,160,24.18064173
Mahesh Dosa Center,Surat,Haripura,"South, Indian",4.2,38,38,38,200,12.78699424
Purohit Gujarati Thali,Surat,New Textile Market,Gujarati,,39,39,39,200,
Nareshbhai Bhelwala,Surat,Begampura,"Chaat, Pizzas, Fast, Food, Street, Food, Mexican, Italian, Chinese",4.3,37,37,37,200,19.84501822
Lovely Pavbhaji & Dosa,Surat,Athwa,"Fast, Food, Snacks",,46,46,46,110,
New Janta Ice Cream,Surat,Athwa,"Ice, Cream, Desserts, Beverages",4.1,34,34,34,200,12.48254199
Cream N Crust,Surat,Surat,"Desserts, Ice, Cream",4.4,38,38,38,150,13.39589873
Gourmet Ice Cream Cakes by Baskin Robbins,Surat,Athwa,"Desserts, Ice, Cream, Bakery",,45,45,45,200,
Saladish - Salads & More,Surat,Begampura,"Salads, Fast, Food",4.5,39,39,39,200,17.69321535
Natraj Ice Cream,Surat,Begampura,Beverages,,46,46,46,300,
Ashish II Restaurant,Surat,Udhna,"North, Indian, Punjabi, Chinese",4.5,33,33,33,400,13.70035097
Midnight Chicken center,Surat,Bhimrad,"North, Indian, Mughlai, Chinese",4.1,34,34,34,300,18.92199412
China Town -Chinese Food,Surat,Athwa,"Chinese, Indian",4.2,35,35,35,200,19.38350617
Maskaa Maarke,Surat,Athwa,"North, Indian, Chinese",,38,38,38,151,
Nawab'S Kitchen,Surat,Sayedpura,"Mughlai, North, Indian, Chinese, Biryani, Punjabi",4.3,37,37,37,300,26.73140623
Barbeque Night,Surat,Athwa,"Mughlai, Chinese, Tandoor, Seafood",3.8,53,53,53,300,11.56918526
Chicken Hut,Surat,Nanpura,"Mughlai, Chinese, Biryani, Fast, Food",3.9,40,40,40,500,11.87363751
The Shake Maker,Surat,Athwa Gate,Beverages,4.1,34,34,34,250,16.12048509
Spice Chinese Aloopuri-khavsa,Surat,Sayedpura,"Fast, Food",3.8,50,50,50,200,17.53745796
Laddu Gopal Sweets & Fast Food,Surat,Umarwada,"Sweets, North, Indian, Chinese, South, Indian",3.8,40,40,40,200,23.62310318
Tawah,Surat,Narotam Nagar,"North, Indian, Biryani, Tandoor, Barbecue",4.1,44,44,44,400,18.92199412
Desserts & More,Surat,Athwa,"Desserts, Bakery",4.1,31,31,31,200,18.92199412
Khapsa House,Surat,Shahpore,"Fast, Food, Chinese",4.1,38,38,38,100,25.48808501
Ocean Star,Surat,Athwa,"North, Indian, Seafood",,51,51,51,300,
Al-Shifa Biryani,Surat,Athwa,"Biryani, Mughlai",,44,44,44,300,
Table Talk,Surat,Athwa,"Punjabi, Thalis, North, Indian, Tandoor, Snacks",4.3,38,38,38,200,19.84501822
Famous Frankie,Surat,Athwa,"Fast, Food",4.1,45,45,45,200,25.48808501
Abu Baba Pizza Corner,Surat,Gopipura,"Fast, Food, North, Indian",4.1,44,44,44,400,12.48254199
FOLLOWERS FOOD FACTORY-F3,Surat,Piplod,"Snacks, Chinese, Continental",,39,39,39,200,
Lucky Chinese,Surat,Athwa,Indian,,49,49,49,200,
Bhai Bhai Omelette,Surat,Adajan,Biryani,4.3,38,38,38,300,19.84501822
Morari Restaurant,Surat,Parvat Patiya,"Punjabi, Rajasthani, Gujarati, Thalis, Chinese, Home, Food, Desserts, Sweets, Snacks, Indian, North, Indian, Beverages",4.1,38,38,38,150,16.12048509
Everything @99,Surat,Varachha,"Thalis, Punjabi, North, Indian, Biryani",3.5,42,42,42,150,16.15292181
Madras Dosa center,Surat,Athwa,"Fast, Food",,44,44,44,200,
Silvernest Restaurant,Surat,Athwa,"North, Indian, Punjabi, Rajasthani, Gujarati, Thalis, Chinese, Home, Food, Desserts, Sweets, Snacks, Indian, Beverages",4.3,38,38,38,400,16.90685022
Shree Sainath Fast Food,Surat,Athwa,"Fast, Food, Pizzas",,46,46,46,100,
Sainath Omelette,Surat,Althan,"Fast, Food, North, Indian",,46,46,46,150,
Hotel Maruti,Surat,Parvat Patiya,"Punjabi, Chinese, Fast, Food, Rajasthani, Gujarati, Juices, Home, Food, Sweets, Snacks, Indian, North, Indian, Beverages",4.2,40,40,40,250,16.51366766
Navjeevan Hotel,Surat,Varachha,"North, Indian",3.4,44,44,44,200,21.13646074
Amritsari Zaika,Surat,Athwa,"North, Indian, Punjabi, Indian, Combo",3.9,47,47,47,250,15.33411997
Mahadev Dalbati,Surat,Parvat Patiya,"Fast, Food, Rajasthani",4.3,34,34,34,200,19.84501822
Hotel Modern,Surat,Surat,"Punjabi, Rajasthani, Gujarati, Thalis, Chinese, Home, Food, Desserts, Sweets, Snacks, Indian, North, Indian, Beverages",4,39,39,39,300,18.46048207
Pizza World,Surat,Yamuna Nagar,"Italian-American, Fast, Food",,40,40,40,250,
The Foodiezz,Surat,Athwa,"Beverages, Snacks, Sweets",,46,46,46,200,
Gangour,Surat,Athwa,"Fast, Food, Chaat, South, Indian, North, Indian, Desserts, Beverages",3.9,46,46,46,200,17.99897002
Cross Road Restaurant,Surat,Yamuna Nagar,"North, Indian, Chinese",3.9,38,38,38,250,17.99897002
Chaska Chinese Corner,Surat,Piplod,Chinese,,44,44,44,200,
Om Sairam Fastfood,Surat,Parvat Patiya,"Fast, Food",,48,48,48,100,
JALARAM CHINESE,Surat,Piplod,"Chinese, Fast, Food",,46,46,46,150,
Food Adda,Surat,Narotam Nagar,"Pizzas, Mexican, Chinese, Fast, Food, Combo",4,46,46,46,150,18.46048207
Bhavin Omlet Centre,Surat,Haripura,"Fast, Food",3.9,48,48,48,200,17.99897002
A One Cold Coco,Surat,Narotam Nagar,"Beverages, Desserts",4.1,35,35,35,150,18.92199412
Asta La Vista Pasta,Surat,Adajan,"Pastas, Italian",,46,46,46,200,
La Plaza Pizza,Surat,Adajan,"Pizzas, Italian, Snacks, Beverages",,45,45,45,200,
Bombay Sandwich Badshah,Surat,Adajan,"Snacks, Indian, Pizzas",,46,46,46,200,
Apsara Ice Creams,Surat,Narotam Nagar,"Ice, Cream, Desserts",4.4,34,34,34,150,20.30653027
The Live Kitchen,Surat,Adajan,"Fast, Food, Pizzas",,46,46,46,250,
Malhar Dhosa,Surat,Yamuna Nagar,"South, Indian",,40,40,40,250,
The Belgian Waffle Co.,Surat,Athwa,"Desserts, Beverages",4.5,38,38,38,270,20.76804233
Bolo Tara Rara,Surat,Varachha,"North, Indian, Punjabi",,43,43,43,500,
Sher-E-Punjab,Surat,Varachha,"North, Indian, Chinese",3.9,43,43,43,300,11.87363751
Shakti - The Sandwich Shop,Surat,Umarwada,"Fast, Food, American, Italian, Indian, Snacks, Italian-American, Beverages",3.5,40,40,40,300,16.15292181
Hotel Shiv Mahal,Surat,Adajan,"North, Indian, Fast, Food",4.3,46,46,46,400,13.09144648
Kutchi king,Surat,Parvat Patiya,"Fast, Food",3.4,40,40,40,100,10.35137629
Navjivan Hotel,Surat,Puna Patia,"North, Indian",,47,47,47,200,
GRENEE ADAJAN,Surat,Adajan,Indian,4.3,46,46,46,250,19.84501822
Hotel Rajwadi Thal,Surat,Athwa,"Indian, Chinese",,48,48,48,400,
Jalaram Thali,Surat,Athwa,"Punjabi, Snacks, Chinese",,49,49,49,200,
Urban Chinese -by Urban Punjab,Surat,Adajan,"Chinese, Snacks, Combo",3.6,45,45,45,150,14.15457228
KUTCHI KING,Surat,Adajan,"Fast, Food",,46,46,46,200,
Taiyar Pan Center,Surat,Adajan Patiya,"Desserts, Paan",4.6,37,37,37,50,14.00480321
Uncle Momos,Surat,Vesu,"Fast, Food",3.4,38,38,38,150,15.69140976
Food Bites,Surat,Varachha,Chinese,,44,44,44,200,
Rajbhog Ice Cream & Kulfi,Surat,Adajan,"Desserts, Ice, Cream, Beverages",,44,44,44,200,
Zest House,Surat,Athwa,"North, Indian, Fast, Food, Punjabi, Chinese",,47,47,47,300,
Taaza Restaurant,Surat,Varachha,"Indian, Chinese",,44,44,44,300,
Best Western-Yuvraj,Surat,Varachha,"Punjabi, Chinese",,50,50,50,200,
Topaz Restaurant,Surat,Narotam Nagar,"North, Indian, Punjabi, Rajasthani, Gujarati, Thalis, Chinese, Home, Food, Desserts, Sweets, Snacks, Indian, Beverages",4.4,39,39,39,300,20.30653027
Megh Malhar Dhosa,Surat,Adajan,"South, Indian",,46,46,46,300,
Go Italy,Surat,Athwa,"Italian, Fast, Food, Pizzas, Burmese, Mexican, Thalis, Combo",,45,45,45,250,
Go Momos,Surat,Athwa,"Chinese, Fast, Food, Burmese",,46,46,46,200,
Shekhawati Hotel,Surat,Athwa,Indian,,47,47,47,200,
Hot Sauce Chinese,Surat,Adajan,Chinese,,48,48,48,250,
Shree Sainath Fast Food- Ashok bhai,Surat,Ashok bhai- Citylight,Pizzas,4.3,38,38,38,200,19.84501822
Shree Chamunda Rajasthani Dalbati,Surat,Athwa,"Indian, Chinese, Snacks",,45,45,45,250,
Dalbati Hub,Surat,Athwa,Rajasthani,,44,44,44,200,
Shree Bhakti Dhokla And Spices,Surat,Adajan,"Chinese, Indian, Thalis",,46,46,46,200,
ETC - Ginger Hotel,Surat,Varachha,"North, Indian, Chinese, Mughlai, Seafood",4.3,47,47,47,300,16.90685022
The Dough Company,Surat,Athwa,Bakery,4,34,34,34,330,12.17808975
Surti egg house,Surat,Adajan,"Indian, North, Indian",,50,50,50,350,
Badmash Biryani,Surat,Varachha,"Biryani, Mughlai",,44,44,44,350,
Dalbati Tadka,Surat,Athwa,Rajasthani,,47,47,47,200,
Dalbati,Surat,Parvat Patiya,"Rajasthani, Indian",3.9,39,39,39,150,17.99897002
Go Punjab,Surat,Athwa,"Punjabi, North, Indian, Combo, Thalis",,46,46,46,300,
Thalaivaa,Surat,Athwa,"South, Indian",4.4,44,44,44,300,20.30653027
Food  On  Way,Surat,Athwa,"North, Indian, Fast, Food, Chinese, Biryani, Pizzas, Street, Food",4.2,46,46,46,200,19.38350617
Bismillah Pav Bhaji & Fast Food,Surat,Varachha,"Fast, Food",4,42,42,42,200,12.17808975
Slice and Dice pizzeria,Surat,Adajan,"Pizzas, Italian, Beverages, Juices",4.4,60,60,60,300,13.39589873
Lucky Pav Bhaji,Surat,Adajan,"Fast, Food",,47,47,47,200,
HOTEL HAFIZ,Surat,Adajan,"North, Indian, Indian",,47,47,47,250,
Burger King,Surat,Bharthana,"American, Fast, Food",4.2,52,52,52,350,29.01677007
Rooster,Surat,Adajan Patiya,Pizzas,4.2,45,45,45,400,19.38350617
Trishiv Chinese Corner,Surat,Adajan,"Chinese, Fast, Food, Street, Food, Pan-Asian, Asian",4.1,44,44,44,200,25.48808501
Hotel Shyam,Surat,Sanjay Nagar,"Punjabi, Rajasthani, Gujarati, Thalis, Chinese, Home, Food, Desserts, Sweets, Snacks, Indian, North, Indian, Beverages",3.7,48,48,48,200,14.54775484
Bhandaris Tandoor,Surat,Adajan,"North, Indian, Chinese",4.1,50,50,50,400,16.12048509
Slurrp,Surat,Adajan,"Healthy, Food, Juices, Beverages, Seafood, Biryani, Lebanese, Pizzas, Pastas, Snacks, Salads, North, Indian",4.5,48,48,48,250,20.76804233
Kudrati Kahumbo,Surat,Adajan,Beverages,4.8,38,38,38,200,18.87276304
The Foodiez Point,Surat,Adajan,"Chinese, Combo, Singaporean, Asian",3.9,46,46,46,200,11.87363751
Wooddy Jhone's Pizza,Surat,Adajan Patiya,"Italian, Pizzas",3,50,50,50,300,9.133567313
Juice Factory,Surat,Athwa,"Desserts, Beverages",4.5,48,48,48,200,17.69321535
Falafel Lovers,Surat,Athwa,"Lebanese, Italian",4.3,48,48,48,400,19.84501822
Jakaas Chinese Food,Surat,Adajan,Chinese,4.3,38,38,38,300,29.70764555
Veera's Kitchen,Surat,Adajan,"Biryani, Mughlai, North, Indian, Indian, Chinese, Tandoor, Hyderabadi",4.2,48,48,48,500,19.38350617
Kshitij Restaurant,Surat,Adajan,"North, Indian, Punjabi, Rajasthani, Gujarati, Thalis, Chinese, Home, Food, Desserts, Sweets, Snacks, Indian, Beverages",4.5,39,39,39,350,20.76804233
Happyiezz,Surat,Adajan,"Snacks, Beverages, Fast, Food",,47,47,47,300,
Murlidhar Restaurant,Surat,Athwa,"Thalis, Indian",,54,54,54,280,
Mahesh Bhandari Chicken Center,Surat,Adajan,"North, Indian",3.7,46,46,46,200,17.07594591
Hotel Shiv Shakti,Surat,Sanjay Nagar,"Punjabi, Rajasthani, Gujarati, Thalis, Chinese, Home, Food, Desserts, Sweets, Snacks, Indian, North, Indian, Beverages",3.6,49,49,49,150,16.61443386
Hotel Ashish,Surat,Sanjay Nagar,"Chinese, Punjabi",4,44,44,44,150,15.72730253
Hotel Shyam Darshan,Surat,Sanjay Nagar,"North, Indian, Gujarati, Punjabi, Jain",,51,51,51,200,
Live Egg Station,Surat,Adajan,"North, Indian, Snacks, Beverages, Biryani, Fast, Food, Healthy, Food, Street, Food, Home, Food",4.1,52,52,52,300,28.3258946
Wok On Fire,Surat,Adajan,"Chinese, Thai, Pan-Asian, Asian, Oriental",4.2,50,50,50,400,19.38350617
Urban Punjab,Surat,Piplod,Indian,4.1,50,50,50,350,18.92199412
Feeling Hungry,Surat,Adajan,"Indian, Chinese, Punjabi, Thalis",3.5,47,47,47,300,16.15292181
Avadh Restaurant,Surat,Varachha,"North, Indian",4.4,47,47,47,500,17.30003278
Cake Bakebon- Live Cake,Surat,Athwa,Desserts,4.4,49,49,49,400,17.30003278
Lovely Chicken Corner,Surat,Adajan,"North, Indian, Chinese",4.2,39,39,39,500,19.38350617
Cake Bonzerbites- Live Cake,Surat,Athwa,Desserts,4.2,45,45,45,300,19.38350617
Cake Eggless,Surat,Athwa,Bakery,,52,52,52,200,
Makkah Hotel,Surat,Varachha,"North, Indian",,48,48,48,400,
Twisted Cake,Surat,Adajan,"Desserts, Sweets",4.6,59,59,59,270,14.00480321
Daddy's Cake,Surat,Surat,Desserts,4.4,52,52,52,450,20.30653027
Fastfoodz,Surat,Varachha,Snacks,,55,55,55,300,
Hotel Priya,Surat,Athwa Gate,"South, Indian, Punjabi, North, Indian, Thalis, Combo",4.3,39,39,39,300,29.70764555
Richie Rich Juices & Shakes,Surat,Athwa,"Juices, Beverages",3.7,48,48,48,250,14.54775484
G Dada,Surat,Narotam Nagar,"Gujarati, Punjabi, Thalis, Home, Food, Desserts, Sweets, Snacks",3.9,48,48,48,250,26.94414364
The Dango Cake Shop,Surat,Adajan,Bakery,,65,65,65,270,
Richie Rich on Wheels,Surat,Athwa,"Fast, Food, Pizzas, Pastas, Italian, Indian, American, Chinese, South, Indian, North, Indian, Tandoor, Punjabi",3.8,50,50,50,350,14.9409374
La Pino'z Pizza,Surat,Athwa,"Pizzas, Italian, Snacks, Desserts, Beverages",4.3,46,46,46,300,26.73140623
Prabhu Egg Center,Surat,Surat,"North, Indian",,44,44,44,200,
Surtea,Surat,Athwa,"Fast, Food",4.5,44,44,44,200,20.76804233
Kook Doo Cook,Surat,Adajan,"Fast, Food",3.9,55,55,55,300,17.99897002
Cake It Out,Surat,Adajan,"Desserts, Ice, Cream",4.5,47,47,47,300,20.76804233
Bhagvati Dry Fruit Dish Gola,Surat,Adajan,"Desserts, Ice, Cream",4.3,39,39,39,250,13.09144648
Matka Biryani Culture,Surat,Adajan,Biryani,4.3,50,50,50,400,19.84501822
Punjabi Culture,Surat,Adajan,"Punjabi, North, Indian, Thalis, Desserts, Beverages",3.4,52,52,52,300,15.69140976
Punjabi Dragon,Surat,Adajan,"Punjabi, Chinese",,55,55,55,250,
Swaminarayan Khichdi,Surat,Umarwada,"North, Indian, Juices, Combo",,43,43,43,200,
JALARAM PAVBHAJI CENTER,Surat,Adajan,"Indian, Snacks",,50,50,50,280,
Raju Omlet,Surat,Adajan,"Snacks, Indian",,51,51,51,200,
Breadoze Fast Food,Surat,Adajan,Indian,,52,52,52,300,
Barbecue Chicken,Surat,Adajan,"Chinese, Mughlai",4.2,49,49,49,300,16.51366766
Healthy Culture,Surat,Adajan,"Pizzas, Pastas",,52,52,52,400,
Sobis Diet Farm,Surat,Adajan,"Fast, Food",4.8,52,52,52,400,18.87276304
Pan Asian Culture,Surat,Adajan,Pan-Asian,3.6,51,51,51,400,10.96028078
Shree Kathiyawadi Khadki,Surat,Adajan,"Gujarati, Thalis, North, Indian, Rajasthani, Desserts, Punjabi",4.3,46,46,46,250,29.70764555
QUICKER BY WOK ON FIRE,Surat,Adajan,"Chinese, Thai, Asian",4.4,49,49,49,400,20.30653027
99 Pancakes,Surat,Adajan,"Desserts, Beverages",4.5,45,45,45,500,20.76804233
Cornerstone Cafe,Surat,Athwa,"Fast, Food, Pastas, Pizzas",,52,52,52,300,
Dil Se Re,Surat,Adajan,"Indian, Chinese, Continental, Italian, Mexican",,56,56,56,300,
Madhav Restaurant,Surat,Singanpor,"North, Indian",3.3,41,41,41,200,10.04692404
Behrouz Biryani,Surat,Adajan Patiya,"Biryani, Mughlai, Lucknowi, Hyderabadi, Kebabs, North, Indian, Persian, Desserts",4.4,51,51,51,500,20.30653027
Radhe Restaurant,Surat,Katargam,"South, Indian, Chinese, Beverages",4.2,44,44,44,150,26.10974562
Bs Mysore Dosa,Surat,Varachha,"Fast, Food, Chinese",3.8,44,44,44,200,14.9409374
B & G Food Campus,Surat,Uttran,"Fast, Food",3.7,44,44,44,200,11.26473302
Baba Omlet Center,Surat,Adajan,"Fast, Food",4.3,49,49,49,200,16.90685022
Egg magic,Surat,Adajan,"Fast, Food",,53,53,53,300,
Jeevandhara Hotels,Surat,Varachha,"Punjabi, Fast, Food",,44,44,44,250,
Level 5 Terrace Resturant,Surat,Adajan,"Punjabi, North, Indian, Chinese, South, Indian, Fast, Food",4.3,53,53,53,600,13.09144648
New Maharaja Restaurant,Surat,Katargam,"Fast, Food",,48,48,48,350,
BS Dhosa,Surat,Varachha,"South, Indian",3.5,46,46,46,300,10.65582853
Mahalaxmi Juice And Fast Food Corner,Surat,Adajan,"Ice, Cream, Beverages, Juices, Pizzas, American, Snacks",,49,49,49,300,
Br Pizza,Surat,Palanpur Patia,"Pizzas, Fast, Food",3.8,49,49,49,250,11.56918526
Natural Ice Cream,Surat,Umra Jakat,"Ice, Cream",4.6,44,44,44,150,21.22955438
Pizza Village,Surat,Adajan,"Pizzas, Pastas, Chinese, Italian, American, Fast, Food, Indian, Desserts",4,47,47,47,300,18.46048207
Sip & Ride,Surat,Piplod,"Beverages, Fast, Food, Desserts",,52,52,52,500,
MID NIGHT CHINESE,Surat,Adajan Patiya,"Chinese, Seafood, Mughlai",4.2,47,47,47,300,19.38350617
JAY BHAVANI DRYFRUIT DISH GOLA,Surat,Adajan,Desserts,,51,51,51,200,
Maa Paratha Center,Surat,Surat,"Indian, Fast, Food",4.4,45,45,45,250,20.30653027
Pizza Da Dhaba,Surat,Vip Road,"Italian, Fast, Food",,49,49,49,220,
Barbeque Nation,Surat,Athwa,"North, Indian, Mughlai, Seafood, Biryani, Desserts, Kebabs",3.9,51,51,51,600,17.99897002
Luxuria Cakes n Bakes,Surat,Mahalaxmi Rd,"Bakery, Desserts",4.1,65,65,65,150,12.48254199
Yaara Food Court,Surat,Sarthana,"Pizzas, Italian",,47,47,47,200,
,,,,,,,,,
,,,,,,,,,
Bonanza Natural Ice Cream,Surat,Pankaj Nagar,"Ice, Cream, Beverages",4.4,49,49,49,150,13.39589873
Jakaas Pizza Zone,Surat,Adajan,"Chinese, Continental, Fast, Food, Pizzas, Mexican",,59,59,59,300,
Urban Royal Restaurant,Surat,Adajan,"Thalis, North, Indian, Biryani, Punjabi",,65,65,65,300,
Samosazz,Surat,Adajan,"Chinese, Fast, Food, Pizzas, Beverages, Pastas",,58,58,58,300,
The Chocolate Room,Surat,Bhatha,"Continental, Italian, Beverages",4,52,52,52,300,12.17808975
The Bakers Dozen,Surat,Adajan,Bakery,4.2,52,52,52,300,16.51366766
BACHELOR'S FOOD,Surat,Varachha,Chinese,,58,58,58,200,
3Seventy Kitchen,Surat,Adajan Gam,"North, Indian, Chinese, Continental",4.5,51,51,51,600,20.76804233
Tit Bit Culture Multi cuisine Restaurant,Surat,Adajan,"Chinese, Desserts",,63,63,63,400,
The Galaxy Revolving Restaurant,Surat,Pal Gam,"Fast, Food, Chinese, North, Indian",4.3,58,58,58,800,16.90685022
Shakes & Scoops Vesu,Surat,Vesu,"Ice, Cream, Beverages",4.3,46,46,46,150,19.84501822
Krishna Bakery,Surat,Varachha,Desserts,3.9,55,55,55,200,11.87363751
Laxmi Food Inn,Surat,Varachha,"North, Indian, South, Indian, Gujarati, Chinese",4.3,49,49,49,300,19.84501822
Shree Khodiyar Kathyawadi Dhaba,Surat,Patel Nagar,"Gujarati, Punjabi, Indian",3.9,52,52,52,250,17.99897002
Sardar Ji Ka Dhaba,Surat,Vesu,"North, Indian, Punjabi",,57,57,57,300,
STATUS CAFE & RESTAURANT,Surat,vesu,"Continental, Chinese, Indian, Desserts",,56,56,56,400,
Laxmi Dhosa Centre,Surat,Sarthana,"South, Indian, Chinese, Fast, Food",,51,51,51,250,
Milk Palace,Surat,Honey Park,Desserts,,57,57,57,300,
Cafe Ashiana,Surat,Piplod,"Fast, Food, North, Indian, Italian, Beverages",,64,64,64,200,
Mahakali Dal Bati,Surat,Pal Gam,Rajasthani,4.6,53,53,53,200,14.00480321
Chalman Exotic Locho & Khaman,Surat,Adajan,"Fast, Food",4.2,50,50,50,500,16.51366766
The Veg Factory,Surat,Adajan Gam,"Italian, Mexican, Pizzas",,58,58,58,250,
Bro Sis Fast Food Corner,Surat,Adajan,"Fast, Food, Italian",,59,59,59,350,
Baba Omlet,Surat,Palanpur Patia,"North, Indian",,65,65,65,200,
AKSHAR VARNI PAVBHAJI,Surat,Varachha,"Street, Food, Chinese, South, Indian",,55,55,55,200,
Amdavadi Tawa fry,Surat,Athwa,"Fast, Food",4.4,56,56,56,300,20.30653027
Darshan Restaurant,Surat,Patel Nagar,"North, Indian",3.9,48,48,48,500,11.87363751
Spice Petals,Surat,Piplod,"North, Indian, Chinese, Continental, Desserts, Beverages, Mughlai",,58,58,58,800,
Jani Locho & Khaman House ,Surat,L.P.Savani,"North, Indian, Indian, Gujarati, Snacks, Fast, Food, Street, Food",4.3,51,51,51,300,19.84501822
Sizzling Salsa,Surat,Piplod,"Mexican, Continental, Italian",4.5,56,56,56,400,13.70035097
Enjoy,Surat,Piplod,"North, Indian, Punjabi, Chinese",4.2,59,59,59,400,16.51366766
Pure by Slurrp,Surat,Piplod,"Indian, Continental",4.2,57,57,57,400,12.78699424
Binayak fast Food,Surat,Piplod,"Fast, Food",4.5,58,58,58,200,17.69321535
Super Tandoor,Surat,New Rander Road,"Fast, Food, North, Indian",3.6,58,58,58,400,14.15457228
Chalu Chinese,Surat,Piplod,"Chinese, Seafood",,59,59,59,400,
The kafe castle,Surat,Piplod,"Beverages, Italian, Snacks, Fast, Food",,62,62,62,300,
Maharaja Chaap Pure Veg Restaurant,Surat,Piplod,"Thalis, Punjabi, North, Indian, Chinese, Snacks, Tandoor, Biryani, Combo",3.9,59,59,59,250,11.87363751
MS FOOD,Surat,Piplod,"Beverages, Combo",,58,58,58,300,
Shree Sai Snacks and Fast Food,Surat,Pankaj Nagar,"South, Indian, Fast, Food, Pizzas, American, Juices, Beverages",4.4,49,49,49,200,27.35306684
Thakkar's- Hotel Jalaram Kathiyawadi,Surat,Singanpor,"Punjabi, Chinese, South, Indian, Fast, Food",4.1,52,52,52,200,18.92199412
Gayatri Bakery & Cake Shop,Surat,Sima Nagar,Desserts,4.1,51,51,51,300,12.48254199
Mahalakshya Live Ice Cream & Thick Shakes,Surat,Pankaj Nagar,"Desserts, Beverages",4.4,50,50,50,150,27.35306684
Chakabhai Bhelwala,Surat,Hirabaugh,"Fast, Food",4.1,52,52,52,100,16.12048509
La Pizza Treno,Surat,Vesu,Italian,,58,58,58,600,
Trishiv Cafe & Resto,Surat,Adajan,"Pizzas, Chinese, Snacks, Beverages",,59,59,59,200,
AKSHAR PAVBHAJI AND CHINESE,Surat,Sarthana,"Fast, Food, Chinese, Indian",,50,50,50,200,
Paan Casa,Surat,Vesu,"Fast, Food, Beverages",,58,58,58,200,
Ajays Takeaway Foods,Surat,Adajan,"Fast, Food",,57,57,57,150,
Sonal Bhel & Fast Food,Surat,Hirabaugh,"Fast, Food",3.9,51,51,51,100,17.99897002
Punjabi & Chinese,Surat,Piplod,"North, Indian, Chinese, Biryani, Gujarati",,58,58,58,200,
Lijjat tawa fry,Surat,Rander,"North, Indian, Biryani, Mughlai",4,59,59,59,350,24.8664244
The New Shivam Bakery,Surat,Adajan,"Bakery, Desserts, Snacks",,60,60,60,200,
Desi Videsi - The Road Side Lounge,Surat,Pal Gam,"Punjabi, Fast, Food, Chinese, Pizzas, Biryani, Continental, Pastas, North, Indian, Pan-Asian, Street, Food, Salads, Combo, Healthy, Food, Thalis, Mexican, Italian, Sweets",3.4,59,59,59,200,13.36820715
Ashish Restaurant-Katargam,Surat,Katargam,"North, Indian, Punjabi, Chinese",4.5,49,49,49,500,20.76804233
ZORKO Brand of Food lovers,Surat,Piplod,"Pizzas, Fast, Food",,62,62,62,100,
Hajoori's Kulfi,Surat,Vesu,Desserts,,51,51,51,150,
Famous Fast Food,Surat,Vishal Nagar,"Fast, Food",4.5,53,53,53,250,13.70035097
Bhandari Chakhna,Surat,Adajan,"Indian, Fast, Food",,57,57,57,300,
Grover's Chinese,Surat,Piplod,Chinese,,57,57,57,200,
Krazzy Chicken,Surat,Near RTO Pal Gam,"Biryani, Indian",,64,64,64,300,
The Food Parcel Point,Surat,Dabholi,"Chinese, Gujarati, Indian",,61,61,61,240,
MOONSTRUCK COFFEE,Surat,Piplod,Beverages,,58,58,58,500,
Let's Meet Cafe,Surat,Piplod,"Cafe, Fast, Food",4.4,57,57,57,250,20.30653027
Indian Chicken Express,Surat,Safal Square Vesu,"Fast, Food, Indian",,60,60,60,200,
TROPICAL FUSION,Surat,Piplod,"Fast, Food, Pizzas, Snacks",,59,59,59,200,
Farki,Surat,Varachha,"Ice, Cream, Desserts, Beverages",,57,57,57,200,
Green Foods,Surat,Sarthana,Indian,,54,54,54,200,
Kathi Junction,Surat,Piplod,"Indian, Mughlai, North, Indian, Combo",4.2,55,55,55,200,19.38350617
The Wrap Co,Surat,Piplod,"North, Indian, Snacks",3.9,60,60,60,350,17.99897002
shawarma shop-Amdavadi Tawa fry,Surat,Piplod,Snacks,4.4,56,56,56,300,17.30003278
Dinesh Health Kitchen,Surat,Piplod,"Healthy, Food, Fast, Food",3.8,59,59,59,300,11.56918526
Thali Central,Surat,Piplod,"Biryani, North, Indian, Mughlai, Beverages",4.1,57,57,57,350,18.92199412
SAI RAJ PARATHA,Surat,Piplod,"Indian, Snacks",,58,58,58,300,
CHALU MOMO,Surat,Piplod,"Chinese, Fast, Food",4,58,58,58,200,18.46048207
Makhni Brothers,Surat,Piplod,"Combo, Punjabi, Biryani, Thalis, North, Indian, Barbecue, Street, Food, Tandoor, Kebabs, Beverages",4.2,57,57,57,350,19.38350617
Oven & Grill,Surat,Piplod,"Pizzas, Combo, American, Desserts, Beverages, Snacks",3.7,60,60,60,250,17.07594591
William Johns Pizza Varachha,Surat,Varachha,Pizzas,,62,62,62,502,
Svagruh Bhojan,Surat,Patel Nagar,"Fast, Food, North, Indian",,60,60,60,250,
Meals101,Surat,Piplod,"Combo, Chinese, Indian, North, Indian, Biryani, Beverages, Desserts",4.1,56,56,56,250,25.48808501
Neo Politan Pizza - Vesu,Surat,Vesu,"Pizzas, Fast, Food, Beverages, Italian",3.7,55,55,55,300,11.26473302
La Festa,Surat,Piplod,"Pizzas, Chinese, Italian, Fast, Food",3.7,58,58,58,500,11.26473302
Monkey Fries,Surat,Piplod,"Fast, Food, American",,59,59,59,350,
East Pizza Co.,Surat,Piplod,"Pizzas, Fast, Food",,61,61,61,350,
STAR SEA FOOD CENTRE 2,Surat,Vesu,Indian,4.2,60,60,60,300,19.38350617
La Milano Pizzeria,Surat,Varachha,Pizzas,4.4,59,59,59,198,13.39589873
RASTA ONE NATION,Surat,Sarthana,"Fast, Food, Italian, Chinese, Beverages",,54,54,54,400,
Kurtosshhh,Surat,Vesu,"Fast, Food",,64,64,64,500,
Banke bihari sweets,Surat,Vesu,Sweets,,56,56,56,300,
D Healthy Hobbit,Surat,Vesu,"Continental, Healthy, Food",4.5,63,63,63,200,13.70035097
RICHIE RICH BAKERY & EATERY,Surat,Varachha,"Italian, Continental, Fast, Food, Beverages",,58,58,58,500,
The Hidden Wok,Surat,Piplod,Chinese,,60,60,60,200,
The Bungalow Cafe,Surat,Vesu,"Snacks, Fast, Food",4.7,58,58,58,300,14.30925546
Laxmi Egg House,Surat,Anand Nagar,"Fast, Food",4,53,53,53,200,18.46048207
Epicure,Surat,Piplod,"Fast, Food, Pizzas, Pastas",,64,64,64,500,
Pojo's Kitchen,Surat,Vesu,"Continental, Italian",4.3,61,61,61,400,13.09144648
Firangi Zayka,Surat,Piplod,"Fast, Food",,65,65,65,150,
Pizza Pedlar,Surat,Piplod,"Pizzas, Italian",,71,71,71,200,
The Pancake Story,Surat,Vesu,"Desserts, Beverages",4.8,58,58,58,300,14.6137077
SHREE SAINATH DOSA,Surat,Varachha,"South, Indian, Snacks",,58,58,58,250,
Bacon Village,Surat,Piplod,Continental,,64,64,64,200,
Citro Bake House,Surat,Piplod,Bakery,,64,64,64,200,
Madras Dhosa Center,Surat,Vesu,"South, Indian",4.4,55,55,55,200,17.30003278
Shaker's Galleria,Surat,Varachha,"Beverages, Waffle, Desserts",,58,58,58,360,
MR.KANHA,Surat,Piplod,"Fast, Food, Pizzas",,60,60,60,300,
Dreamery by GetAWhey,Surat,Piplod,Desserts,,61,61,61,250,
La Pino'z Pizza,Surat,Vishal Nagar,"Pizzas, Italian, Snacks, Desserts, Beverages",4.3,57,57,57,300,19.84501822
Happy Egg Point,Surat,Adajan,"Thalis, Snacks, Indian, Combo",3.6,82,82,82,150,14.15457228
Pink Panther,Surat,Piplod,"Pan-Asian, Burmese, Chinese, Sushi",4.1,75,75,75,200,12.48254199
Meals of India,Surat,Piplod,"Combo, Thalis, Desserts, Indian, Biryani",3.8,74,74,74,250,11.56918526
Combo 10,Surat,Piplod,"Combo, Chinese, Indian, Desserts",,69,69,69,200,
Starbucks Coffee,Surat,Piplod,"Beverages, Bakery",4.5,53,53,53,400,17.69321535
Masala Street,Surat,Piplod,"North, Indian, Biryani, Desserts",4,68,68,68,300,12.17808975
Kaapi & More,Surat,Piplod,"South, Indian",,66,66,66,200,
Bhojanam,Surat,Piplod,"Combo, Thalis, Desserts, Indian, Chinese",4,63,63,63,200,18.46048207
Blue Vanilla Patisserie,Surat,Vesu,Desserts,,56,56,56,450,
Oriental Majik,Surat,Piplod,"Chinese, Combo, Asian",,68,68,68,200,
Dial a Biryani,Surat,Piplod,"North, Indian, Biryani, Desserts",,70,70,70,200,
Lemon Grass Garden Restaurant,Surat,Adajan,"North, Indian, Chinese, Mexican, Italian, Tandoor, Ice, Cream",4.3,55,55,55,500,16.90685022
Dairy Don,Surat,Katargam,"Beverages, Ice, Cream",4.5,50,50,50,120,13.70035097
Shubh Laxmi,Surat,Laxmi Encleve - Katargam,"Fast, Food, Chaat, South, Indian, North, Indian, Desserts, Beverages",4.1,55,55,55,400,18.92199412
Chotiwala Restuarant ,Surat,Sima Nagar,Indian,,61,61,61,200,
Aagman Punjabi and Chinese Food Corner,Surat,Dindoli,"North, Indian, Chinese, Thalis",,65,65,65,300,
Bismillah B Blast,Surat,Vishal Nagar,Beverages,4,52,52,52,200,18.46048207
Gopal Chinese,Surat,Yoginagar Society,Chinese,3.9,55,55,55,200,17.99897002
Masala Canteen,Surat,Piplod,"Indian, Chinese",4.1,63,63,63,300,18.92199412
journey health kitchen,Surat,Magdalla,"Continental, Indian",,63,63,63,300,
Pandeyji Restaurant,Surat,Mota Varachha,Indian,,60,60,60,200,
Only Dhosa,Surat,Vishal Nagar,"South, Indian",4.4,58,58,58,300,13.39589873
Madhav Chinese,Surat,Piplod,"Chinese, Fast, Food",,61,61,61,200,
Delhi Ke Mashoor chole bhature,Surat,Patel Nagar,"North, Indian",3.7,58,58,58,150,14.54775484
Juneberry Cheesecake,Surat,Varachha,"Fast, Food",,60,60,60,400,
Shree Ganesh Omlet,Surat,Piplod,"Fast, Food",,63,63,63,300,
Saffron Restaurant Banquet,Surat,Palanpur,"Indian, Punjabi, Chinese",4.4,58,58,58,250,20.30653027
Swaad-E-Darbar,Surat,Adajan,"Fast, Food",,69,69,69,200,
AA One Coco,Surat,Vishal Nagar,Beverages,,61,61,61,120,
Mr Pizza G,Surat,Vishal Nagar,"Pizzas, Fast, Food",3.5,61,61,61,200,10.65582853
Yadav Omlet Center,Surat,New Magdalla,"Thalis, Combo",,66,66,66,300,
The Green Kitchen,Surat,New Magdalla,"Fast, Food",4.2,63,63,63,500,12.78699424
Ifruit,Surat,Pal Gam,"Desserts, Fast, Food",,67,67,67,200,
Royal Schez,Surat,Adajan,"Indian, Chinese, Fast, Food, Thai, Chaat",4.1,62,62,62,300,16.12048509
Blue Basil,Surat,Surat,"Continental, North, Indian, Chinese",,59,59,59,800,
Zhingalala,Surat,New Magdalla,"Seafood, Healthy, Food, North, Indian, Chinese",4.1,62,62,62,900,12.48254199
Noman Amdawadi Tawafry,Surat,Palanpur Jakatnaka,"Mughlai, North, Indian, Indian, Chinese, Tandoor, Hyderabadi",4.1,58,58,58,250,18.92199412
PUNJABI SWAD,Surat,New Magdalla,Indian,,66,66,66,400,
K s Verandah,Surat,New Magdalla,"Pan-Asian, Continental, Punjabi, North, Indian",4.5,66,66,66,800,13.70035097
CAPTAIN EGG,Surat,Sarthana,"Indian, Oriental, Continental",,59,59,59,200,
Cookie Man,Surat,New Magdalla,"Bakery, Desserts, Australian, Snacks, Cafe",,64,64,64,140,
The Barot House,Surat,Piplod,"South, Indian, Street, Food",,65,65,65,200,
Kailash Parbat,Surat,New Magdalla,"Punjabi, Snacks, Chinese, Beverages",3.6,65,65,65,300,14.15457228
Iconic Food Victory,Surat,Piplod,"Chinese, North, Indian, Indian, Biryani, Pastas, Combo, Beverages",,65,65,65,300,
Helli & Chilli Chinese,Surat,Palanpur,Chinese,3.9,61,61,61,250,11.87363751
Lazzetti,Surat,Piplod,Lebanese,,67,67,67,300,
Italian roots,Surat,Piplod,"Italian, Pizzas, Snacks",,69,69,69,250,
Kaka Ni Bhajipav & Fastfood,Surat,Kapodra Patiya,"Fast, Food, Punjabi, Chinese",4.1,51,51,51,120,18.92199412
THE AMORE BANQUETS,Surat,Piplod,"North, Indian, Punjabi",,65,65,65,400,
Kinaara - The Cafe,Surat,New Magdalla,"Fast, Food, Chinese, Italian, Beverages, Desserts",4.2,61,61,61,500,16.51366766
Nicks Kitcchen,Surat,Piplod,"Indian, Desserts",,65,65,65,200,
Moonlight Creamery ,Surat,Nana Varachha,"Ice, Cream, Desserts, Beverages, Snacks",,55,55,55,60,
Icecream House,Surat,Nana Varachha,"Ice, Cream, Beverages, Desserts",3.4,52,52,52,80,10.35137629
Akshar fast food,Surat,Nana Varachha,"Fast, Food, Chinese",3.5,53,53,53,200,13.76138971
Kitchens Badshah,Surat,Vesu,"North, Indian, Punjabi",4.3,61,61,61,400,19.84501822
Tulsi Restaurant Amroli,Surat,Amroli,"North, Indian",4.3,54,54,54,500,19.84501822
Ajay s,Surat,Sarthana,"Italian, North, Indian",,62,62,62,200,
Laxmi Chinese,Surat,Nana Varachha,"Chinese, Fast, Food",,61,61,61,300,
Amardeep Icecream & Juices,Surat,Amroli,Desserts,4.7,56,56,56,200,14.30925546
ENGINE CAFE,Surat,Piplod,"Indian, Continental, Chinese",4,61,61,61,200,15.72730253
Hello Shake,Surat,Dahin Nagar,"Beverages, Juices, Snacks",,65,65,65,300,
Brown Burger Co.,Surat,Dahin Nagar,"American, Fast, Food, Pizzas, Desserts, Ice, Cream, Snacks",,66,66,66,300,
Bring Me Coffee,Surat,Piplod,"Cafe, Fast, Food",,68,68,68,500,
Kailash Fast Food,Surat,Uttran,"Fast, Food",,61,61,61,150,
S Kumar Sandwich Amroli,Surat,Amroli,"Fast, Food",4.5,58,58,58,150,17.69321535
Bombay Blue,Surat,Magdalla,"North, Indian, Chinese, Desserts",,70,70,70,800,
JK's food corner,Surat,varachha,"Chinese, Pizzas",,71,71,71,200,
Sai Pavbhaji & Chinese,Surat,Sarthana,"South, Indian, Fast, Food, Chinese",3.9,65,65,65,200,11.87363751
Mr P egg world,Surat,Nana Varachha,Indian,,61,61,61,199,
Modi s Punjabi Tadka,Surat,Sarthana,"Punjabi, Indian",,63,63,63,250,
Dr Pizza & Foods,Surat,Nana Varachha,"Fast, Food, Pizzas, Chinese",,59,59,59,250,
Monpara Fastfood & Coldrinks,Surat,Nana Varachha,"Punjabi, Chinese, South, Indian",,61,61,61,100,
CRACKED EGG,Surat,Mota Varachha,Indian,,65,65,65,300,
Laziz Pizza - Platinum Point,Surat,Mota Varachha,"Pizzas, Fast, Food",3.9,66,66,66,400,15.33411997
Lk Master Non-Veg,Surat,Dahin Nagar,Gujarati,4.2,75,75,75,350,19.38350617
SHREE ANNAPOORNA FAMILY RESTAURANT,Surat,Mota Varachha,"Indian, Chinese, South, Indian, Punjabi, Fast, Food",4.6,62,62,62,250,14.00480321
BOMBAY GRILL,Surat,Mota Varachha,"Pizzas, Fast, Food",,64,64,64,400,
Eggs Cafe,Surat,Adajan,Indian,,82,82,82,300,
Raja Omelette 2,Surat,Amroli,"Fast, Food",,66,66,66,200,
RAJWADU KATHIYAWADI RESTAURANT,Surat,Adajan,"Gujarati, Indian, Fast, Food, Pizzas, Beverages",,77,77,77,300,
Concord Restaurant,Surat,Adajan,"North, Indian",4,72,72,72,300,18.46048207
5 Hot Chillis Pizza & Mocktail bar,Surat,Sarthana,"Italian, Fast, Food",,70,70,70,200,
SHIVA GARDEN RESTAURANT,Surat,Sarthana,Indian,,66,66,66,200,
Waterbomb pani-puri shop,Surat,Sarthana,Snacks,,67,67,67,155,
